date,area,category,dose,vaccine_type,new_doses,cumulative_doses,cumulative_doses_per100,denominator
2021-04-16,北海道,医療,1回目,合計,56808.0,56808,,
2021-04-16,北海道,医療,2回目,合計,35371.0,35371,,
2021-04-16,北海道,医療,合計,合計,92179.0,92179,,
2021-04-23,北海道,医療,1回目,合計,15382.0,72190,,
2021-04-23,北海道,医療,2回目,合計,8304.0,43675,,
2021-04-23,北海道,医療,合計,合計,23686.0,115865,,
2021-04-30,北海道,医療,1回目,合計,23681.0,95871,,
2021-04-30,北海道,医療,2回目,合計,6562.0,50237,,
2021-04-30,北海道,医療,合計,合計,30243.0,146108,,
2021-05-07,北海道,医療,1回目,合計,14486.0,110357,,
2021-05-07,北海道,医療,2回目,合計,4028.0,54265,,
2021-05-07,北海道,医療,合計,合計,18514.0,164622,,
2021-05-21,北海道,医療,1回目,合計,64624.0,174981,,
2021-05-21,北海道,医療,2回目,合計,37452.0,91717,,
2021-05-21,北海道,医療,合計,合計,102076.0,266698,,
2021-05-28,北海道,医療,1回目,合計,31735.0,206716,,
2021-05-28,北海道,医療,2回目,合計,14821.0,106538,,
2021-05-28,北海道,医療,合計,合計,46556.0,313254,,
2021-06-04,北海道,医療,1回目,合計,23930.0,230646,,
2021-06-04,北海道,医療,2回目,合計,27381.0,133919,,
2021-06-04,北海道,医療,合計,合計,51311.0,364565,,
2021-06-11,北海道,医療,1回目,合計,19440.0,250086,,
2021-06-11,北海道,医療,2回目,合計,36613.0,170532,,
2021-06-11,北海道,医療,合計,合計,56053.0,420618,,
2021-06-18,北海道,医療,1回目,合計,21850.0,271936,,
2021-06-18,北海道,医療,2回目,合計,36636.0,207168,,
2021-06-18,北海道,医療,合計,合計,58486.0,479104,,
2021-06-25,北海道,医療,1回目,合計,16325.0,288261,,
2021-06-25,北海道,医療,2回目,合計,23015.0,230183,,
2021-06-25,北海道,医療,合計,合計,39340.0,518444,,
2021-07-02,北海道,医療,1回目,合計,11895.0,300156,,
2021-07-02,北海道,医療,2回目,合計,17896.0,248079,,
2021-07-02,北海道,医療,合計,合計,29791.0,548235,,
2021-07-12,北海道,医療,1回目,合計,14752.0,314908,,
2021-07-12,北海道,医療,2回目,合計,17319.0,265398,,
2021-07-12,北海道,医療,合計,合計,32071.0,580306,,
2021-07-19,北海道,医療,1回目,合計,7466.0,322374,,
2021-07-19,北海道,医療,2回目,合計,12282.0,277680,,
2021-07-19,北海道,医療,合計,合計,19748.0,600054,,
2021-07-26,北海道,医療,1回目,合計,4087.0,326461,,
2021-07-26,北海道,医療,2回目,合計,8542.0,286222,,
2021-07-26,北海道,医療,合計,合計,12629.0,612683,,
2021-07-30,北海道,医療,1回目,合計,2660.0,329121,,
2021-07-30,北海道,医療,2回目,合計,6667.0,292889,,
2021-07-30,北海道,医療,合計,合計,9327.0,622010,,
2021-04-16,青森県,医療,1回目,合計,13239.0,13239,,
2021-04-16,青森県,医療,2回目,合計,7565.0,7565,,
2021-04-16,青森県,医療,合計,合計,20804.0,20804,,
2021-04-23,青森県,医療,1回目,合計,5204.0,18443,,
2021-04-23,青森県,医療,2回目,合計,2334.0,9899,,
2021-04-23,青森県,医療,合計,合計,7538.0,28342,,
2021-04-30,青森県,医療,1回目,合計,8494.0,26937,,
2021-04-30,青森県,医療,2回目,合計,1610.0,11509,,
2021-04-30,青森県,医療,合計,合計,10104.0,38446,,
2021-05-07,青森県,医療,1回目,合計,3273.0,30210,,
2021-05-07,青森県,医療,2回目,合計,1352.0,12861,,
2021-05-07,青森県,医療,合計,合計,4625.0,43071,,
2021-05-21,青森県,医療,1回目,合計,10428.0,40638,,
2021-05-21,青森県,医療,2回目,合計,13291.0,26152,,
2021-05-21,青森県,医療,合計,合計,23719.0,66790,,
2021-05-28,青森県,医療,1回目,合計,6618.0,47256,,
2021-05-28,青森県,医療,2回目,合計,2899.0,29051,,
2021-05-28,青森県,医療,合計,合計,9517.0,76307,,
2021-06-04,青森県,医療,1回目,合計,5738.0,52994,,
2021-06-04,青森県,医療,2回目,合計,4835.0,33886,,
2021-06-04,青森県,医療,合計,合計,10573.0,86880,,
2021-06-11,青森県,医療,1回目,合計,1751.0,54745,,
2021-06-11,青森県,医療,2回目,合計,4803.0,38689,,
2021-06-11,青森県,医療,合計,合計,6554.0,93434,,
2021-06-18,青森県,医療,1回目,合計,3054.0,57799,,
2021-06-18,青森県,医療,2回目,合計,6125.0,44814,,
2021-06-18,青森県,医療,合計,合計,9179.0,102613,,
2021-06-25,青森県,医療,1回目,合計,2510.0,60309,,
2021-06-25,青森県,医療,2回目,合計,4688.0,49502,,
2021-06-25,青森県,医療,合計,合計,7198.0,109811,,
2021-07-02,青森県,医療,1回目,合計,2066.0,62375,,
2021-07-02,青森県,医療,2回目,合計,2811.0,52313,,
2021-07-02,青森県,医療,合計,合計,4877.0,114688,,
2021-07-12,青森県,医療,1回目,合計,1898.0,64273,,
2021-07-12,青森県,医療,2回目,合計,2451.0,54764,,
2021-07-12,青森県,医療,合計,合計,4349.0,119037,,
2021-07-19,青森県,医療,1回目,合計,2546.0,66819,,
2021-07-19,青森県,医療,2回目,合計,3499.0,58263,,
2021-07-19,青森県,医療,合計,合計,6045.0,125082,,
2021-07-26,青森県,医療,1回目,合計,410.0,67229,,
2021-07-26,青森県,医療,2回目,合計,746.0,59009,,
2021-07-26,青森県,医療,合計,合計,1156.0,126238,,
2021-07-30,青森県,医療,1回目,合計,443.0,67672,,
2021-07-30,青森県,医療,2回目,合計,954.0,59963,,
2021-07-30,青森県,医療,合計,合計,1397.0,127635,,
2021-04-16,岩手県,医療,1回目,合計,12800.0,12800,,
2021-04-16,岩手県,医療,2回目,合計,8726.0,8726,,
2021-04-16,岩手県,医療,合計,合計,21526.0,21526,,
2021-04-23,岩手県,医療,1回目,合計,8993.0,21793,,
2021-04-23,岩手県,医療,2回目,合計,556.0,9282,,
2021-04-23,岩手県,医療,合計,合計,9549.0,31075,,
2021-04-30,岩手県,医療,1回目,合計,8229.0,30022,,
2021-04-30,岩手県,医療,2回目,合計,1322.0,10604,,
2021-04-30,岩手県,医療,合計,合計,9551.0,40626,,
2021-05-07,岩手県,医療,1回目,合計,7827.0,37849,,
2021-05-07,岩手県,医療,2回目,合計,1190.0,11794,,
2021-05-07,岩手県,医療,合計,合計,9017.0,49643,,
2021-05-21,岩手県,医療,1回目,合計,8741.0,46590,,
2021-05-21,岩手県,医療,2回目,合計,18629.0,30423,,
2021-05-21,岩手県,医療,合計,合計,27370.0,77013,,
2021-05-28,岩手県,医療,1回目,合計,4014.0,50604,,
2021-05-28,岩手県,医療,2回目,合計,7104.0,37527,,
2021-05-28,岩手県,医療,合計,合計,11118.0,88131,,
2021-06-04,岩手県,医療,1回目,合計,2026.0,52630,,
2021-06-04,岩手県,医療,2回目,合計,4682.0,42209,,
2021-06-04,岩手県,医療,合計,合計,6708.0,94839,,
2021-06-11,岩手県,医療,1回目,合計,3285.0,55915,,
2021-06-11,岩手県,医療,2回目,合計,3902.0,46111,,
2021-06-11,岩手県,医療,合計,合計,7187.0,102026,,
2021-06-18,岩手県,医療,1回目,合計,4326.0,60241,,
2021-06-18,岩手県,医療,2回目,合計,3380.0,49491,,
2021-06-18,岩手県,医療,合計,合計,7706.0,109732,,
2021-06-25,岩手県,医療,1回目,合計,3301.0,63542,,
2021-06-25,岩手県,医療,2回目,合計,3667.0,53158,,
2021-06-25,岩手県,医療,合計,合計,6968.0,116700,,
2021-07-02,岩手県,医療,1回目,合計,1973.0,65515,,
2021-07-02,岩手県,医療,2回目,合計,3534.0,56692,,
2021-07-02,岩手県,医療,合計,合計,5507.0,122207,,
2021-07-12,岩手県,医療,1回目,合計,4093.0,69608,,
2021-07-12,岩手県,医療,2回目,合計,2706.0,59398,,
2021-07-12,岩手県,医療,合計,合計,6799.0,129006,,
2021-07-19,岩手県,医療,1回目,合計,1778.0,71386,,
2021-07-19,岩手県,医療,2回目,合計,1775.0,61173,,
2021-07-19,岩手県,医療,合計,合計,3553.0,132559,,
2021-07-26,岩手県,医療,1回目,合計,586.0,71972,,
2021-07-26,岩手県,医療,2回目,合計,1208.0,62381,,
2021-07-26,岩手県,医療,合計,合計,1794.0,134353,,
2021-07-30,岩手県,医療,1回目,合計,466.0,72438,,
2021-07-30,岩手県,医療,2回目,合計,1521.0,63902,,
2021-07-30,岩手県,医療,合計,合計,1987.0,136340,,
2021-04-16,宮城県,医療,1回目,合計,20463.0,20463,,
2021-04-16,宮城県,医療,2回目,合計,14760.0,14760,,
2021-04-16,宮城県,医療,合計,合計,35223.0,35223,,
2021-04-23,宮城県,医療,1回目,合計,12619.0,33082,,
2021-04-23,宮城県,医療,2回目,合計,2121.0,16881,,
2021-04-23,宮城県,医療,合計,合計,14740.0,49963,,
2021-04-30,宮城県,医療,1回目,合計,15178.0,48260,,
2021-04-30,宮城県,医療,2回目,合計,2005.0,18886,,
2021-04-30,宮城県,医療,合計,合計,17183.0,67146,,
2021-05-07,宮城県,医療,1回目,合計,5860.0,54120,,
2021-05-07,宮城県,医療,2回目,合計,1055.0,19941,,
2021-05-07,宮城県,医療,合計,合計,6915.0,74061,,
2021-05-21,宮城県,医療,1回目,合計,21128.0,75248,,
2021-05-21,宮城県,医療,2回目,合計,25118.0,45059,,
2021-05-21,宮城県,医療,合計,合計,46246.0,120307,,
2021-05-28,宮城県,医療,1回目,合計,8306.0,83554,,
2021-05-28,宮城県,医療,2回目,合計,7370.0,52429,,
2021-05-28,宮城県,医療,合計,合計,15676.0,135983,,
2021-06-04,宮城県,医療,1回目,合計,7546.0,91100,,
2021-06-04,宮城県,医療,2回目,合計,11307.0,63736,,
2021-06-04,宮城県,医療,合計,合計,18853.0,154836,,
2021-06-11,宮城県,医療,1回目,合計,11104.0,102204,,
2021-06-11,宮城県,医療,2回目,合計,10872.0,74608,,
2021-06-11,宮城県,医療,合計,合計,21976.0,176812,,
2021-06-18,宮城県,医療,1回目,合計,16137.0,118341,,
2021-06-18,宮城県,医療,2回目,合計,6323.0,80931,,
2021-06-18,宮城県,医療,合計,合計,22460.0,199272,,
2021-06-25,宮城県,医療,1回目,合計,13257.0,131598,,
2021-06-25,宮城県,医療,2回目,合計,6919.0,87850,,
2021-06-25,宮城県,医療,合計,合計,20176.0,219448,,
2021-07-02,宮城県,医療,1回目,合計,3866.0,135464,,
2021-07-02,宮城県,医療,2回目,合計,5822.0,93672,,
2021-07-02,宮城県,医療,合計,合計,9688.0,229136,,
2021-07-12,宮城県,医療,1回目,合計,6223.0,141687,,
2021-07-12,宮城県,医療,2回目,合計,12116.0,105788,,
2021-07-12,宮城県,医療,合計,合計,18339.0,247475,,
2021-07-19,宮城県,医療,1回目,合計,3951.0,145638,,
2021-07-19,宮城県,医療,2回目,合計,11497.0,117285,,
2021-07-19,宮城県,医療,合計,合計,15448.0,262923,,
2021-07-26,宮城県,医療,1回目,合計,2860.0,148498,,
2021-07-26,宮城県,医療,2回目,合計,7753.0,125038,,
2021-07-26,宮城県,医療,合計,合計,10613.0,273536,,
2021-07-30,宮城県,医療,1回目,合計,2514.0,151012,,
2021-07-30,宮城県,医療,2回目,合計,3208.0,128246,,
2021-07-30,宮城県,医療,合計,合計,5722.0,279258,,
2021-04-16,秋田県,医療,1回目,合計,11795.0,11795,,
2021-04-16,秋田県,医療,2回目,合計,7145.0,7145,,
2021-04-16,秋田県,医療,合計,合計,18940.0,18940,,
2021-04-23,秋田県,医療,1回目,合計,6418.0,18213,,
2021-04-23,秋田県,医療,2回目,合計,1146.0,8291,,
2021-04-23,秋田県,医療,合計,合計,7564.0,26504,,
2021-04-30,秋田県,医療,1回目,合計,5606.0,23819,,
2021-04-30,秋田県,医療,2回目,合計,2580.0,10871,,
2021-04-30,秋田県,医療,合計,合計,8186.0,34690,,
2021-05-07,秋田県,医療,1回目,合計,1144.0,24963,,
2021-05-07,秋田県,医療,2回目,合計,959.0,11830,,
2021-05-07,秋田県,医療,合計,合計,2103.0,36793,,
2021-05-21,秋田県,医療,1回目,合計,7020.0,31983,,
2021-05-21,秋田県,医療,2回目,合計,11795.0,23625,,
2021-05-21,秋田県,医療,合計,合計,18815.0,55608,,
2021-05-28,秋田県,医療,1回目,合計,5132.0,37115,,
2021-05-28,秋田県,医療,2回目,合計,985.0,24610,,
2021-05-28,秋田県,医療,合計,合計,6117.0,61725,,
2021-06-04,秋田県,医療,1回目,合計,3764.0,40879,,
2021-06-04,秋田県,医療,2回目,合計,3550.0,28160,,
2021-06-04,秋田県,医療,合計,合計,7314.0,69039,,
2021-06-11,秋田県,医療,1回目,合計,3001.0,43880,,
2021-06-11,秋田県,医療,2回目,合計,4178.0,32338,,
2021-06-11,秋田県,医療,合計,合計,7179.0,76218,,
2021-06-18,秋田県,医療,1回目,合計,1719.0,45599,,
2021-06-18,秋田県,医療,2回目,合計,3883.0,36221,,
2021-06-18,秋田県,医療,合計,合計,5602.0,81820,,
2021-06-25,秋田県,医療,1回目,合計,3579.0,49178,,
2021-06-25,秋田県,医療,2回目,合計,3573.0,39794,,
2021-06-25,秋田県,医療,合計,合計,7152.0,88972,,
2021-07-02,秋田県,医療,1回目,合計,2580.0,51758,,
2021-07-02,秋田県,医療,2回目,合計,829.0,40623,,
2021-07-02,秋田県,医療,合計,合計,3409.0,92381,,
2021-07-12,秋田県,医療,1回目,合計,2852.0,54610,,
2021-07-12,秋田県,医療,2回目,合計,3388.0,44011,,
2021-07-12,秋田県,医療,合計,合計,6240.0,98621,,
2021-07-19,秋田県,医療,1回目,合計,1733.0,56343,,
2021-07-19,秋田県,医療,2回目,合計,3776.0,47787,,
2021-07-19,秋田県,医療,合計,合計,5509.0,104130,,
2021-07-26,秋田県,医療,1回目,合計,710.0,57053,,
2021-07-26,秋田県,医療,2回目,合計,1697.0,49484,,
2021-07-26,秋田県,医療,合計,合計,2407.0,106537,,
2021-07-30,秋田県,医療,1回目,合計,730.0,57783,,
2021-07-30,秋田県,医療,2回目,合計,2701.0,52185,,
2021-07-30,秋田県,医療,合計,合計,3431.0,109968,,
2021-04-16,山形県,医療,1回目,合計,13314.0,13314,,
2021-04-16,山形県,医療,2回目,合計,8168.0,8168,,
2021-04-16,山形県,医療,合計,合計,21482.0,21482,,
2021-04-23,山形県,医療,1回目,合計,4230.0,17544,,
2021-04-23,山形県,医療,2回目,合計,1352.0,9520,,
2021-04-23,山形県,医療,合計,合計,5582.0,27064,,
2021-04-30,山形県,医療,1回目,合計,8776.0,26320,,
2021-04-30,山形県,医療,2回目,合計,2132.0,11652,,
2021-04-30,山形県,医療,合計,合計,10908.0,37972,,
2021-05-07,山形県,医療,1回目,合計,4373.0,30693,,
2021-05-07,山形県,医療,2回目,合計,1282.0,12934,,
2021-05-07,山形県,医療,合計,合計,5655.0,43627,,
2021-05-21,山形県,医療,1回目,合計,8048.0,38741,,
2021-05-21,山形県,医療,2回目,合計,11666.0,24600,,
2021-05-21,山形県,医療,合計,合計,19714.0,63341,,
2021-05-28,山形県,医療,1回目,合計,6055.0,44796,,
2021-05-28,山形県,医療,2回目,合計,6762.0,31362,,
2021-05-28,山形県,医療,合計,合計,12817.0,76158,,
2021-06-04,山形県,医療,1回目,合計,3599.0,48395,,
2021-06-04,山形県,医療,2回目,合計,5088.0,36450,,
2021-06-04,山形県,医療,合計,合計,8687.0,84845,,
2021-06-11,山形県,医療,1回目,合計,2152.0,50547,,
2021-06-11,山形県,医療,2回目,合計,3975.0,40425,,
2021-06-11,山形県,医療,合計,合計,6127.0,90972,,
2021-06-18,山形県,医療,1回目,合計,1933.0,52480,,
2021-06-18,山形県,医療,2回目,合計,2676.0,43101,,
2021-06-18,山形県,医療,合計,合計,4609.0,95581,,
2021-06-25,山形県,医療,1回目,合計,1462.0,53942,,
2021-06-25,山形県,医療,2回目,合計,3084.0,46185,,
2021-06-25,山形県,医療,合計,合計,4546.0,100127,,
2021-07-02,山形県,医療,1回目,合計,1162.0,55104,,
2021-07-02,山形県,医療,2回目,合計,2110.0,48295,,
2021-07-02,山形県,医療,合計,合計,3272.0,103399,,
2021-07-12,山形県,医療,1回目,合計,2512.0,57616,,
2021-07-12,山形県,医療,2回目,合計,2443.0,50738,,
2021-07-12,山形県,医療,合計,合計,4955.0,108354,,
2021-07-19,山形県,医療,1回目,合計,887.0,58503,,
2021-07-19,山形県,医療,2回目,合計,1419.0,52157,,
2021-07-19,山形県,医療,合計,合計,2306.0,110660,,
2021-07-26,山形県,医療,1回目,合計,555.0,59058,,
2021-07-26,山形県,医療,2回目,合計,1247.0,53404,,
2021-07-26,山形県,医療,合計,合計,1802.0,112462,,
2021-07-30,山形県,医療,1回目,合計,453.0,59511,,
2021-07-30,山形県,医療,2回目,合計,1643.0,55047,,
2021-07-30,山形県,医療,合計,合計,2096.0,114558,,
2021-04-16,福島県,医療,1回目,合計,18322.0,18322,,
2021-04-16,福島県,医療,2回目,合計,11096.0,11096,,
2021-04-16,福島県,医療,合計,合計,29418.0,29418,,
2021-04-23,福島県,医療,1回目,合計,5965.0,24287,,
2021-04-23,福島県,医療,2回目,合計,2645.0,13741,,
2021-04-23,福島県,医療,合計,合計,8610.0,38028,,
2021-04-30,福島県,医療,1回目,合計,14362.0,38649,,
2021-04-30,福島県,医療,2回目,合計,3227.0,16968,,
2021-04-30,福島県,医療,合計,合計,17589.0,55617,,
2021-05-07,福島県,医療,1回目,合計,7583.0,46232,,
2021-05-07,福島県,医療,2回目,合計,1442.0,18410,,
2021-05-07,福島県,医療,合計,合計,9025.0,64642,,
2021-05-21,福島県,医療,1回目,合計,16216.0,62448,,
2021-05-21,福島県,医療,2回目,合計,17738.0,36148,,
2021-05-21,福島県,医療,合計,合計,33954.0,98596,,
2021-05-28,福島県,医療,1回目,合計,7269.0,69717,,
2021-05-28,福島県,医療,2回目,合計,10245.0,46393,,
2021-05-28,福島県,医療,合計,合計,17514.0,116110,,
2021-06-04,福島県,医療,1回目,合計,7950.0,77667,,
2021-06-04,福島県,医療,2回目,合計,11914.0,58307,,
2021-06-04,福島県,医療,合計,合計,19864.0,135974,,
2021-06-11,福島県,医療,1回目,合計,7037.0,84704,,
2021-06-11,福島県,医療,2回目,合計,8184.0,66491,,
2021-06-11,福島県,医療,合計,合計,15221.0,151195,,
2021-06-18,福島県,医療,1回目,合計,3520.0,88224,,
2021-06-18,福島県,医療,2回目,合計,4846.0,71337,,
2021-06-18,福島県,医療,合計,合計,8366.0,159561,,
2021-06-25,福島県,医療,1回目,合計,4881.0,93105,,
2021-06-25,福島県,医療,2回目,合計,3959.0,75296,,
2021-06-25,福島県,医療,合計,合計,8840.0,168401,,
2021-07-02,福島県,医療,1回目,合計,3372.0,96477,,
2021-07-02,福島県,医療,2回目,合計,7386.0,82682,,
2021-07-02,福島県,医療,合計,合計,10758.0,179159,,
2021-07-12,福島県,医療,1回目,合計,3144.0,99621,,
2021-07-12,福島県,医療,2回目,合計,5081.0,87763,,
2021-07-12,福島県,医療,合計,合計,8225.0,187384,,
2021-07-19,福島県,医療,1回目,合計,3902.0,103523,,
2021-07-19,福島県,医療,2回目,合計,4781.0,92544,,
2021-07-19,福島県,医療,合計,合計,8683.0,196067,,
2021-07-26,福島県,医療,1回目,合計,1124.0,104647,,
2021-07-26,福島県,医療,2回目,合計,2553.0,95097,,
2021-07-26,福島県,医療,合計,合計,3677.0,199744,,
2021-07-30,福島県,医療,1回目,合計,567.0,105214,,
2021-07-30,福島県,医療,2回目,合計,1812.0,96909,,
2021-07-30,福島県,医療,合計,合計,2379.0,202123,,
2021-04-16,茨城県,医療,1回目,合計,26364.0,26364,,
2021-04-16,茨城県,医療,2回目,合計,17191.0,17191,,
2021-04-16,茨城県,医療,合計,合計,43555.0,43555,,
2021-04-23,茨城県,医療,1回目,合計,14006.0,40370,,
2021-04-23,茨城県,医療,2回目,合計,3149.0,20340,,
2021-04-23,茨城県,医療,合計,合計,17155.0,60710,,
2021-04-30,茨城県,医療,1回目,合計,17076.0,57446,,
2021-04-30,茨城県,医療,2回目,合計,3881.0,24221,,
2021-04-30,茨城県,医療,合計,合計,20957.0,81667,,
2021-05-07,茨城県,医療,1回目,合計,8340.0,65786,,
2021-05-07,茨城県,医療,2回目,合計,1566.0,25787,,
2021-05-07,茨城県,医療,合計,合計,9906.0,91573,,
2021-05-21,茨城県,医療,1回目,合計,26491.0,92277,,
2021-05-21,茨城県,医療,2回目,合計,28862.0,54649,,
2021-05-21,茨城県,医療,合計,合計,55353.0,146926,,
2021-05-28,茨城県,医療,1回目,合計,11554.0,103831,,
2021-05-28,茨城県,医療,2回目,合計,9772.0,64421,,
2021-05-28,茨城県,医療,合計,合計,21326.0,168252,,
2021-06-04,茨城県,医療,1回目,合計,8710.0,112541,,
2021-06-04,茨城県,医療,2回目,合計,11108.0,75529,,
2021-06-04,茨城県,医療,合計,合計,19818.0,188070,,
2021-06-11,茨城県,医療,1回目,合計,8282.0,120823,,
2021-06-11,茨城県,医療,2回目,合計,13663.0,89192,,
2021-06-11,茨城県,医療,合計,合計,21945.0,210015,,
2021-06-18,茨城県,医療,1回目,合計,5779.0,126602,,
2021-06-18,茨城県,医療,2回目,合計,9478.0,98670,,
2021-06-18,茨城県,医療,合計,合計,15257.0,225272,,
2021-06-25,茨城県,医療,1回目,合計,4431.0,131033,,
2021-06-25,茨城県,医療,2回目,合計,5291.0,103961,,
2021-06-25,茨城県,医療,合計,合計,9722.0,234994,,
2021-07-02,茨城県,医療,1回目,合計,4518.0,135551,,
2021-07-02,茨城県,医療,2回目,合計,6603.0,110564,,
2021-07-02,茨城県,医療,合計,合計,11121.0,246115,,
2021-07-12,茨城県,医療,1回目,合計,5072.0,140623,,
2021-07-12,茨城県,医療,2回目,合計,6664.0,117228,,
2021-07-12,茨城県,医療,合計,合計,11736.0,257851,,
2021-07-19,茨城県,医療,1回目,合計,2006.0,142629,,
2021-07-19,茨城県,医療,2回目,合計,4963.0,122191,,
2021-07-19,茨城県,医療,合計,合計,6969.0,264820,,
2021-07-26,茨城県,医療,1回目,合計,1043.0,143672,,
2021-07-26,茨城県,医療,2回目,合計,2307.0,124498,,
2021-07-26,茨城県,医療,合計,合計,3350.0,268170,,
2021-07-30,茨城県,医療,1回目,合計,1518.0,145190,,
2021-07-30,茨城県,医療,2回目,合計,2685.0,127183,,
2021-07-30,茨城県,医療,合計,合計,4203.0,272373,,
2021-04-16,栃木県,医療,1回目,合計,17766.0,17766,,
2021-04-16,栃木県,医療,2回目,合計,11995.0,11995,,
2021-04-16,栃木県,医療,合計,合計,29761.0,29761,,
2021-04-23,栃木県,医療,1回目,合計,10350.0,28116,,
2021-04-23,栃木県,医療,2回目,合計,2721.0,14716,,
2021-04-23,栃木県,医療,合計,合計,13071.0,42832,,
2021-04-30,栃木県,医療,1回目,合計,12325.0,40441,,
2021-04-30,栃木県,医療,2回目,合計,2458.0,17174,,
2021-04-30,栃木県,医療,合計,合計,14783.0,57615,,
2021-05-07,栃木県,医療,1回目,合計,5493.0,45934,,
2021-05-07,栃木県,医療,2回目,合計,467.0,17641,,
2021-05-07,栃木県,医療,合計,合計,5960.0,63575,,
2021-05-21,栃木県,医療,1回目,合計,12138.0,58072,,
2021-05-21,栃木県,医療,2回目,合計,21193.0,38834,,
2021-05-21,栃木県,医療,合計,合計,33331.0,96906,,
2021-05-28,栃木県,医療,1回目,合計,5383.0,63455,,
2021-05-28,栃木県,医療,2回目,合計,5327.0,44161,,
2021-05-28,栃木県,医療,合計,合計,10710.0,107616,,
2021-06-04,栃木県,医療,1回目,合計,4328.0,67783,,
2021-06-04,栃木県,医療,2回目,合計,8166.0,52327,,
2021-06-04,栃木県,医療,合計,合計,12494.0,120110,,
2021-06-11,栃木県,医療,1回目,合計,5442.0,73225,,
2021-06-11,栃木県,医療,2回目,合計,4524.0,56851,,
2021-06-11,栃木県,医療,合計,合計,9966.0,130076,,
2021-06-18,栃木県,医療,1回目,合計,2524.0,75749,,
2021-06-18,栃木県,医療,2回目,合計,3228.0,60079,,
2021-06-18,栃木県,医療,合計,合計,5752.0,135828,,
2021-06-25,栃木県,医療,1回目,合計,1706.0,77455,,
2021-06-25,栃木県,医療,2回目,合計,2777.0,62856,,
2021-06-25,栃木県,医療,合計,合計,4483.0,140311,,
2021-07-02,栃木県,医療,1回目,合計,2027.0,79482,,
2021-07-02,栃木県,医療,2回目,合計,5025.0,67881,,
2021-07-02,栃木県,医療,合計,合計,7052.0,147363,,
2021-07-12,栃木県,医療,1回目,合計,2357.0,81839,,
2021-07-12,栃木県,医療,2回目,合計,3540.0,71421,,
2021-07-12,栃木県,医療,合計,合計,5897.0,153260,,
2021-07-19,栃木県,医療,1回目,合計,1747.0,83586,,
2021-07-19,栃木県,医療,2回目,合計,2033.0,73454,,
2021-07-19,栃木県,医療,合計,合計,3780.0,157040,,
2021-07-26,栃木県,医療,1回目,合計,708.0,84294,,
2021-07-26,栃木県,医療,2回目,合計,1096.0,74550,,
2021-07-26,栃木県,医療,合計,合計,1804.0,158844,,
2021-07-30,栃木県,医療,1回目,合計,876.0,85170,,
2021-07-30,栃木県,医療,2回目,合計,1016.0,75566,,
2021-07-30,栃木県,医療,合計,合計,1892.0,160736,,
2021-04-16,群馬県,医療,1回目,合計,19586.0,19586,,
2021-04-16,群馬県,医療,2回目,合計,11749.0,11749,,
2021-04-16,群馬県,医療,合計,合計,31335.0,31335,,
2021-04-23,群馬県,医療,1回目,合計,9226.0,28812,,
2021-04-23,群馬県,医療,2回目,合計,3500.0,15249,,
2021-04-23,群馬県,医療,合計,合計,12726.0,44061,,
2021-04-30,群馬県,医療,1回目,合計,14340.0,43152,,
2021-04-30,群馬県,医療,2回目,合計,2410.0,17659,,
2021-04-30,群馬県,医療,合計,合計,16750.0,60811,,
2021-05-07,群馬県,医療,1回目,合計,4303.0,47455,,
2021-05-07,群馬県,医療,2回目,合計,1425.0,19084,,
2021-05-07,群馬県,医療,合計,合計,5728.0,66539,,
2021-05-21,群馬県,医療,1回目,合計,15602.0,63057,,
2021-05-21,群馬県,医療,2回目,合計,20763.0,39847,,
2021-05-21,群馬県,医療,合計,合計,36365.0,102904,,
2021-05-28,群馬県,医療,1回目,合計,10912.0,73969,,
2021-05-28,群馬県,医療,2回目,合計,5974.0,45821,,
2021-05-28,群馬県,医療,合計,合計,16886.0,119790,,
2021-06-04,群馬県,医療,1回目,合計,6621.0,80590,,
2021-06-04,群馬県,医療,2回目,合計,6960.0,52781,,
2021-06-04,群馬県,医療,合計,合計,13581.0,133371,,
2021-06-11,群馬県,医療,1回目,合計,6079.0,86669,,
2021-06-11,群馬県,医療,2回目,合計,7934.0,60715,,
2021-06-11,群馬県,医療,合計,合計,14013.0,147384,,
2021-06-18,群馬県,医療,1回目,合計,3602.0,90271,,
2021-06-18,群馬県,医療,2回目,合計,7637.0,68352,,
2021-06-18,群馬県,医療,合計,合計,11239.0,158623,,
2021-06-25,群馬県,医療,1回目,合計,4103.0,94374,,
2021-06-25,群馬県,医療,2回目,合計,6674.0,75026,,
2021-06-25,群馬県,医療,合計,合計,10777.0,169400,,
2021-07-02,群馬県,医療,1回目,合計,2705.0,97079,,
2021-07-02,群馬県,医療,2回目,合計,4810.0,79836,,
2021-07-02,群馬県,医療,合計,合計,7515.0,176915,,
2021-07-12,群馬県,医療,1回目,合計,3044.0,100123,,
2021-07-12,群馬県,医療,2回目,合計,3050.0,82886,,
2021-07-12,群馬県,医療,合計,合計,6094.0,183009,,
2021-07-19,群馬県,医療,1回目,合計,543.0,100666,,
2021-07-19,群馬県,医療,2回目,合計,2613.0,85499,,
2021-07-19,群馬県,医療,合計,合計,3156.0,186165,,
2021-07-26,群馬県,医療,1回目,合計,2635.0,103301,,
2021-07-26,群馬県,医療,2回目,合計,2288.0,87787,,
2021-07-26,群馬県,医療,合計,合計,4923.0,191088,,
2021-07-30,群馬県,医療,1回目,合計,804.0,104105,,
2021-07-30,群馬県,医療,2回目,合計,1711.0,89498,,
2021-07-30,群馬県,医療,合計,合計,2515.0,193603,,
2021-04-16,埼玉県,医療,1回目,合計,52044.0,52044,,
2021-04-16,埼玉県,医療,2回目,合計,29693.0,29693,,
2021-04-16,埼玉県,医療,合計,合計,81737.0,81737,,
2021-04-23,埼玉県,医療,1回目,合計,33252.0,85296,,
2021-04-23,埼玉県,医療,2回目,合計,8199.0,37892,,
2021-04-23,埼玉県,医療,合計,合計,41451.0,123188,,
2021-04-30,埼玉県,医療,1回目,合計,37510.0,122806,,
2021-04-30,埼玉県,医療,2回目,合計,9358.0,47250,,
2021-04-30,埼玉県,医療,合計,合計,46868.0,170056,,
2021-05-07,埼玉県,医療,1回目,合計,21664.0,144470,,
2021-05-07,埼玉県,医療,2回目,合計,4635.0,51885,,
2021-05-07,埼玉県,医療,合計,合計,26299.0,196355,,
2021-05-21,埼玉県,医療,1回目,合計,52572.0,197042,,
2021-05-21,埼玉県,医療,2回目,合計,72211.0,124096,,
2021-05-21,埼玉県,医療,合計,合計,124783.0,321138,,
2021-05-28,埼玉県,医療,1回目,合計,20331.0,217373,,
2021-05-28,埼玉県,医療,2回目,合計,23016.0,147112,,
2021-05-28,埼玉県,医療,合計,合計,43347.0,364485,,
2021-06-04,埼玉県,医療,1回目,合計,17118.0,234491,,
2021-06-04,埼玉県,医療,2回目,合計,25455.0,172567,,
2021-06-04,埼玉県,医療,合計,合計,42573.0,407058,,
2021-06-11,埼玉県,医療,1回目,合計,13731.0,248222,,
2021-06-11,埼玉県,医療,2回目,合計,21414.0,193981,,
2021-06-11,埼玉県,医療,合計,合計,35145.0,442203,,
2021-06-18,埼玉県,医療,1回目,合計,15856.0,264078,,
2021-06-18,埼玉県,医療,2回目,合計,17903.0,211884,,
2021-06-18,埼玉県,医療,合計,合計,33759.0,475962,,
2021-06-25,埼玉県,医療,1回目,合計,14391.0,278469,,
2021-06-25,埼玉県,医療,2回目,合計,14528.0,226412,,
2021-06-25,埼玉県,医療,合計,合計,28919.0,504881,,
2021-07-02,埼玉県,医療,1回目,合計,7566.0,286035,,
2021-07-02,埼玉県,医療,2回目,合計,11019.0,237431,,
2021-07-02,埼玉県,医療,合計,合計,18585.0,523466,,
2021-07-12,埼玉県,医療,1回目,合計,11335.0,297370,,
2021-07-12,埼玉県,医療,2回目,合計,12331.0,249762,,
2021-07-12,埼玉県,医療,合計,合計,23666.0,547132,,
2021-07-19,埼玉県,医療,1回目,合計,9180.0,306550,,
2021-07-19,埼玉県,医療,2回目,合計,10882.0,260644,,
2021-07-19,埼玉県,医療,合計,合計,20062.0,567194,,
2021-07-26,埼玉県,医療,1回目,合計,5712.0,312262,,
2021-07-26,埼玉県,医療,2回目,合計,7888.0,268532,,
2021-07-26,埼玉県,医療,合計,合計,13600.0,580794,,
2021-07-30,埼玉県,医療,1回目,合計,4367.0,316629,,
2021-07-30,埼玉県,医療,2回目,合計,9024.0,277556,,
2021-07-30,埼玉県,医療,合計,合計,13391.0,594185,,
2021-04-16,千葉県,医療,1回目,合計,49198.0,49198,,
2021-04-16,千葉県,医療,2回目,合計,32533.0,32533,,
2021-04-16,千葉県,医療,合計,合計,81731.0,81731,,
2021-04-23,千葉県,医療,1回目,合計,21068.0,70266,,
2021-04-23,千葉県,医療,2回目,合計,4387.0,36920,,
2021-04-23,千葉県,医療,合計,合計,25455.0,107186,,
2021-04-30,千葉県,医療,1回目,合計,32262.0,102528,,
2021-04-30,千葉県,医療,2回目,合計,5787.0,42707,,
2021-04-30,千葉県,医療,合計,合計,38049.0,145235,,
2021-05-07,千葉県,医療,1回目,合計,12729.0,115257,,
2021-05-07,千葉県,医療,2回目,合計,2882.0,45589,,
2021-05-07,千葉県,医療,合計,合計,15611.0,160846,,
2021-05-21,千葉県,医療,1回目,合計,45582.0,160839,,
2021-05-21,千葉県,医療,2回目,合計,50900.0,96489,,
2021-05-21,千葉県,医療,合計,合計,96482.0,257328,,
2021-05-28,千葉県,医療,1回目,合計,22012.0,182851,,
2021-05-28,千葉県,医療,2回目,合計,16507.0,112996,,
2021-05-28,千葉県,医療,合計,合計,38519.0,295847,,
2021-06-04,千葉県,医療,1回目,合計,19168.0,202019,,
2021-06-04,千葉県,医療,2回目,合計,19825.0,132821,,
2021-06-04,千葉県,医療,合計,合計,38993.0,334840,,
2021-06-11,千葉県,医療,1回目,合計,18356.0,220375,,
2021-06-11,千葉県,医療,2回目,合計,25409.0,158230,,
2021-06-11,千葉県,医療,合計,合計,43765.0,378605,,
2021-06-18,千葉県,医療,1回目,合計,13762.0,234137,,
2021-06-18,千葉県,医療,2回目,合計,17726.0,175956,,
2021-06-18,千葉県,医療,合計,合計,31488.0,410093,,
2021-06-25,千葉県,医療,1回目,合計,12469.0,246606,,
2021-06-25,千葉県,医療,2回目,合計,16414.0,192370,,
2021-06-25,千葉県,医療,合計,合計,28883.0,438976,,
2021-07-02,千葉県,医療,1回目,合計,7341.0,253947,,
2021-07-02,千葉県,医療,2回目,合計,13771.0,206141,,
2021-07-02,千葉県,医療,合計,合計,21112.0,460088,,
2021-07-12,千葉県,医療,1回目,合計,8145.0,262092,,
2021-07-12,千葉県,医療,2回目,合計,12628.0,218769,,
2021-07-12,千葉県,医療,合計,合計,20773.0,480861,,
2021-07-19,千葉県,医療,1回目,合計,4964.0,267056,,
2021-07-19,千葉県,医療,2回目,合計,10231.0,229000,,
2021-07-19,千葉県,医療,合計,合計,15195.0,496056,,
2021-07-26,千葉県,医療,1回目,合計,2456.0,269512,,
2021-07-26,千葉県,医療,2回目,合計,5361.0,234361,,
2021-07-26,千葉県,医療,合計,合計,7817.0,503873,,
2021-07-30,千葉県,医療,1回目,合計,1249.0,270761,,
2021-07-30,千葉県,医療,2回目,合計,5258.0,239619,,
2021-07-30,千葉県,医療,合計,合計,6507.0,510380,,
2021-04-16,東京都,医療,1回目,合計,117683.0,117683,,
2021-04-16,東京都,医療,2回目,合計,63168.0,63168,,
2021-04-16,東京都,医療,合計,合計,180851.0,180851,,
2021-04-23,東京都,医療,1回目,合計,55597.0,173280,,
2021-04-23,東京都,医療,2回目,合計,18065.0,81233,,
2021-04-23,東京都,医療,合計,合計,73662.0,254513,,
2021-04-30,東京都,医療,1回目,合計,77912.0,251192,,
2021-04-30,東京都,医療,2回目,合計,21580.0,102813,,
2021-04-30,東京都,医療,合計,合計,99492.0,354005,,
2021-05-07,東京都,医療,1回目,合計,39271.0,290463,,
2021-05-07,東京都,医療,2回目,合計,11707.0,114520,,
2021-05-07,東京都,医療,合計,合計,50978.0,404983,,
2021-05-21,東京都,医療,1回目,合計,95562.0,386025,,
2021-05-21,東京都,医療,2回目,合計,131385.0,245905,,
2021-05-21,東京都,医療,合計,合計,226947.0,631930,,
2021-05-28,東京都,医療,1回目,合計,53057.0,439082,,
2021-05-28,東京都,医療,2回目,合計,52526.0,298431,,
2021-05-28,東京都,医療,合計,合計,105583.0,737513,,
2021-06-04,東京都,医療,1回目,合計,30790.0,469872,,
2021-06-04,東京都,医療,2回目,合計,46652.0,345083,,
2021-06-04,東京都,医療,合計,合計,77442.0,814955,,
2021-06-11,東京都,医療,1回目,合計,32314.0,502186,,
2021-06-11,東京都,医療,2回目,合計,41475.0,386558,,
2021-06-11,東京都,医療,合計,合計,73789.0,888744,,
2021-06-18,東京都,医療,1回目,合計,26854.0,529040,,
2021-06-18,東京都,医療,2回目,合計,31800.0,418358,,
2021-06-18,東京都,医療,合計,合計,58654.0,947398,,
2021-06-25,東京都,医療,1回目,合計,18996.0,548036,,
2021-06-25,東京都,医療,2回目,合計,28515.0,446873,,
2021-06-25,東京都,医療,合計,合計,47511.0,994909,,
2021-07-02,東京都,医療,1回目,合計,22708.0,570744,,
2021-07-02,東京都,医療,2回目,合計,30560.0,477433,,
2021-07-02,東京都,医療,合計,合計,53268.0,1048177,,
2021-07-12,東京都,医療,1回目,合計,19058.0,589802,,
2021-07-12,東京都,医療,2回目,合計,24185.0,501618,,
2021-07-12,東京都,医療,合計,合計,43243.0,1091420,,
2021-07-19,東京都,医療,1回目,合計,10348.0,600150,,
2021-07-19,東京都,医療,2回目,合計,21072.0,522690,,
2021-07-19,東京都,医療,合計,合計,31420.0,1122840,,
2021-07-26,東京都,医療,1回目,合計,6614.0,606764,,
2021-07-26,東京都,医療,2回目,合計,15090.0,537780,,
2021-07-26,東京都,医療,合計,合計,21704.0,1144544,,
2021-07-30,東京都,医療,1回目,合計,3720.0,610484,,
2021-07-30,東京都,医療,2回目,合計,8165.0,545945,,
2021-07-30,東京都,医療,合計,合計,11885.0,1156429,,
2021-04-16,神奈川県,医療,1回目,合計,50264.0,50264,,
2021-04-16,神奈川県,医療,2回目,合計,28998.0,28998,,
2021-04-16,神奈川県,医療,合計,合計,79262.0,79262,,
2021-04-23,神奈川県,医療,1回目,合計,28775.0,79039,,
2021-04-23,神奈川県,医療,2回目,合計,5721.0,34719,,
2021-04-23,神奈川県,医療,合計,合計,34496.0,113758,,
2021-04-30,神奈川県,医療,1回目,合計,56224.0,135263,,
2021-04-30,神奈川県,医療,2回目,合計,5671.0,40390,,
2021-04-30,神奈川県,医療,合計,合計,61895.0,175653,,
2021-05-07,神奈川県,医療,1回目,合計,32708.0,167971,,
2021-05-07,神奈川県,医療,2回目,合計,7333.0,47723,,
2021-05-07,神奈川県,医療,合計,合計,40041.0,215694,,
2021-05-21,神奈川県,医療,1回目,合計,61532.0,229503,,
2021-05-21,神奈川県,医療,2回目,合計,84057.0,131780,,
2021-05-21,神奈川県,医療,合計,合計,145589.0,361283,,
2021-05-28,神奈川県,医療,1回目,合計,29271.0,258774,,
2021-05-28,神奈川県,医療,2回目,合計,37930.0,169710,,
2021-05-28,神奈川県,医療,合計,合計,67201.0,428484,,
2021-06-04,神奈川県,医療,1回目,合計,29920.0,288694,,
2021-06-04,神奈川県,医療,2回目,合計,33634.0,203344,,
2021-06-04,神奈川県,医療,合計,合計,63554.0,492038,,
2021-06-11,神奈川県,医療,1回目,合計,23782.0,312476,,
2021-06-11,神奈川県,医療,2回目,合計,25300.0,228644,,
2021-06-11,神奈川県,医療,合計,合計,49082.0,541120,,
2021-06-18,神奈川県,医療,1回目,合計,19328.0,331804,,
2021-06-18,神奈川県,医療,2回目,合計,23199.0,251843,,
2021-06-18,神奈川県,医療,合計,合計,42527.0,583647,,
2021-06-25,神奈川県,医療,1回目,合計,14379.0,346183,,
2021-06-25,神奈川県,医療,2回目,合計,34520.0,286363,,
2021-06-25,神奈川県,医療,合計,合計,48899.0,632546,,
2021-07-02,神奈川県,医療,1回目,合計,13929.0,360112,,
2021-07-02,神奈川県,医療,2回目,合計,13108.0,299471,,
2021-07-02,神奈川県,医療,合計,合計,27037.0,659583,,
2021-07-12,神奈川県,医療,1回目,合計,11931.0,372043,,
2021-07-12,神奈川県,医療,2回目,合計,20532.0,320003,,
2021-07-12,神奈川県,医療,合計,合計,32463.0,692046,,
2021-07-19,神奈川県,医療,1回目,合計,12298.0,384341,,
2021-07-19,神奈川県,医療,2回目,合計,12916.0,332919,,
2021-07-19,神奈川県,医療,合計,合計,25214.0,717260,,
2021-07-26,神奈川県,医療,1回目,合計,5306.0,389647,,
2021-07-26,神奈川県,医療,2回目,合計,8350.0,341269,,
2021-07-26,神奈川県,医療,合計,合計,13656.0,730916,,
2021-07-30,神奈川県,医療,1回目,合計,6759.0,396406,,
2021-07-30,神奈川県,医療,2回目,合計,6786.0,348055,,
2021-07-30,神奈川県,医療,合計,合計,13545.0,744461,,
2021-04-16,新潟県,医療,1回目,合計,22757.0,22757,,
2021-04-16,新潟県,医療,2回目,合計,11211.0,11211,,
2021-04-16,新潟県,医療,合計,合計,33968.0,33968,,
2021-04-23,新潟県,医療,1回目,合計,12662.0,35419,,
2021-04-23,新潟県,医療,2回目,合計,3120.0,14331,,
2021-04-23,新潟県,医療,合計,合計,15782.0,49750,,
2021-04-30,新潟県,医療,1回目,合計,14678.0,50097,,
2021-04-30,新潟県,医療,2回目,合計,3925.0,18256,,
2021-04-30,新潟県,医療,合計,合計,18603.0,68353,,
2021-05-07,新潟県,医療,1回目,合計,6155.0,56252,,
2021-05-07,新潟県,医療,2回目,合計,2162.0,20418,,
2021-05-07,新潟県,医療,合計,合計,8317.0,76670,,
2021-05-21,新潟県,医療,1回目,合計,10719.0,66971,,
2021-05-21,新潟県,医療,2回目,合計,28365.0,48783,,
2021-05-21,新潟県,医療,合計,合計,39084.0,115754,,
2021-05-28,新潟県,医療,1回目,合計,7322.0,74293,,
2021-05-28,新潟県,医療,2回目,合計,5199.0,53982,,
2021-05-28,新潟県,医療,合計,合計,12521.0,128275,,
2021-06-04,新潟県,医療,1回目,合計,7525.0,81818,,
2021-06-04,新潟県,医療,2回目,合計,5360.0,59342,,
2021-06-04,新潟県,医療,合計,合計,12885.0,141160,,
2021-06-11,新潟県,医療,1回目,合計,9566.0,91384,,
2021-06-11,新潟県,医療,2回目,合計,5606.0,64948,,
2021-06-11,新潟県,医療,合計,合計,15172.0,156332,,
2021-06-18,新潟県,医療,1回目,合計,5052.0,96436,,
2021-06-18,新潟県,医療,2回目,合計,7264.0,72212,,
2021-06-18,新潟県,医療,合計,合計,12316.0,168648,,
2021-06-25,新潟県,医療,1回目,合計,8095.0,104531,,
2021-06-25,新潟県,医療,2回目,合計,6437.0,78649,,
2021-06-25,新潟県,医療,合計,合計,14532.0,183180,,
2021-07-02,新潟県,医療,1回目,合計,5464.0,109995,,
2021-07-02,新潟県,医療,2回目,合計,5800.0,84449,,
2021-07-02,新潟県,医療,合計,合計,11264.0,194444,,
2021-07-12,新潟県,医療,1回目,合計,5111.0,115106,,
2021-07-12,新潟県,医療,2回目,合計,3882.0,88331,,
2021-07-12,新潟県,医療,合計,合計,8993.0,203437,,
2021-07-19,新潟県,医療,1回目,合計,3007.0,118113,,
2021-07-19,新潟県,医療,2回目,合計,4373.0,92704,,
2021-07-19,新潟県,医療,合計,合計,7380.0,210817,,
2021-07-26,新潟県,医療,1回目,合計,1954.0,120067,,
2021-07-26,新潟県,医療,2回目,合計,2756.0,95460,,
2021-07-26,新潟県,医療,合計,合計,4710.0,215527,,
2021-07-30,新潟県,医療,1回目,合計,598.0,120665,,
2021-07-30,新潟県,医療,2回目,合計,3252.0,98712,,
2021-07-30,新潟県,医療,合計,合計,3850.0,219377,,
2021-04-16,富山県,医療,1回目,合計,12278.0,12278,,
2021-04-16,富山県,医療,2回目,合計,8088.0,8088,,
2021-04-16,富山県,医療,合計,合計,20366.0,20366,,
2021-04-23,富山県,医療,1回目,合計,6073.0,18351,,
2021-04-23,富山県,医療,2回目,合計,965.0,9053,,
2021-04-23,富山県,医療,合計,合計,7038.0,27404,,
2021-04-30,富山県,医療,1回目,合計,9753.0,28104,,
2021-04-30,富山県,医療,2回目,合計,1466.0,10519,,
2021-04-30,富山県,医療,合計,合計,11219.0,38623,,
2021-05-07,富山県,医療,1回目,合計,2690.0,30794,,
2021-05-07,富山県,医療,2回目,合計,1442.0,11961,,
2021-05-07,富山県,医療,合計,合計,4132.0,42755,,
2021-05-21,富山県,医療,1回目,合計,7701.0,38495,,
2021-05-21,富山県,医療,2回目,合計,14479.0,26440,,
2021-05-21,富山県,医療,合計,合計,22180.0,64935,,
2021-05-28,富山県,医療,1回目,合計,4880.0,43375,,
2021-05-28,富山県,医療,2回目,合計,3304.0,29744,,
2021-05-28,富山県,医療,合計,合計,8184.0,73119,,
2021-06-04,富山県,医療,1回目,合計,2151.0,45526,,
2021-06-04,富山県,医療,2回目,合計,4056.0,33800,,
2021-06-04,富山県,医療,合計,合計,6207.0,79326,,
2021-06-11,富山県,医療,1回目,合計,1866.0,47392,,
2021-06-11,富山県,医療,2回目,合計,2821.0,36621,,
2021-06-11,富山県,医療,合計,合計,4687.0,84013,,
2021-06-18,富山県,医療,1回目,合計,2466.0,49858,,
2021-06-18,富山県,医療,2回目,合計,3886.0,40507,,
2021-06-18,富山県,医療,合計,合計,6352.0,90365,,
2021-06-25,富山県,医療,1回目,合計,1968.0,51826,,
2021-06-25,富山県,医療,2回目,合計,3724.0,44231,,
2021-06-25,富山県,医療,合計,合計,5692.0,96057,,
2021-07-02,富山県,医療,1回目,合計,1736.0,53562,,
2021-07-02,富山県,医療,2回目,合計,2444.0,46675,,
2021-07-02,富山県,医療,合計,合計,4180.0,100237,,
2021-07-12,富山県,医療,1回目,合計,641.0,54203,,
2021-07-12,富山県,医療,2回目,合計,2089.0,48764,,
2021-07-12,富山県,医療,合計,合計,2730.0,102967,,
2021-07-19,富山県,医療,1回目,合計,1459.0,55662,,
2021-07-19,富山県,医療,2回目,合計,1451.0,50215,,
2021-07-19,富山県,医療,合計,合計,2910.0,105877,,
2021-07-26,富山県,医療,1回目,合計,439.0,56101,,
2021-07-26,富山県,医療,2回目,合計,1062.0,51277,,
2021-07-26,富山県,医療,合計,合計,1501.0,107378,,
2021-07-30,富山県,医療,1回目,合計,-48.0,56053,,
2021-07-30,富山県,医療,2回目,合計,1037.0,52314,,
2021-07-30,富山県,医療,合計,合計,989.0,108367,,
2021-04-16,石川県,医療,1回目,合計,12267.0,12267,,
2021-04-16,石川県,医療,2回目,合計,5878.0,5878,,
2021-04-16,石川県,医療,合計,合計,18145.0,18145,,
2021-04-23,石川県,医療,1回目,合計,8721.0,20988,,
2021-04-23,石川県,医療,2回目,合計,3088.0,8966,,
2021-04-23,石川県,医療,合計,合計,11809.0,29954,,
2021-04-30,石川県,医療,1回目,合計,8339.0,29327,,
2021-04-30,石川県,医療,2回目,合計,1535.0,10501,,
2021-04-30,石川県,医療,合計,合計,9874.0,39828,,
2021-05-07,石川県,医療,1回目,合計,3958.0,33285,,
2021-05-07,石川県,医療,2回目,合計,614.0,11115,,
2021-05-07,石川県,医療,合計,合計,4572.0,44400,,
2021-05-21,石川県,医療,1回目,合計,8439.0,41724,,
2021-05-21,石川県,医療,2回目,合計,18780.0,29895,,
2021-05-21,石川県,医療,合計,合計,27219.0,71619,,
2021-05-28,石川県,医療,1回目,合計,4346.0,46070,,
2021-05-28,石川県,医療,2回目,合計,3183.0,33078,,
2021-05-28,石川県,医療,合計,合計,7529.0,79148,,
2021-06-04,石川県,医療,1回目,合計,5479.0,51549,,
2021-06-04,石川県,医療,2回目,合計,3608.0,36686,,
2021-06-04,石川県,医療,合計,合計,9087.0,88235,,
2021-06-11,石川県,医療,1回目,合計,4251.0,55800,,
2021-06-11,石川県,医療,2回目,合計,4916.0,41602,,
2021-06-11,石川県,医療,合計,合計,9167.0,97402,,
2021-06-18,石川県,医療,1回目,合計,1988.0,57788,,
2021-06-18,石川県,医療,2回目,合計,3561.0,45163,,
2021-06-18,石川県,医療,合計,合計,5549.0,102951,,
2021-06-25,石川県,医療,1回目,合計,2814.0,60602,,
2021-06-25,石川県,医療,2回目,合計,3747.0,48910,,
2021-06-25,石川県,医療,合計,合計,6561.0,109512,,
2021-07-02,石川県,医療,1回目,合計,1765.0,62367,,
2021-07-02,石川県,医療,2回目,合計,4473.0,53383,,
2021-07-02,石川県,医療,合計,合計,6238.0,115750,,
2021-07-12,石川県,医療,1回目,合計,2090.0,64457,,
2021-07-12,石川県,医療,2回目,合計,3097.0,56480,,
2021-07-12,石川県,医療,合計,合計,5187.0,120937,,
2021-07-19,石川県,医療,1回目,合計,1196.0,65653,,
2021-07-19,石川県,医療,2回目,合計,1859.0,58339,,
2021-07-19,石川県,医療,合計,合計,3055.0,123992,,
2021-07-26,石川県,医療,1回目,合計,1067.0,66720,,
2021-07-26,石川県,医療,2回目,合計,1601.0,59940,,
2021-07-26,石川県,医療,合計,合計,2668.0,126660,,
2021-07-30,石川県,医療,1回目,合計,276.0,66996,,
2021-07-30,石川県,医療,2回目,合計,907.0,60847,,
2021-07-30,石川県,医療,合計,合計,1183.0,127843,,
2021-04-16,福井県,医療,1回目,合計,8172.0,8172,,
2021-04-16,福井県,医療,2回目,合計,5317.0,5317,,
2021-04-16,福井県,医療,合計,合計,13489.0,13489,,
2021-04-23,福井県,医療,1回目,合計,6990.0,15162,,
2021-04-23,福井県,医療,2回目,合計,882.0,6199,,
2021-04-23,福井県,医療,合計,合計,7872.0,21361,,
2021-04-30,福井県,医療,1回目,合計,10709.0,25871,,
2021-04-30,福井県,医療,2回目,合計,933.0,7132,,
2021-04-30,福井県,医療,合計,合計,11642.0,33003,,
2021-05-07,福井県,医療,1回目,合計,3101.0,28972,,
2021-05-07,福井県,医療,2回目,合計,755.0,7887,,
2021-05-07,福井県,医療,合計,合計,3856.0,36859,,
2021-05-21,福井県,医療,1回目,合計,7350.0,36322,,
2021-05-21,福井県,医療,2回目,合計,16145.0,24032,,
2021-05-21,福井県,医療,合計,合計,23495.0,60354,,
2021-05-28,福井県,医療,1回目,合計,1107.0,37429,,
2021-05-28,福井県,医療,2回目,合計,4824.0,28856,,
2021-05-28,福井県,医療,合計,合計,5931.0,66285,,
2021-06-04,福井県,医療,1回目,合計,3264.0,40693,,
2021-06-04,福井県,医療,2回目,合計,4441.0,33297,,
2021-06-04,福井県,医療,合計,合計,7705.0,73990,,
2021-06-11,福井県,医療,1回目,合計,1842.0,42535,,
2021-06-11,福井県,医療,2回目,合計,3090.0,36387,,
2021-06-11,福井県,医療,合計,合計,4932.0,78922,,
2021-06-18,福井県,医療,1回目,合計,1324.0,43859,,
2021-06-18,福井県,医療,2回目,合計,2352.0,38739,,
2021-06-18,福井県,医療,合計,合計,3676.0,82598,,
2021-06-25,福井県,医療,1回目,合計,1086.0,44945,,
2021-06-25,福井県,医療,2回目,合計,1482.0,40221,,
2021-06-25,福井県,医療,合計,合計,2568.0,85166,,
2021-07-02,福井県,医療,1回目,合計,2350.0,47295,,
2021-07-02,福井県,医療,2回目,合計,1319.0,41540,,
2021-07-02,福井県,医療,合計,合計,3669.0,88835,,
2021-07-12,福井県,医療,1回目,合計,1006.0,48301,,
2021-07-12,福井県,医療,2回目,合計,856.0,42396,,
2021-07-12,福井県,医療,合計,合計,1862.0,90697,,
2021-07-19,福井県,医療,1回目,合計,180.0,48481,,
2021-07-19,福井県,医療,2回目,合計,872.0,43268,,
2021-07-19,福井県,医療,合計,合計,1052.0,91749,,
2021-07-26,福井県,医療,1回目,合計,-17.0,48464,,
2021-07-26,福井県,医療,2回目,合計,1822.0,45090,,
2021-07-26,福井県,医療,合計,合計,1805.0,93554,,
2021-07-30,福井県,医療,1回目,合計,101.0,48565,,
2021-07-30,福井県,医療,2回目,合計,741.0,45831,,
2021-07-30,福井県,医療,合計,合計,842.0,94396,,
2021-04-16,山梨県,医療,1回目,合計,7423.0,7423,,
2021-04-16,山梨県,医療,2回目,合計,5336.0,5336,,
2021-04-16,山梨県,医療,合計,合計,12759.0,12759,,
2021-04-23,山梨県,医療,1回目,合計,1806.0,9229,,
2021-04-23,山梨県,医療,2回目,合計,887.0,6223,,
2021-04-23,山梨県,医療,合計,合計,2693.0,15452,,
2021-04-30,山梨県,医療,1回目,合計,5580.0,14809,,
2021-04-30,山梨県,医療,2回目,合計,1257.0,7480,,
2021-04-30,山梨県,医療,合計,合計,6837.0,22289,,
2021-05-07,山梨県,医療,1回目,合計,1657.0,16466,,
2021-05-07,山梨県,医療,2回目,合計,329.0,7809,,
2021-05-07,山梨県,医療,合計,合計,1986.0,24275,,
2021-05-21,山梨県,医療,1回目,合計,10308.0,26774,,
2021-05-21,山梨県,医療,2回目,合計,7045.0,14854,,
2021-05-21,山梨県,医療,合計,合計,17353.0,41628,,
2021-05-28,山梨県,医療,1回目,合計,3184.0,29958,,
2021-05-28,山梨県,医療,2回目,合計,1955.0,16809,,
2021-05-28,山梨県,医療,合計,合計,5139.0,46767,,
2021-06-04,山梨県,医療,1回目,合計,2838.0,32796,,
2021-06-04,山梨県,医療,2回目,合計,4490.0,21299,,
2021-06-04,山梨県,医療,合計,合計,7328.0,54095,,
2021-06-11,山梨県,医療,1回目,合計,1802.0,34598,,
2021-06-11,山梨県,医療,2回目,合計,4660.0,25959,,
2021-06-11,山梨県,医療,合計,合計,6462.0,60557,,
2021-06-18,山梨県,医療,1回目,合計,906.0,35504,,
2021-06-18,山梨県,医療,2回目,合計,2609.0,28568,,
2021-06-18,山梨県,医療,合計,合計,3515.0,64072,,
2021-06-25,山梨県,医療,1回目,合計,1691.0,37195,,
2021-06-25,山梨県,医療,2回目,合計,1906.0,30474,,
2021-06-25,山梨県,医療,合計,合計,3597.0,67669,,
2021-07-02,山梨県,医療,1回目,合計,4200.0,41395,,
2021-07-02,山梨県,医療,2回目,合計,2947.0,33421,,
2021-07-02,山梨県,医療,合計,合計,7147.0,74816,,
2021-07-12,山梨県,医療,1回目,合計,1331.0,42726,,
2021-07-12,山梨県,医療,2回目,合計,1366.0,34787,,
2021-07-12,山梨県,医療,合計,合計,2697.0,77513,,
2021-07-19,山梨県,医療,1回目,合計,1095.0,43821,,
2021-07-19,山梨県,医療,2回目,合計,1566.0,36353,,
2021-07-19,山梨県,医療,合計,合計,2661.0,80174,,
2021-07-26,山梨県,医療,1回目,合計,348.0,44169,,
2021-07-26,山梨県,医療,2回目,合計,895.0,37248,,
2021-07-26,山梨県,医療,合計,合計,1243.0,81417,,
2021-07-30,山梨県,医療,1回目,合計,-1580.0,42589,,
2021-07-30,山梨県,医療,2回目,合計,833.0,38081,,
2021-07-30,山梨県,医療,合計,合計,-747.0,80670,,
2021-04-16,長野県,医療,1回目,合計,20499.0,20499,,
2021-04-16,長野県,医療,2回目,合計,10391.0,10391,,
2021-04-16,長野県,医療,合計,合計,30890.0,30890,,
2021-04-23,長野県,医療,1回目,合計,9824.0,30323,,
2021-04-23,長野県,医療,2回目,合計,2639.0,13030,,
2021-04-23,長野県,医療,合計,合計,12463.0,43353,,
2021-04-30,長野県,医療,1回目,合計,12469.0,42792,,
2021-04-30,長野県,医療,2回目,合計,2786.0,15816,,
2021-04-30,長野県,医療,合計,合計,15255.0,58608,,
2021-05-07,長野県,医療,1回目,合計,6921.0,49713,,
2021-05-07,長野県,医療,2回目,合計,1655.0,17471,,
2021-05-07,長野県,医療,合計,合計,8576.0,67184,,
2021-05-21,長野県,医療,1回目,合計,15860.0,65573,,
2021-05-21,長野県,医療,2回目,合計,24904.0,42375,,
2021-05-21,長野県,医療,合計,合計,40764.0,107948,,
2021-05-28,長野県,医療,1回目,合計,6650.0,72223,,
2021-05-28,長野県,医療,2回目,合計,5400.0,47775,,
2021-05-28,長野県,医療,合計,合計,12050.0,119998,,
2021-06-04,長野県,医療,1回目,合計,5271.0,77494,,
2021-06-04,長野県,医療,2回目,合計,8475.0,56250,,
2021-06-04,長野県,医療,合計,合計,13746.0,133744,,
2021-06-11,長野県,医療,1回目,合計,5021.0,82515,,
2021-06-11,長野県,医療,2回目,合計,8093.0,64343,,
2021-06-11,長野県,医療,合計,合計,13114.0,146858,,
2021-06-18,長野県,医療,1回目,合計,3911.0,86426,,
2021-06-18,長野県,医療,2回目,合計,6719.0,71062,,
2021-06-18,長野県,医療,合計,合計,10630.0,157488,,
2021-06-25,長野県,医療,1回目,合計,2489.0,88915,,
2021-06-25,長野県,医療,2回目,合計,3293.0,74355,,
2021-06-25,長野県,医療,合計,合計,5782.0,163270,,
2021-07-02,長野県,医療,1回目,合計,3987.0,92902,,
2021-07-02,長野県,医療,2回目,合計,4573.0,78928,,
2021-07-02,長野県,医療,合計,合計,8560.0,171830,,
2021-07-12,長野県,医療,1回目,合計,7490.0,100392,,
2021-07-12,長野県,医療,2回目,合計,5147.0,84075,,
2021-07-12,長野県,医療,合計,合計,12637.0,184467,,
2021-07-19,長野県,医療,1回目,合計,2652.0,103044,,
2021-07-19,長野県,医療,2回目,合計,4110.0,88185,,
2021-07-19,長野県,医療,合計,合計,6762.0,191229,,
2021-07-26,長野県,医療,1回目,合計,947.0,103991,,
2021-07-26,長野県,医療,2回目,合計,1576.0,89761,,
2021-07-26,長野県,医療,合計,合計,2523.0,193752,,
2021-07-30,長野県,医療,1回目,合計,812.0,104803,,
2021-07-30,長野県,医療,2回目,合計,1845.0,91606,,
2021-07-30,長野県,医療,合計,合計,2657.0,196409,,
2021-04-16,岐阜県,医療,1回目,合計,19189.0,19189,,
2021-04-16,岐阜県,医療,2回目,合計,10444.0,10444,,
2021-04-16,岐阜県,医療,合計,合計,29633.0,29633,,
2021-04-23,岐阜県,医療,1回目,合計,11145.0,30334,,
2021-04-23,岐阜県,医療,2回目,合計,3714.0,14158,,
2021-04-23,岐阜県,医療,合計,合計,14859.0,44492,,
2021-04-30,岐阜県,医療,1回目,合計,11828.0,42162,,
2021-04-30,岐阜県,医療,2回目,合計,3821.0,17979,,
2021-04-30,岐阜県,医療,合計,合計,15649.0,60141,,
2021-05-07,岐阜県,医療,1回目,合計,4140.0,46302,,
2021-05-07,岐阜県,医療,2回目,合計,1047.0,19026,,
2021-05-07,岐阜県,医療,合計,合計,5187.0,65328,,
2021-05-21,岐阜県,医療,1回目,合計,21224.0,67526,,
2021-05-21,岐阜県,医療,2回目,合計,22155.0,41181,,
2021-05-21,岐阜県,医療,合計,合計,43379.0,108707,,
2021-05-28,岐阜県,医療,1回目,合計,11113.0,78639,,
2021-05-28,岐阜県,医療,2回目,合計,5882.0,47063,,
2021-05-28,岐阜県,医療,合計,合計,16995.0,125702,,
2021-06-04,岐阜県,医療,1回目,合計,7693.0,86332,,
2021-06-04,岐阜県,医療,2回目,合計,9429.0,56492,,
2021-06-04,岐阜県,医療,合計,合計,17122.0,142824,,
2021-06-11,岐阜県,医療,1回目,合計,4727.0,91059,,
2021-06-11,岐阜県,医療,2回目,合計,12074.0,68566,,
2021-06-11,岐阜県,医療,合計,合計,16801.0,159625,,
2021-06-18,岐阜県,医療,1回目,合計,3069.0,94128,,
2021-06-18,岐阜県,医療,2回目,合計,9515.0,78081,,
2021-06-18,岐阜県,医療,合計,合計,12584.0,172209,,
2021-06-25,岐阜県,医療,1回目,合計,2150.0,96278,,
2021-06-25,岐阜県,医療,2回目,合計,6607.0,84688,,
2021-06-25,岐阜県,医療,合計,合計,8757.0,180966,,
2021-07-02,岐阜県,医療,1回目,合計,1759.0,98037,,
2021-07-02,岐阜県,医療,2回目,合計,4755.0,89443,,
2021-07-02,岐阜県,医療,合計,合計,6514.0,187480,,
2021-07-12,岐阜県,医療,1回目,合計,2998.0,101035,,
2021-07-12,岐阜県,医療,2回目,合計,2644.0,92087,,
2021-07-12,岐阜県,医療,合計,合計,5642.0,193122,,
2021-07-19,岐阜県,医療,1回目,合計,1932.0,102967,,
2021-07-19,岐阜県,医療,2回目,合計,2030.0,94117,,
2021-07-19,岐阜県,医療,合計,合計,3962.0,197084,,
2021-07-26,岐阜県,医療,1回目,合計,684.0,103651,,
2021-07-26,岐阜県,医療,2回目,合計,1755.0,95872,,
2021-07-26,岐阜県,医療,合計,合計,2439.0,199523,,
2021-07-30,岐阜県,医療,1回目,合計,425.0,104076,,
2021-07-30,岐阜県,医療,2回目,合計,2179.0,98051,,
2021-07-30,岐阜県,医療,合計,合計,2604.0,202127,,
2021-04-16,静岡県,医療,1回目,合計,28524.0,28524,,
2021-04-16,静岡県,医療,2回目,合計,15454.0,15454,,
2021-04-16,静岡県,医療,合計,合計,43978.0,43978,,
2021-04-23,静岡県,医療,1回目,合計,15102.0,43626,,
2021-04-23,静岡県,医療,2回目,合計,5915.0,21369,,
2021-04-23,静岡県,医療,合計,合計,21017.0,64995,,
2021-04-30,静岡県,医療,1回目,合計,26948.0,70574,,
2021-04-30,静岡県,医療,2回目,合計,4141.0,25510,,
2021-04-30,静岡県,医療,合計,合計,31089.0,96084,,
2021-05-07,静岡県,医療,1回目,合計,8638.0,79212,,
2021-05-07,静岡県,医療,2回目,合計,1807.0,27317,,
2021-05-07,静岡県,医療,合計,合計,10445.0,106529,,
2021-05-21,静岡県,医療,1回目,合計,25074.0,104286,,
2021-05-21,静岡県,医療,2回目,合計,34553.0,61870,,
2021-05-21,静岡県,医療,合計,合計,59627.0,166156,,
2021-05-28,静岡県,医療,1回目,合計,7459.0,111745,,
2021-05-28,静岡県,医療,2回目,合計,8652.0,70522,,
2021-05-28,静岡県,医療,合計,合計,16111.0,182267,,
2021-06-04,静岡県,医療,1回目,合計,8433.0,120178,,
2021-06-04,静岡県,医療,2回目,合計,11644.0,82166,,
2021-06-04,静岡県,医療,合計,合計,20077.0,202344,,
2021-06-11,静岡県,医療,1回目,合計,10897.0,131075,,
2021-06-11,静岡県,医療,2回目,合計,15623.0,97789,,
2021-06-11,静岡県,医療,合計,合計,26520.0,228864,,
2021-06-18,静岡県,医療,1回目,合計,6785.0,137860,,
2021-06-18,静岡県,医療,2回目,合計,8353.0,106142,,
2021-06-18,静岡県,医療,合計,合計,15138.0,244002,,
2021-06-25,静岡県,医療,1回目,合計,10525.0,148385,,
2021-06-25,静岡県,医療,2回目,合計,10591.0,116733,,
2021-06-25,静岡県,医療,合計,合計,21116.0,265118,,
2021-07-02,静岡県,医療,1回目,合計,4128.0,152513,,
2021-07-02,静岡県,医療,2回目,合計,8561.0,125294,,
2021-07-02,静岡県,医療,合計,合計,12689.0,277807,,
2021-07-12,静岡県,医療,1回目,合計,5779.0,158292,,
2021-07-12,静岡県,医療,2回目,合計,7565.0,132859,,
2021-07-12,静岡県,医療,合計,合計,13344.0,291151,,
2021-07-19,静岡県,医療,1回目,合計,3302.0,161594,,
2021-07-19,静岡県,医療,2回目,合計,6231.0,139090,,
2021-07-19,静岡県,医療,合計,合計,9533.0,300684,,
2021-07-26,静岡県,医療,1回目,合計,504.0,162098,,
2021-07-26,静岡県,医療,2回目,合計,3817.0,142907,,
2021-07-26,静岡県,医療,合計,合計,4321.0,305005,,
2021-07-30,静岡県,医療,1回目,合計,1586.0,163684,,
2021-07-30,静岡県,医療,2回目,合計,4437.0,147344,,
2021-07-30,静岡県,医療,合計,合計,6023.0,311028,,
2021-04-16,愛知県,医療,1回目,合計,56349.0,56349,,
2021-04-16,愛知県,医療,2回目,合計,29392.0,29392,,
2021-04-16,愛知県,医療,合計,合計,85741.0,85741,,
2021-04-23,愛知県,医療,1回目,合計,43645.0,99994,,
2021-04-23,愛知県,医療,2回目,合計,7677.0,37069,,
2021-04-23,愛知県,医療,合計,合計,51322.0,137063,,
2021-04-30,愛知県,医療,1回目,合計,55268.0,155262,,
2021-04-30,愛知県,医療,2回目,合計,9053.0,46122,,
2021-04-30,愛知県,医療,合計,合計,64321.0,201384,,
2021-05-07,愛知県,医療,1回目,合計,23025.0,178287,,
2021-05-07,愛知県,医療,2回目,合計,8084.0,54206,,
2021-05-07,愛知県,医療,合計,合計,31109.0,232493,,
2021-05-21,愛知県,医療,1回目,合計,48058.0,226345,,
2021-05-21,愛知県,医療,2回目,合計,90062.0,144268,,
2021-05-21,愛知県,医療,合計,合計,138120.0,370613,,
2021-05-28,愛知県,医療,1回目,合計,19416.0,245761,,
2021-05-28,愛知県,医療,2回目,合計,26885.0,171153,,
2021-05-28,愛知県,医療,合計,合計,46301.0,416914,,
2021-06-04,愛知県,医療,1回目,合計,17971.0,263732,,
2021-06-04,愛知県,医療,2回目,合計,23402.0,194555,,
2021-06-04,愛知県,医療,合計,合計,41373.0,458287,,
2021-06-11,愛知県,医療,1回目,合計,14659.0,278391,,
2021-06-11,愛知県,医療,2回目,合計,20484.0,215039,,
2021-06-11,愛知県,医療,合計,合計,35143.0,493430,,
2021-06-18,愛知県,医療,1回目,合計,17262.0,295653,,
2021-06-18,愛知県,医療,2回目,合計,19293.0,234332,,
2021-06-18,愛知県,医療,合計,合計,36555.0,529985,,
2021-06-25,愛知県,医療,1回目,合計,11145.0,306798,,
2021-06-25,愛知県,医療,2回目,合計,13501.0,247833,,
2021-06-25,愛知県,医療,合計,合計,24646.0,554631,,
2021-07-02,愛知県,医療,1回目,合計,10745.0,317543,,
2021-07-02,愛知県,医療,2回目,合計,12574.0,260407,,
2021-07-02,愛知県,医療,合計,合計,23319.0,577950,,
2021-07-12,愛知県,医療,1回目,合計,7564.0,325107,,
2021-07-12,愛知県,医療,2回目,合計,8704.0,269111,,
2021-07-12,愛知県,医療,合計,合計,16268.0,594218,,
2021-07-19,愛知県,医療,1回目,合計,35881.0,360988,,
2021-07-19,愛知県,医療,2回目,合計,16621.0,285732,,
2021-07-19,愛知県,医療,合計,合計,52502.0,646720,,
2021-07-26,愛知県,医療,1回目,合計,13678.0,374666,,
2021-07-26,愛知県,医療,2回目,合計,14220.0,299952,,
2021-07-26,愛知県,医療,合計,合計,27898.0,674618,,
2021-07-30,愛知県,医療,1回目,合計,3069.0,377735,,
2021-07-30,愛知県,医療,2回目,合計,5915.0,305867,,
2021-07-30,愛知県,医療,合計,合計,8984.0,683602,,
2021-04-16,三重県,医療,1回目,合計,18255.0,18255,,
2021-04-16,三重県,医療,2回目,合計,12043.0,12043,,
2021-04-16,三重県,医療,合計,合計,30298.0,30298,,
2021-04-23,三重県,医療,1回目,合計,10166.0,28421,,
2021-04-23,三重県,医療,2回目,合計,679.0,12722,,
2021-04-23,三重県,医療,合計,合計,10845.0,41143,,
2021-04-30,三重県,医療,1回目,合計,11451.0,39872,,
2021-04-30,三重県,医療,2回目,合計,1637.0,14359,,
2021-04-30,三重県,医療,合計,合計,13088.0,54231,,
2021-05-07,三重県,医療,1回目,合計,5478.0,45350,,
2021-05-07,三重県,医療,2回目,合計,2612.0,16971,,
2021-05-07,三重県,医療,合計,合計,8090.0,62321,,
2021-05-21,三重県,医療,1回目,合計,14121.0,59471,,
2021-05-21,三重県,医療,2回目,合計,22232.0,39203,,
2021-05-21,三重県,医療,合計,合計,36353.0,98674,,
2021-05-28,三重県,医療,1回目,合計,5657.0,65128,,
2021-05-28,三重県,医療,2回目,合計,5887.0,45090,,
2021-05-28,三重県,医療,合計,合計,11544.0,110218,,
2021-06-04,三重県,医療,1回目,合計,4956.0,70084,,
2021-06-04,三重県,医療,2回目,合計,7835.0,52925,,
2021-06-04,三重県,医療,合計,合計,12791.0,123009,,
2021-06-11,三重県,医療,1回目,合計,3742.0,73826,,
2021-06-11,三重県,医療,2回目,合計,6397.0,59322,,
2021-06-11,三重県,医療,合計,合計,10139.0,133148,,
2021-06-18,三重県,医療,1回目,合計,4783.0,78609,,
2021-06-18,三重県,医療,2回目,合計,7324.0,66646,,
2021-06-18,三重県,医療,合計,合計,12107.0,145255,,
2021-06-25,三重県,医療,1回目,合計,2917.0,81526,,
2021-06-25,三重県,医療,2回目,合計,4190.0,70836,,
2021-06-25,三重県,医療,合計,合計,7107.0,152362,,
2021-07-02,三重県,医療,1回目,合計,1576.0,83102,,
2021-07-02,三重県,医療,2回目,合計,2851.0,73687,,
2021-07-02,三重県,医療,合計,合計,4427.0,156789,,
2021-07-12,三重県,医療,1回目,合計,2547.0,85649,,
2021-07-12,三重県,医療,2回目,合計,2913.0,76600,,
2021-07-12,三重県,医療,合計,合計,5460.0,162249,,
2021-07-19,三重県,医療,1回目,合計,2039.0,87688,,
2021-07-19,三重県,医療,2回目,合計,1912.0,78512,,
2021-07-19,三重県,医療,合計,合計,3951.0,166200,,
2021-07-26,三重県,医療,1回目,合計,863.0,88551,,
2021-07-26,三重県,医療,2回目,合計,1083.0,79595,,
2021-07-26,三重県,医療,合計,合計,1946.0,168146,,
2021-07-30,三重県,医療,1回目,合計,832.0,89383,,
2021-07-30,三重県,医療,2回目,合計,1750.0,81345,,
2021-07-30,三重県,医療,合計,合計,2582.0,170728,,
2021-04-16,滋賀県,医療,1回目,合計,12071.0,12071,,
2021-04-16,滋賀県,医療,2回目,合計,7927.0,7927,,
2021-04-16,滋賀県,医療,合計,合計,19998.0,19998,,
2021-04-23,滋賀県,医療,1回目,合計,6369.0,18440,,
2021-04-23,滋賀県,医療,2回目,合計,1934.0,9861,,
2021-04-23,滋賀県,医療,合計,合計,8303.0,28301,,
2021-04-30,滋賀県,医療,1回目,合計,8822.0,27262,,
2021-04-30,滋賀県,医療,2回目,合計,418.0,10279,,
2021-04-30,滋賀県,医療,合計,合計,9240.0,37541,,
2021-05-07,滋賀県,医療,1回目,合計,7883.0,35145,,
2021-05-07,滋賀県,医療,2回目,合計,2238.0,12517,,
2021-05-07,滋賀県,医療,合計,合計,10121.0,47662,,
2021-05-21,滋賀県,医療,1回目,合計,7579.0,42724,,
2021-05-21,滋賀県,医療,2回目,合計,15885.0,28402,,
2021-05-21,滋賀県,医療,合計,合計,23464.0,71126,,
2021-05-28,滋賀県,医療,1回目,合計,3898.0,46622,,
2021-05-28,滋賀県,医療,2回目,合計,3755.0,32157,,
2021-05-28,滋賀県,医療,合計,合計,7653.0,78779,,
2021-06-04,滋賀県,医療,1回目,合計,4687.0,51309,,
2021-06-04,滋賀県,医療,2回目,合計,3153.0,35310,,
2021-06-04,滋賀県,医療,合計,合計,7840.0,86619,,
2021-06-11,滋賀県,医療,1回目,合計,1866.0,53175,,
2021-06-11,滋賀県,医療,2回目,合計,5242.0,40552,,
2021-06-11,滋賀県,医療,合計,合計,7108.0,93727,,
2021-06-18,滋賀県,医療,1回目,合計,1135.0,54310,,
2021-06-18,滋賀県,医療,2回目,合計,4169.0,44721,,
2021-06-18,滋賀県,医療,合計,合計,5304.0,99031,,
2021-06-25,滋賀県,医療,1回目,合計,1806.0,56116,,
2021-06-25,滋賀県,医療,2回目,合計,2563.0,47284,,
2021-06-25,滋賀県,医療,合計,合計,4369.0,103400,,
2021-07-02,滋賀県,医療,1回目,合計,1872.0,57988,,
2021-07-02,滋賀県,医療,2回目,合計,4063.0,51347,,
2021-07-02,滋賀県,医療,合計,合計,5935.0,109335,,
2021-07-12,滋賀県,医療,1回目,合計,2167.0,60155,,
2021-07-12,滋賀県,医療,2回目,合計,1915.0,53262,,
2021-07-12,滋賀県,医療,合計,合計,4082.0,113417,,
2021-07-19,滋賀県,医療,1回目,合計,1792.0,61947,,
2021-07-19,滋賀県,医療,2回目,合計,1165.0,54427,,
2021-07-19,滋賀県,医療,合計,合計,2957.0,116374,,
2021-07-26,滋賀県,医療,1回目,合計,630.0,62577,,
2021-07-26,滋賀県,医療,2回目,合計,1347.0,55774,,
2021-07-26,滋賀県,医療,合計,合計,1977.0,118351,,
2021-07-30,滋賀県,医療,1回目,合計,549.0,63126,,
2021-07-30,滋賀県,医療,2回目,合計,2254.0,58028,,
2021-07-30,滋賀県,医療,合計,合計,2803.0,121154,,
2021-04-16,京都府,医療,1回目,合計,25009.0,25009,,
2021-04-16,京都府,医療,2回目,合計,15339.0,15339,,
2021-04-16,京都府,医療,合計,合計,40348.0,40348,,
2021-04-23,京都府,医療,1回目,合計,10087.0,35096,,
2021-04-23,京都府,医療,2回目,合計,2271.0,17610,,
2021-04-23,京都府,医療,合計,合計,12358.0,52706,,
2021-04-30,京都府,医療,1回目,合計,19145.0,54241,,
2021-04-30,京都府,医療,2回目,合計,2141.0,19751,,
2021-04-30,京都府,医療,合計,合計,21286.0,73992,,
2021-05-07,京都府,医療,1回目,合計,8463.0,62704,,
2021-05-07,京都府,医療,2回目,合計,3299.0,23050,,
2021-05-07,京都府,医療,合計,合計,11762.0,85754,,
2021-05-21,京都府,医療,1回目,合計,18213.0,80917,,
2021-05-21,京都府,医療,2回目,合計,29483.0,52533,,
2021-05-21,京都府,医療,合計,合計,47696.0,133450,,
2021-05-28,京都府,医療,1回目,合計,10671.0,91588,,
2021-05-28,京都府,医療,2回目,合計,8865.0,61398,,
2021-05-28,京都府,医療,合計,合計,19536.0,152986,,
2021-06-04,京都府,医療,1回目,合計,9763.0,101351,,
2021-06-04,京都府,医療,2回目,合計,8724.0,70122,,
2021-06-04,京都府,医療,合計,合計,18487.0,171473,,
2021-06-11,京都府,医療,1回目,合計,9761.0,111112,,
2021-06-11,京都府,医療,2回目,合計,9985.0,80107,,
2021-06-11,京都府,医療,合計,合計,19746.0,191219,,
2021-06-18,京都府,医療,1回目,合計,5939.0,117051,,
2021-06-18,京都府,医療,2回目,合計,9081.0,89188,,
2021-06-18,京都府,医療,合計,合計,15020.0,206239,,
2021-06-25,京都府,医療,1回目,合計,4759.0,121810,,
2021-06-25,京都府,医療,2回目,合計,9730.0,98918,,
2021-06-25,京都府,医療,合計,合計,14489.0,220728,,
2021-07-02,京都府,医療,1回目,合計,8856.0,130666,,
2021-07-02,京都府,医療,2回目,合計,6718.0,105636,,
2021-07-02,京都府,医療,合計,合計,15574.0,236302,,
2021-07-12,京都府,医療,1回目,合計,3531.0,134197,,
2021-07-12,京都府,医療,2回目,合計,5746.0,111382,,
2021-07-12,京都府,医療,合計,合計,9277.0,245579,,
2021-07-19,京都府,医療,1回目,合計,5035.0,139232,,
2021-07-19,京都府,医療,2回目,合計,3983.0,115365,,
2021-07-19,京都府,医療,合計,合計,9018.0,254597,,
2021-07-26,京都府,医療,1回目,合計,752.0,139984,,
2021-07-26,京都府,医療,2回目,合計,3597.0,118962,,
2021-07-26,京都府,医療,合計,合計,4349.0,258946,,
2021-07-30,京都府,医療,1回目,合計,1679.0,141663,,
2021-07-30,京都府,医療,2回目,合計,2189.0,121151,,
2021-07-30,京都府,医療,合計,合計,3868.0,262814,,
2021-04-16,大阪府,医療,1回目,合計,83193.0,83193,,
2021-04-16,大阪府,医療,2回目,合計,48792.0,48792,,
2021-04-16,大阪府,医療,合計,合計,131985.0,131985,,
2021-04-23,大阪府,医療,1回目,合計,22391.0,105584,,
2021-04-23,大阪府,医療,2回目,合計,11854.0,60646,,
2021-04-23,大阪府,医療,合計,合計,34245.0,166230,,
2021-04-30,大阪府,医療,1回目,合計,33043.0,138627,,
2021-04-30,大阪府,医療,2回目,合計,11594.0,72240,,
2021-04-30,大阪府,医療,合計,合計,44637.0,210867,,
2021-05-07,大阪府,医療,1回目,合計,16571.0,155198,,
2021-05-07,大阪府,医療,2回目,合計,6252.0,78492,,
2021-05-07,大阪府,医療,合計,合計,22823.0,233690,,
2021-05-21,大阪府,医療,1回目,合計,77611.0,232809,,
2021-05-21,大阪府,医療,2回目,合計,59287.0,137779,,
2021-05-21,大阪府,医療,合計,合計,136898.0,370588,,
2021-05-28,大阪府,医療,1回目,合計,28226.0,261035,,
2021-05-28,大阪府,医療,2回目,合計,19733.0,157512,,
2021-05-28,大阪府,医療,合計,合計,47959.0,418547,,
2021-06-04,大阪府,医療,1回目,合計,33199.0,294234,,
2021-06-04,大阪府,医療,2回目,合計,38619.0,196131,,
2021-06-04,大阪府,医療,合計,合計,71818.0,490365,,
2021-06-11,大阪府,医療,1回目,合計,27615.0,321849,,
2021-06-11,大阪府,医療,2回目,合計,28474.0,224605,,
2021-06-11,大阪府,医療,合計,合計,56089.0,546454,,
2021-06-18,大阪府,医療,1回目,合計,20430.0,342279,,
2021-06-18,大阪府,医療,2回目,合計,24841.0,249446,,
2021-06-18,大阪府,医療,合計,合計,45271.0,591725,,
2021-06-25,大阪府,医療,1回目,合計,18007.0,360286,,
2021-06-25,大阪府,医療,2回目,合計,32330.0,281776,,
2021-06-25,大阪府,医療,合計,合計,50337.0,642062,,
2021-07-02,大阪府,医療,1回目,合計,14076.0,374362,,
2021-07-02,大阪府,医療,2回目,合計,24781.0,306557,,
2021-07-02,大阪府,医療,合計,合計,38857.0,680919,,
2021-07-12,大阪府,医療,1回目,合計,15285.0,389647,,
2021-07-12,大阪府,医療,2回目,合計,22302.0,328859,,
2021-07-12,大阪府,医療,合計,合計,37587.0,718506,,
2021-07-19,大阪府,医療,1回目,合計,13074.0,402721,,
2021-07-19,大阪府,医療,2回目,合計,18413.0,347272,,
2021-07-19,大阪府,医療,合計,合計,31487.0,749993,,
2021-07-26,大阪府,医療,1回目,合計,5986.0,408707,,
2021-07-26,大阪府,医療,2回目,合計,9793.0,357065,,
2021-07-26,大阪府,医療,合計,合計,15779.0,765772,,
2021-07-30,大阪府,医療,1回目,合計,11271.0,419978,,
2021-07-30,大阪府,医療,2回目,合計,11806.0,368871,,
2021-07-30,大阪府,医療,合計,合計,23077.0,788849,,
2021-04-16,兵庫県,医療,1回目,合計,51262.0,51262,,
2021-04-16,兵庫県,医療,2回目,合計,24378.0,24378,,
2021-04-16,兵庫県,医療,合計,合計,75640.0,75640,,
2021-04-23,兵庫県,医療,1回目,合計,16560.0,67822,,
2021-04-23,兵庫県,医療,2回目,合計,5706.0,30084,,
2021-04-23,兵庫県,医療,合計,合計,22266.0,97906,,
2021-04-30,兵庫県,医療,1回目,合計,18177.0,85999,,
2021-04-30,兵庫県,医療,2回目,合計,5486.0,35570,,
2021-04-30,兵庫県,医療,合計,合計,23663.0,121569,,
2021-05-07,兵庫県,医療,1回目,合計,18268.0,104267,,
2021-05-07,兵庫県,医療,2回目,合計,10119.0,45689,,
2021-05-07,兵庫県,医療,合計,合計,28387.0,149956,,
2021-05-21,兵庫県,医療,1回目,合計,45047.0,149314,,
2021-05-21,兵庫県,医療,2回目,合計,38094.0,83783,,
2021-05-21,兵庫県,医療,合計,合計,83141.0,233097,,
2021-05-28,兵庫県,医療,1回目,合計,14919.0,164233,,
2021-05-28,兵庫県,医療,2回目,合計,15516.0,99299,,
2021-05-28,兵庫県,医療,合計,合計,30435.0,263532,,
2021-06-04,兵庫県,医療,1回目,合計,15736.0,179969,,
2021-06-04,兵庫県,医療,2回目,合計,19587.0,118886,,
2021-06-04,兵庫県,医療,合計,合計,35323.0,298855,,
2021-06-11,兵庫県,医療,1回目,合計,34207.0,214176,,
2021-06-11,兵庫県,医療,2回目,合計,34733.0,153619,,
2021-06-11,兵庫県,医療,合計,合計,68940.0,367795,,
2021-06-18,兵庫県,医療,1回目,合計,9226.0,223402,,
2021-06-18,兵庫県,医療,2回目,合計,15452.0,169071,,
2021-06-18,兵庫県,医療,合計,合計,24678.0,392473,,
2021-06-25,兵庫県,医療,1回目,合計,12826.0,236228,,
2021-06-25,兵庫県,医療,2回目,合計,22427.0,191498,,
2021-06-25,兵庫県,医療,合計,合計,35253.0,427726,,
2021-07-02,兵庫県,医療,1回目,合計,10060.0,246288,,
2021-07-02,兵庫県,医療,2回目,合計,15971.0,207469,,
2021-07-02,兵庫県,医療,合計,合計,26031.0,453757,,
2021-07-12,兵庫県,医療,1回目,合計,10474.0,256762,,
2021-07-12,兵庫県,医療,2回目,合計,14632.0,222101,,
2021-07-12,兵庫県,医療,合計,合計,25106.0,478863,,
2021-07-19,兵庫県,医療,1回目,合計,5026.0,261788,,
2021-07-19,兵庫県,医療,2回目,合計,7004.0,229105,,
2021-07-19,兵庫県,医療,合計,合計,12030.0,490893,,
2021-07-26,兵庫県,医療,1回目,合計,1708.0,263496,,
2021-07-26,兵庫県,医療,2回目,合計,3752.0,232857,,
2021-07-26,兵庫県,医療,合計,合計,5460.0,496353,,
2021-07-30,兵庫県,医療,1回目,合計,2217.0,265713,,
2021-07-30,兵庫県,医療,2回目,合計,5255.0,238112,,
2021-07-30,兵庫県,医療,合計,合計,7472.0,503825,,
2021-04-16,奈良県,医療,1回目,合計,11527.0,11527,,
2021-04-16,奈良県,医療,2回目,合計,8760.0,8760,,
2021-04-16,奈良県,医療,合計,合計,20287.0,20287,,
2021-04-23,奈良県,医療,1回目,合計,5980.0,17507,,
2021-04-23,奈良県,医療,2回目,合計,676.0,9436,,
2021-04-23,奈良県,医療,合計,合計,6656.0,26943,,
2021-04-30,奈良県,医療,1回目,合計,13940.0,31447,,
2021-04-30,奈良県,医療,2回目,合計,875.0,10311,,
2021-04-30,奈良県,医療,合計,合計,14815.0,41758,,
2021-05-07,奈良県,医療,1回目,合計,4478.0,35925,,
2021-05-07,奈良県,医療,2回目,合計,876.0,11187,,
2021-05-07,奈良県,医療,合計,合計,5354.0,47112,,
2021-05-21,奈良県,医療,1回目,合計,12084.0,48009,,
2021-05-21,奈良県,医療,2回目,合計,17707.0,28894,,
2021-05-21,奈良県,医療,合計,合計,29791.0,76903,,
2021-05-28,奈良県,医療,1回目,合計,6531.0,54540,,
2021-05-28,奈良県,医療,2回目,合計,8747.0,37641,,
2021-05-28,奈良県,医療,合計,合計,15278.0,92181,,
2021-06-04,奈良県,医療,1回目,合計,3314.0,57854,,
2021-06-04,奈良県,医療,2回目,合計,7205.0,44846,,
2021-06-04,奈良県,医療,合計,合計,10519.0,102700,,
2021-06-11,奈良県,医療,1回目,合計,3221.0,61075,,
2021-06-11,奈良県,医療,2回目,合計,6277.0,51123,,
2021-06-11,奈良県,医療,合計,合計,9498.0,112198,,
2021-06-18,奈良県,医療,1回目,合計,2775.0,63850,,
2021-06-18,奈良県,医療,2回目,合計,3004.0,54127,,
2021-06-18,奈良県,医療,合計,合計,5779.0,117977,,
2021-06-25,奈良県,医療,1回目,合計,2372.0,66222,,
2021-06-25,奈良県,医療,2回目,合計,2467.0,56594,,
2021-06-25,奈良県,医療,合計,合計,4839.0,122816,,
2021-07-02,奈良県,医療,1回目,合計,2567.0,68789,,
2021-07-02,奈良県,医療,2回目,合計,3509.0,60103,,
2021-07-02,奈良県,医療,合計,合計,6076.0,128892,,
2021-07-12,奈良県,医療,1回目,合計,1765.0,70554,,
2021-07-12,奈良県,医療,2回目,合計,2663.0,62766,,
2021-07-12,奈良県,医療,合計,合計,4428.0,133320,,
2021-07-19,奈良県,医療,1回目,合計,921.0,71475,,
2021-07-19,奈良県,医療,2回目,合計,1845.0,64611,,
2021-07-19,奈良県,医療,合計,合計,2766.0,136086,,
2021-07-26,奈良県,医療,1回目,合計,332.0,71807,,
2021-07-26,奈良県,医療,2回目,合計,1017.0,65628,,
2021-07-26,奈良県,医療,合計,合計,1349.0,137435,,
2021-07-30,奈良県,医療,1回目,合計,132.0,71939,,
2021-07-30,奈良県,医療,2回目,合計,560.0,66188,,
2021-07-30,奈良県,医療,合計,合計,692.0,138127,,
2021-04-16,和歌山県,医療,1回目,合計,11670.0,11670,,
2021-04-16,和歌山県,医療,2回目,合計,6679.0,6679,,
2021-04-16,和歌山県,医療,合計,合計,18349.0,18349,,
2021-04-23,和歌山県,医療,1回目,合計,6697.0,18367,,
2021-04-23,和歌山県,医療,2回目,合計,2001.0,8680,,
2021-04-23,和歌山県,医療,合計,合計,8698.0,27047,,
2021-04-30,和歌山県,医療,1回目,合計,7840.0,26207,,
2021-04-30,和歌山県,医療,2回目,合計,2116.0,10796,,
2021-04-30,和歌山県,医療,合計,合計,9956.0,37003,,
2021-05-07,和歌山県,医療,1回目,合計,2367.0,28574,,
2021-05-07,和歌山県,医療,2回目,合計,831.0,11627,,
2021-05-07,和歌山県,医療,合計,合計,3198.0,40201,,
2021-05-21,和歌山県,医療,1回目,合計,6754.0,35328,,
2021-05-21,和歌山県,医療,2回目,合計,13054.0,24681,,
2021-05-21,和歌山県,医療,合計,合計,19808.0,60009,,
2021-05-28,和歌山県,医療,1回目,合計,4506.0,39834,,
2021-05-28,和歌山県,医療,2回目,合計,3541.0,28222,,
2021-05-28,和歌山県,医療,合計,合計,8047.0,68056,,
2021-06-04,和歌山県,医療,1回目,合計,2801.0,42635,,
2021-06-04,和歌山県,医療,2回目,合計,3156.0,31378,,
2021-06-04,和歌山県,医療,合計,合計,5957.0,74013,,
2021-06-11,和歌山県,医療,1回目,合計,2225.0,44860,,
2021-06-11,和歌山県,医療,2回目,合計,2955.0,34333,,
2021-06-11,和歌山県,医療,合計,合計,5180.0,79193,,
2021-06-18,和歌山県,医療,1回目,合計,1644.0,46504,,
2021-06-18,和歌山県,医療,2回目,合計,4032.0,38365,,
2021-06-18,和歌山県,医療,合計,合計,5676.0,84869,,
2021-06-25,和歌山県,医療,1回目,合計,1612.0,48116,,
2021-06-25,和歌山県,医療,2回目,合計,2224.0,40589,,
2021-06-25,和歌山県,医療,合計,合計,3836.0,88705,,
2021-07-02,和歌山県,医療,1回目,合計,2345.0,50461,,
2021-07-02,和歌山県,医療,2回目,合計,2157.0,42746,,
2021-07-02,和歌山県,医療,合計,合計,4502.0,93207,,
2021-07-12,和歌山県,医療,1回目,合計,1836.0,52297,,
2021-07-12,和歌山県,医療,2回目,合計,2083.0,44829,,
2021-07-12,和歌山県,医療,合計,合計,3919.0,97126,,
2021-07-19,和歌山県,医療,1回目,合計,933.0,53230,,
2021-07-19,和歌山県,医療,2回目,合計,1659.0,46488,,
2021-07-19,和歌山県,医療,合計,合計,2592.0,99718,,
2021-07-26,和歌山県,医療,1回目,合計,384.0,53614,,
2021-07-26,和歌山県,医療,2回目,合計,897.0,47385,,
2021-07-26,和歌山県,医療,合計,合計,1281.0,100999,,
2021-07-30,和歌山県,医療,1回目,合計,150.0,53764,,
2021-07-30,和歌山県,医療,2回目,合計,840.0,48225,,
2021-07-30,和歌山県,医療,合計,合計,990.0,101989,,
2021-04-16,鳥取県,医療,1回目,合計,7429.0,7429,,
2021-04-16,鳥取県,医療,2回目,合計,6249.0,6249,,
2021-04-16,鳥取県,医療,合計,合計,13678.0,13678,,
2021-04-23,鳥取県,医療,1回目,合計,4094.0,11523,,
2021-04-23,鳥取県,医療,2回目,合計,389.0,6638,,
2021-04-23,鳥取県,医療,合計,合計,4483.0,18161,,
2021-04-30,鳥取県,医療,1回目,合計,5994.0,17517,,
2021-04-30,鳥取県,医療,2回目,合計,377.0,7015,,
2021-04-30,鳥取県,医療,合計,合計,6371.0,24532,,
2021-05-07,鳥取県,医療,1回目,合計,463.0,17980,,
2021-05-07,鳥取県,医療,2回目,合計,42.0,7057,,
2021-05-07,鳥取県,医療,合計,合計,505.0,25037,,
2021-05-21,鳥取県,医療,1回目,合計,1515.0,19495,,
2021-05-21,鳥取県,医療,2回目,合計,7408.0,14465,,
2021-05-21,鳥取県,医療,合計,合計,8923.0,33960,,
2021-05-28,鳥取県,医療,1回目,合計,898.0,20393,,
2021-05-28,鳥取県,医療,2回目,合計,1020.0,15485,,
2021-05-28,鳥取県,医療,合計,合計,1918.0,35878,,
2021-06-04,鳥取県,医療,1回目,合計,6111.0,26504,,
2021-06-04,鳥取県,医療,2回目,合計,4493.0,19978,,
2021-06-04,鳥取県,医療,合計,合計,10604.0,46482,,
2021-06-11,鳥取県,医療,1回目,合計,1572.0,28076,,
2021-06-11,鳥取県,医療,2回目,合計,1225.0,21203,,
2021-06-11,鳥取県,医療,合計,合計,2797.0,49279,,
2021-06-18,鳥取県,医療,1回目,合計,1160.0,29236,,
2021-06-18,鳥取県,医療,2回目,合計,645.0,21848,,
2021-06-18,鳥取県,医療,合計,合計,1805.0,51084,,
2021-06-25,鳥取県,医療,1回目,合計,1550.0,30786,,
2021-06-25,鳥取県,医療,2回目,合計,3232.0,25080,,
2021-06-25,鳥取県,医療,合計,合計,4782.0,55866,,
2021-07-02,鳥取県,医療,1回目,合計,783.0,31569,,
2021-07-02,鳥取県,医療,2回目,合計,2974.0,28054,,
2021-07-02,鳥取県,医療,合計,合計,3757.0,59623,,
2021-07-12,鳥取県,医療,1回目,合計,816.0,32385,,
2021-07-12,鳥取県,医療,2回目,合計,1052.0,29106,,
2021-07-12,鳥取県,医療,合計,合計,1868.0,61491,,
2021-07-19,鳥取県,医療,1回目,合計,709.0,33094,,
2021-07-19,鳥取県,医療,2回目,合計,806.0,29912,,
2021-07-19,鳥取県,医療,合計,合計,1515.0,63006,,
2021-07-26,鳥取県,医療,1回目,合計,349.0,33443,,
2021-07-26,鳥取県,医療,2回目,合計,463.0,30375,,
2021-07-26,鳥取県,医療,合計,合計,812.0,63818,,
2021-07-30,鳥取県,医療,1回目,合計,291.0,33734,,
2021-07-30,鳥取県,医療,2回目,合計,698.0,31073,,
2021-07-30,鳥取県,医療,合計,合計,989.0,64807,,
2021-04-16,島根県,医療,1回目,合計,7602.0,7602,,
2021-04-16,島根県,医療,2回目,合計,4969.0,4969,,
2021-04-16,島根県,医療,合計,合計,12571.0,12571,,
2021-04-23,島根県,医療,1回目,合計,4578.0,12180,,
2021-04-23,島根県,医療,2回目,合計,1027.0,5996,,
2021-04-23,島根県,医療,合計,合計,5605.0,18176,,
2021-04-30,島根県,医療,1回目,合計,5593.0,17773,,
2021-04-30,島根県,医療,2回目,合計,1037.0,7033,,
2021-04-30,島根県,医療,合計,合計,6630.0,24806,,
2021-05-07,島根県,医療,1回目,合計,2891.0,20664,,
2021-05-07,島根県,医療,2回目,合計,307.0,7340,,
2021-05-07,島根県,医療,合計,合計,3198.0,28004,,
2021-05-21,島根県,医療,1回目,合計,7198.0,27862,,
2021-05-21,島根県,医療,2回目,合計,10167.0,17507,,
2021-05-21,島根県,医療,合計,合計,17365.0,45369,,
2021-05-28,島根県,医療,1回目,合計,3807.0,31669,,
2021-05-28,島根県,医療,2回目,合計,1792.0,19299,,
2021-05-28,島根県,医療,合計,合計,5599.0,50968,,
2021-06-04,島根県,医療,1回目,合計,3120.0,34789,,
2021-06-04,島根県,医療,2回目,合計,2973.0,22272,,
2021-06-04,島根県,医療,合計,合計,6093.0,57061,,
2021-06-11,島根県,医療,1回目,合計,1068.0,35857,,
2021-06-11,島根県,医療,2回目,合計,2778.0,25050,,
2021-06-11,島根県,医療,合計,合計,3846.0,60907,,
2021-06-18,島根県,医療,1回目,合計,1064.0,36921,,
2021-06-18,島根県,医療,2回目,合計,4185.0,29235,,
2021-06-18,島根県,医療,合計,合計,5249.0,66156,,
2021-06-25,島根県,医療,1回目,合計,815.0,37736,,
2021-06-25,島根県,医療,2回目,合計,2141.0,31376,,
2021-06-25,島根県,医療,合計,合計,2956.0,69112,,
2021-07-02,島根県,医療,1回目,合計,744.0,38480,,
2021-07-02,島根県,医療,2回目,合計,1050.0,32426,,
2021-07-02,島根県,医療,合計,合計,1794.0,70906,,
2021-07-12,島根県,医療,1回目,合計,701.0,39181,,
2021-07-12,島根県,医療,2回目,合計,765.0,33191,,
2021-07-12,島根県,医療,合計,合計,1466.0,72372,,
2021-07-19,島根県,医療,1回目,合計,911.0,40092,,
2021-07-19,島根県,医療,2回目,合計,628.0,33819,,
2021-07-19,島根県,医療,合計,合計,1539.0,73911,,
2021-07-26,島根県,医療,1回目,合計,288.0,40380,,
2021-07-26,島根県,医療,2回目,合計,626.0,34445,,
2021-07-26,島根県,医療,合計,合計,914.0,74825,,
2021-07-30,島根県,医療,1回目,合計,536.0,40916,,
2021-07-30,島根県,医療,2回目,合計,606.0,35051,,
2021-07-30,島根県,医療,合計,合計,1142.0,75967,,
2021-04-16,岡山県,医療,1回目,合計,19447.0,19447,,
2021-04-16,岡山県,医療,2回目,合計,12708.0,12708,,
2021-04-16,岡山県,医療,合計,合計,32155.0,32155,,
2021-04-23,岡山県,医療,1回目,合計,11252.0,30699,,
2021-04-23,岡山県,医療,2回目,合計,1225.0,13933,,
2021-04-23,岡山県,医療,合計,合計,12477.0,44632,,
2021-04-30,岡山県,医療,1回目,合計,15327.0,46026,,
2021-04-30,岡山県,医療,2回目,合計,2722.0,16655,,
2021-04-30,岡山県,医療,合計,合計,18049.0,62681,,
2021-05-07,岡山県,医療,1回目,合計,5670.0,51696,,
2021-05-07,岡山県,医療,2回目,合計,642.0,17297,,
2021-05-07,岡山県,医療,合計,合計,6312.0,68993,,
2021-05-21,岡山県,医療,1回目,合計,21034.0,72730,,
2021-05-21,岡山県,医療,2回目,合計,24022.0,41319,,
2021-05-21,岡山県,医療,合計,合計,45056.0,114049,,
2021-05-28,岡山県,医療,1回目,合計,11701.0,84431,,
2021-05-28,岡山県,医療,2回目,合計,6071.0,47390,,
2021-05-28,岡山県,医療,合計,合計,17772.0,131821,,
2021-06-04,岡山県,医療,1回目,合計,8038.0,92469,,
2021-06-04,岡山県,医療,2回目,合計,15243.0,62633,,
2021-06-04,岡山県,医療,合計,合計,23281.0,155102,,
2021-06-11,岡山県,医療,1回目,合計,8740.0,101209,,
2021-06-11,岡山県,医療,2回目,合計,9644.0,72277,,
2021-06-11,岡山県,医療,合計,合計,18384.0,173486,,
2021-06-18,岡山県,医療,1回目,合計,4522.0,105731,,
2021-06-18,岡山県,医療,2回目,合計,10103.0,82380,,
2021-06-18,岡山県,医療,合計,合計,14625.0,188111,,
2021-06-25,岡山県,医療,1回目,合計,7852.0,113583,,
2021-06-25,岡山県,医療,2回目,合計,7249.0,89629,,
2021-06-25,岡山県,医療,合計,合計,15101.0,203212,,
2021-07-02,岡山県,医療,1回目,合計,5659.0,119242,,
2021-07-02,岡山県,医療,2回目,合計,6312.0,95941,,
2021-07-02,岡山県,医療,合計,合計,11971.0,215183,,
2021-07-12,岡山県,医療,1回目,合計,8822.0,128064,,
2021-07-12,岡山県,医療,2回目,合計,3826.0,99767,,
2021-07-12,岡山県,医療,合計,合計,12648.0,227831,,
2021-07-19,岡山県,医療,1回目,合計,3788.0,131852,,
2021-07-19,岡山県,医療,2回目,合計,5164.0,104931,,
2021-07-19,岡山県,医療,合計,合計,8952.0,236783,,
2021-07-26,岡山県,医療,1回目,合計,825.0,132677,,
2021-07-26,岡山県,医療,2回目,合計,4418.0,109349,,
2021-07-26,岡山県,医療,合計,合計,5243.0,242026,,
2021-07-30,岡山県,医療,1回目,合計,237.0,132914,,
2021-07-30,岡山県,医療,2回目,合計,3196.0,112545,,
2021-07-30,岡山県,医療,合計,合計,3433.0,245459,,
2021-04-16,広島県,医療,1回目,合計,29083.0,29083,,
2021-04-16,広島県,医療,2回目,合計,18390.0,18390,,
2021-04-16,広島県,医療,合計,合計,47473.0,47473,,
2021-04-23,広島県,医療,1回目,合計,17026.0,46109,,
2021-04-23,広島県,医療,2回目,合計,2833.0,21223,,
2021-04-23,広島県,医療,合計,合計,19859.0,67332,,
2021-04-30,広島県,医療,1回目,合計,23630.0,69739,,
2021-04-30,広島県,医療,2回目,合計,3866.0,25089,,
2021-04-30,広島県,医療,合計,合計,27496.0,94828,,
2021-05-07,広島県,医療,1回目,合計,6458.0,76197,,
2021-05-07,広島県,医療,2回目,合計,2010.0,27099,,
2021-05-07,広島県,医療,合計,合計,8468.0,103296,,
2021-05-21,広島県,医療,1回目,合計,23047.0,99244,,
2021-05-21,広島県,医療,2回目,合計,38437.0,65536,,
2021-05-21,広島県,医療,合計,合計,61484.0,164780,,
2021-05-28,広島県,医療,1回目,合計,11037.0,110281,,
2021-05-28,広島県,医療,2回目,合計,8555.0,74091,,
2021-05-28,広島県,医療,合計,合計,19592.0,184372,,
2021-06-04,広島県,医療,1回目,合計,9062.0,119343,,
2021-06-04,広島県,医療,2回目,合計,10633.0,84724,,
2021-06-04,広島県,医療,合計,合計,19695.0,204067,,
2021-06-11,広島県,医療,1回目,合計,6520.0,125863,,
2021-06-11,広島県,医療,2回目,合計,9017.0,93741,,
2021-06-11,広島県,医療,合計,合計,15537.0,219604,,
2021-06-18,広島県,医療,1回目,合計,9006.0,134869,,
2021-06-18,広島県,医療,2回目,合計,11870.0,105611,,
2021-06-18,広島県,医療,合計,合計,20876.0,240480,,
2021-06-25,広島県,医療,1回目,合計,7660.0,142529,,
2021-06-25,広島県,医療,2回目,合計,7251.0,112862,,
2021-06-25,広島県,医療,合計,合計,14911.0,255391,,
2021-07-02,広島県,医療,1回目,合計,5513.0,148042,,
2021-07-02,広島県,医療,2回目,合計,7768.0,120630,,
2021-07-02,広島県,医療,合計,合計,13281.0,268672,,
2021-07-12,広島県,医療,1回目,合計,326.0,148368,,
2021-07-12,広島県,医療,2回目,合計,7578.0,128208,,
2021-07-12,広島県,医療,合計,合計,7904.0,276576,,
2021-07-19,広島県,医療,1回目,合計,6424.0,154792,,
2021-07-19,広島県,医療,2回目,合計,5707.0,133915,,
2021-07-19,広島県,医療,合計,合計,12131.0,288707,,
2021-07-26,広島県,医療,1回目,合計,1422.0,156214,,
2021-07-26,広島県,医療,2回目,合計,2787.0,136702,,
2021-07-26,広島県,医療,合計,合計,4209.0,292916,,
2021-07-30,広島県,医療,1回目,合計,10005.0,166219,,
2021-07-30,広島県,医療,2回目,合計,14194.0,150896,,
2021-07-30,広島県,医療,合計,合計,24199.0,317115,,
2021-04-16,山口県,医療,1回目,合計,20539.0,20539,,
2021-04-16,山口県,医療,2回目,合計,15188.0,15188,,
2021-04-16,山口県,医療,合計,合計,35727.0,35727,,
2021-04-23,山口県,医療,1回目,合計,5275.0,25814,,
2021-04-23,山口県,医療,2回目,合計,1644.0,16832,,
2021-04-23,山口県,医療,合計,合計,6919.0,42646,,
2021-04-30,山口県,医療,1回目,合計,16676.0,42490,,
2021-04-30,山口県,医療,2回目,合計,1934.0,18766,,
2021-04-30,山口県,医療,合計,合計,18610.0,61256,,
2021-05-07,山口県,医療,1回目,合計,2948.0,45438,,
2021-05-07,山口県,医療,2回目,合計,1324.0,20090,,
2021-05-07,山口県,医療,合計,合計,4272.0,65528,,
2021-05-21,山口県,医療,1回目,合計,14187.0,59625,,
2021-05-21,山口県,医療,2回目,合計,18560.0,38650,,
2021-05-21,山口県,医療,合計,合計,32747.0,98275,,
2021-05-28,山口県,医療,1回目,合計,6843.0,66468,,
2021-05-28,山口県,医療,2回目,合計,11009.0,49659,,
2021-05-28,山口県,医療,合計,合計,17852.0,116127,,
2021-06-04,山口県,医療,1回目,合計,4277.0,70745,,
2021-06-04,山口県,医療,2回目,合計,4660.0,54319,,
2021-06-04,山口県,医療,合計,合計,8937.0,125064,,
2021-06-11,山口県,医療,1回目,合計,4370.0,75115,,
2021-06-11,山口県,医療,2回目,合計,5269.0,59588,,
2021-06-11,山口県,医療,合計,合計,9639.0,134703,,
2021-06-18,山口県,医療,1回目,合計,3927.0,79042,,
2021-06-18,山口県,医療,2回目,合計,5424.0,65012,,
2021-06-18,山口県,医療,合計,合計,9351.0,144054,,
2021-06-25,山口県,医療,1回目,合計,3354.0,82396,,
2021-06-25,山口県,医療,2回目,合計,3644.0,68656,,
2021-06-25,山口県,医療,合計,合計,6998.0,151052,,
2021-07-02,山口県,医療,1回目,合計,3510.0,85906,,
2021-07-02,山口県,医療,2回目,合計,3373.0,72029,,
2021-07-02,山口県,医療,合計,合計,6883.0,157935,,
2021-07-12,山口県,医療,1回目,合計,5377.0,91283,,
2021-07-12,山口県,医療,2回目,合計,4114.0,76143,,
2021-07-12,山口県,医療,合計,合計,9491.0,167426,,
2021-07-19,山口県,医療,1回目,合計,6729.0,98012,,
2021-07-19,山口県,医療,2回目,合計,2492.0,78635,,
2021-07-19,山口県,医療,合計,合計,9221.0,176647,,
2021-07-26,山口県,医療,1回目,合計,1820.0,99832,,
2021-07-26,山口県,医療,2回目,合計,1288.0,79923,,
2021-07-26,山口県,医療,合計,合計,3108.0,179755,,
2021-07-30,山口県,医療,1回目,合計,1853.0,101685,,
2021-07-30,山口県,医療,2回目,合計,4023.0,83946,,
2021-07-30,山口県,医療,合計,合計,5876.0,185631,,
2021-04-16,徳島県,医療,1回目,合計,9715.0,9715,,
2021-04-16,徳島県,医療,2回目,合計,7173.0,7173,,
2021-04-16,徳島県,医療,合計,合計,16888.0,16888,,
2021-04-23,徳島県,医療,1回目,合計,7410.0,17125,,
2021-04-23,徳島県,医療,2回目,合計,715.0,7888,,
2021-04-23,徳島県,医療,合計,合計,8125.0,25013,,
2021-04-30,徳島県,医療,1回目,合計,9408.0,26533,,
2021-04-30,徳島県,医療,2回目,合計,969.0,8857,,
2021-04-30,徳島県,医療,合計,合計,10377.0,35390,,
2021-05-07,徳島県,医療,1回目,合計,3043.0,29576,,
2021-05-07,徳島県,医療,2回目,合計,584.0,9441,,
2021-05-07,徳島県,医療,合計,合計,3627.0,39017,,
2021-05-21,徳島県,医療,1回目,合計,7978.0,37554,,
2021-05-21,徳島県,医療,2回目,合計,16100.0,25541,,
2021-05-21,徳島県,医療,合計,合計,24078.0,63095,,
2021-05-28,徳島県,医療,1回目,合計,2340.0,39894,,
2021-05-28,徳島県,医療,2回目,合計,3728.0,29269,,
2021-05-28,徳島県,医療,合計,合計,6068.0,69163,,
2021-06-04,徳島県,医療,1回目,合計,2762.0,42656,,
2021-06-04,徳島県,医療,2回目,合計,2561.0,31830,,
2021-06-04,徳島県,医療,合計,合計,5323.0,74486,,
2021-06-11,徳島県,医療,1回目,合計,3070.0,45726,,
2021-06-11,徳島県,医療,2回目,合計,5112.0,36942,,
2021-06-11,徳島県,医療,合計,合計,8182.0,82668,,
2021-06-18,徳島県,医療,1回目,合計,1502.0,47228,,
2021-06-18,徳島県,医療,2回目,合計,2498.0,39440,,
2021-06-18,徳島県,医療,合計,合計,4000.0,86668,,
2021-06-25,徳島県,医療,1回目,合計,596.0,47824,,
2021-06-25,徳島県,医療,2回目,合計,1968.0,41408,,
2021-06-25,徳島県,医療,合計,合計,2564.0,89232,,
2021-07-02,徳島県,医療,1回目,合計,1768.0,49592,,
2021-07-02,徳島県,医療,2回目,合計,2924.0,44332,,
2021-07-02,徳島県,医療,合計,合計,4692.0,93924,,
2021-07-12,徳島県,医療,1回目,合計,749.0,50341,,
2021-07-12,徳島県,医療,2回目,合計,804.0,45136,,
2021-07-12,徳島県,医療,合計,合計,1553.0,95477,,
2021-07-19,徳島県,医療,1回目,合計,584.0,50925,,
2021-07-19,徳島県,医療,2回目,合計,652.0,45788,,
2021-07-19,徳島県,医療,合計,合計,1236.0,96713,,
2021-07-26,徳島県,医療,1回目,合計,292.0,51217,,
2021-07-26,徳島県,医療,2回目,合計,475.0,46263,,
2021-07-26,徳島県,医療,合計,合計,767.0,97480,,
2021-07-30,徳島県,医療,1回目,合計,100.0,51317,,
2021-07-30,徳島県,医療,2回目,合計,663.0,46926,,
2021-07-30,徳島県,医療,合計,合計,763.0,98243,,
2021-04-16,香川県,医療,1回目,合計,13091.0,13091,,
2021-04-16,香川県,医療,2回目,合計,6338.0,6338,,
2021-04-16,香川県,医療,合計,合計,19429.0,19429,,
2021-04-23,香川県,医療,1回目,合計,4340.0,17431,,
2021-04-23,香川県,医療,2回目,合計,1737.0,8075,,
2021-04-23,香川県,医療,合計,合計,6077.0,25506,,
2021-04-30,香川県,医療,1回目,合計,6005.0,23436,,
2021-04-30,香川県,医療,2回目,合計,2711.0,10786,,
2021-04-30,香川県,医療,合計,合計,8716.0,34222,,
2021-05-07,香川県,医療,1回目,合計,2601.0,26037,,
2021-05-07,香川県,医療,2回目,合計,1831.0,12617,,
2021-05-07,香川県,医療,合計,合計,4432.0,38654,,
2021-05-21,香川県,医療,1回目,合計,7483.0,33520,,
2021-05-21,香川県,医療,2回目,合計,10222.0,22839,,
2021-05-21,香川県,医療,合計,合計,17705.0,56359,,
2021-05-28,香川県,医療,1回目,合計,5695.0,39215,,
2021-05-28,香川県,医療,2回目,合計,3973.0,26812,,
2021-05-28,香川県,医療,合計,合計,9668.0,66027,,
2021-06-04,香川県,医療,1回目,合計,2220.0,41435,,
2021-06-04,香川県,医療,2回目,合計,3299.0,30111,,
2021-06-04,香川県,医療,合計,合計,5519.0,71546,,
2021-06-11,香川県,医療,1回目,合計,2468.0,43903,,
2021-06-11,香川県,医療,2回目,合計,3631.0,33742,,
2021-06-11,香川県,医療,合計,合計,6099.0,77645,,
2021-06-18,香川県,医療,1回目,合計,2735.0,46638,,
2021-06-18,香川県,医療,2回目,合計,4327.0,38069,,
2021-06-18,香川県,医療,合計,合計,7062.0,84707,,
2021-06-25,香川県,医療,1回目,合計,1745.0,48383,,
2021-06-25,香川県,医療,2回目,合計,2200.0,40269,,
2021-06-25,香川県,医療,合計,合計,3945.0,88652,,
2021-07-02,香川県,医療,1回目,合計,2211.0,50594,,
2021-07-02,香川県,医療,2回目,合計,2481.0,42750,,
2021-07-02,香川県,医療,合計,合計,4692.0,93344,,
2021-07-12,香川県,医療,1回目,合計,1722.0,52316,,
2021-07-12,香川県,医療,2回目,合計,2386.0,45136,,
2021-07-12,香川県,医療,合計,合計,4108.0,97452,,
2021-07-19,香川県,医療,1回目,合計,1210.0,53526,,
2021-07-19,香川県,医療,2回目,合計,2319.0,47455,,
2021-07-19,香川県,医療,合計,合計,3529.0,100981,,
2021-07-26,香川県,医療,1回目,合計,816.0,54342,,
2021-07-26,香川県,医療,2回目,合計,1492.0,48947,,
2021-07-26,香川県,医療,合計,合計,2308.0,103289,,
2021-07-30,香川県,医療,1回目,合計,353.0,54695,,
2021-07-30,香川県,医療,2回目,合計,1195.0,50142,,
2021-07-30,香川県,医療,合計,合計,1548.0,104837,,
2021-04-16,愛媛県,医療,1回目,合計,14468.0,14468,,
2021-04-16,愛媛県,医療,2回目,合計,9762.0,9762,,
2021-04-16,愛媛県,医療,合計,合計,24230.0,24230,,
2021-04-23,愛媛県,医療,1回目,合計,10157.0,24625,,
2021-04-23,愛媛県,医療,2回目,合計,1748.0,11510,,
2021-04-23,愛媛県,医療,合計,合計,11905.0,36135,,
2021-04-30,愛媛県,医療,1回目,合計,16144.0,40769,,
2021-04-30,愛媛県,医療,2回目,合計,1996.0,13506,,
2021-04-30,愛媛県,医療,合計,合計,18140.0,54275,,
2021-05-07,愛媛県,医療,1回目,合計,4522.0,45291,,
2021-05-07,愛媛県,医療,2回目,合計,1469.0,14975,,
2021-05-07,愛媛県,医療,合計,合計,5991.0,60266,,
2021-05-21,愛媛県,医療,1回目,合計,10300.0,55591,,
2021-05-21,愛媛県,医療,2回目,合計,26255.0,41230,,
2021-05-21,愛媛県,医療,合計,合計,36555.0,96821,,
2021-05-28,愛媛県,医療,1回目,合計,6718.0,62309,,
2021-05-28,愛媛県,医療,2回目,合計,5292.0,46522,,
2021-05-28,愛媛県,医療,合計,合計,12010.0,108831,,
2021-06-04,愛媛県,医療,1回目,合計,3409.0,65718,,
2021-06-04,愛媛県,医療,2回目,合計,3628.0,50150,,
2021-06-04,愛媛県,医療,合計,合計,7037.0,115868,,
2021-06-11,愛媛県,医療,1回目,合計,4529.0,70247,,
2021-06-11,愛媛県,医療,2回目,合計,4742.0,54892,,
2021-06-11,愛媛県,医療,合計,合計,9271.0,125139,,
2021-06-18,愛媛県,医療,1回目,合計,3576.0,73823,,
2021-06-18,愛媛県,医療,2回目,合計,6647.0,61539,,
2021-06-18,愛媛県,医療,合計,合計,10223.0,135362,,
2021-06-25,愛媛県,医療,1回目,合計,2883.0,76706,,
2021-06-25,愛媛県,医療,2回目,合計,2518.0,64057,,
2021-06-25,愛媛県,医療,合計,合計,5401.0,140763,,
2021-07-02,愛媛県,医療,1回目,合計,2250.0,78956,,
2021-07-02,愛媛県,医療,2回目,合計,3803.0,67860,,
2021-07-02,愛媛県,医療,合計,合計,6053.0,146816,,
2021-07-12,愛媛県,医療,1回目,合計,922.0,79878,,
2021-07-12,愛媛県,医療,2回目,合計,3760.0,71620,,
2021-07-12,愛媛県,医療,合計,合計,4682.0,151498,,
2021-07-19,愛媛県,医療,1回目,合計,791.0,80669,,
2021-07-19,愛媛県,医療,2回目,合計,2652.0,74272,,
2021-07-19,愛媛県,医療,合計,合計,3443.0,154941,,
2021-07-26,愛媛県,医療,1回目,合計,769.0,81438,,
2021-07-26,愛媛県,医療,2回目,合計,1528.0,75800,,
2021-07-26,愛媛県,医療,合計,合計,2297.0,157238,,
2021-07-30,愛媛県,医療,1回目,合計,442.0,81880,,
2021-07-30,愛媛県,医療,2回目,合計,1125.0,76925,,
2021-07-30,愛媛県,医療,合計,合計,1567.0,158805,,
2021-04-16,高知県,医療,1回目,合計,12400.0,12400,,
2021-04-16,高知県,医療,2回目,合計,6842.0,6842,,
2021-04-16,高知県,医療,合計,合計,19242.0,19242,,
2021-04-23,高知県,医療,1回目,合計,4418.0,16818,,
2021-04-23,高知県,医療,2回目,合計,2867.0,9709,,
2021-04-23,高知県,医療,合計,合計,7285.0,26527,,
2021-04-30,高知県,医療,1回目,合計,6070.0,22888,,
2021-04-30,高知県,医療,2回目,合計,2005.0,11714,,
2021-04-30,高知県,医療,合計,合計,8075.0,34602,,
2021-05-07,高知県,医療,1回目,合計,1118.0,24006,,
2021-05-07,高知県,医療,2回目,合計,1395.0,13109,,
2021-05-07,高知県,医療,合計,合計,2513.0,37115,,
2021-05-21,高知県,医療,1回目,合計,6457.0,30463,,
2021-05-21,高知県,医療,2回目,合計,9215.0,22324,,
2021-05-21,高知県,医療,合計,合計,15672.0,52787,,
2021-05-28,高知県,医療,1回目,合計,2851.0,33314,,
2021-05-28,高知県,医療,2回目,合計,3371.0,25695,,
2021-05-28,高知県,医療,合計,合計,6222.0,59009,,
2021-06-04,高知県,医療,1回目,合計,1904.0,35218,,
2021-06-04,高知県,医療,2回目,合計,2796.0,28491,,
2021-06-04,高知県,医療,合計,合計,4700.0,63709,,
2021-06-11,高知県,医療,1回目,合計,990.0,36208,,
2021-06-11,高知県,医療,2回目,合計,1846.0,30337,,
2021-06-11,高知県,医療,合計,合計,2836.0,66545,,
2021-06-18,高知県,医療,1回目,合計,1595.0,37803,,
2021-06-18,高知県,医療,2回目,合計,2065.0,32402,,
2021-06-18,高知県,医療,合計,合計,3660.0,70205,,
2021-06-25,高知県,医療,1回目,合計,2169.0,39972,,
2021-06-25,高知県,医療,2回目,合計,2483.0,34885,,
2021-06-25,高知県,医療,合計,合計,4652.0,74857,,
2021-07-02,高知県,医療,1回目,合計,2233.0,42205,,
2021-07-02,高知県,医療,2回目,合計,1764.0,36649,,
2021-07-02,高知県,医療,合計,合計,3997.0,78854,,
2021-07-12,高知県,医療,1回目,合計,698.0,42903,,
2021-07-12,高知県,医療,2回目,合計,1763.0,38412,,
2021-07-12,高知県,医療,合計,合計,2461.0,81315,,
2021-07-19,高知県,医療,1回目,合計,626.0,43529,,
2021-07-19,高知県,医療,2回目,合計,1721.0,40133,,
2021-07-19,高知県,医療,合計,合計,2347.0,83662,,
2021-07-26,高知県,医療,1回目,合計,264.0,43793,,
2021-07-26,高知県,医療,2回目,合計,1385.0,41518,,
2021-07-26,高知県,医療,合計,合計,1649.0,85311,,
2021-07-30,高知県,医療,1回目,合計,500.0,44293,,
2021-07-30,高知県,医療,2回目,合計,269.0,41787,,
2021-07-30,高知県,医療,合計,合計,769.0,86080,,
2021-04-16,福岡県,医療,1回目,合計,49874.0,49874,,
2021-04-16,福岡県,医療,2回目,合計,31150.0,31150,,
2021-04-16,福岡県,医療,合計,合計,81024.0,81024,,
2021-04-23,福岡県,医療,1回目,合計,15812.0,65686,,
2021-04-23,福岡県,医療,2回目,合計,12588.0,43738,,
2021-04-23,福岡県,医療,合計,合計,28400.0,109424,,
2021-04-30,福岡県,医療,1回目,合計,30731.0,96417,,
2021-04-30,福岡県,医療,2回目,合計,5763.0,49501,,
2021-04-30,福岡県,医療,合計,合計,36494.0,145918,,
2021-05-07,福岡県,医療,1回目,合計,13354.0,109771,,
2021-05-07,福岡県,医療,2回目,合計,3364.0,52865,,
2021-05-07,福岡県,医療,合計,合計,16718.0,162636,,
2021-05-21,福岡県,医療,1回目,合計,56023.0,165794,,
2021-05-21,福岡県,医療,2回目,合計,37823.0,90688,,
2021-05-21,福岡県,医療,合計,合計,93846.0,256482,,
2021-05-28,福岡県,医療,1回目,合計,39081.0,204875,,
2021-05-28,福岡県,医療,2回目,合計,20933.0,111621,,
2021-05-28,福岡県,医療,合計,合計,60014.0,316496,,
2021-06-04,福岡県,医療,1回目,合計,20999.0,225874,,
2021-06-04,福岡県,医療,2回目,合計,27701.0,139322,,
2021-06-04,福岡県,医療,合計,合計,48700.0,365196,,
2021-06-11,福岡県,医療,1回目,合計,10301.0,236175,,
2021-06-11,福岡県,医療,2回目,合計,27074.0,166396,,
2021-06-11,福岡県,医療,合計,合計,37375.0,402571,,
2021-06-18,福岡県,医療,1回目,合計,6455.0,242630,,
2021-06-18,福岡県,医療,2回目,合計,25974.0,192370,,
2021-06-18,福岡県,医療,合計,合計,32429.0,435000,,
2021-06-25,福岡県,医療,1回目,合計,8358.0,250988,,
2021-06-25,福岡県,医療,2回目,合計,13962.0,206332,,
2021-06-25,福岡県,医療,合計,合計,22320.0,457320,,
2021-07-02,福岡県,医療,1回目,合計,4737.0,255725,,
2021-07-02,福岡県,医療,2回目,合計,7610.0,213942,,
2021-07-02,福岡県,医療,合計,合計,12347.0,469667,,
2021-07-12,福岡県,医療,1回目,合計,6270.0,261995,,
2021-07-12,福岡県,医療,2回目,合計,13101.0,227043,,
2021-07-12,福岡県,医療,合計,合計,19371.0,489038,,
2021-07-19,福岡県,医療,1回目,合計,4095.0,266090,,
2021-07-19,福岡県,医療,2回目,合計,7223.0,234266,,
2021-07-19,福岡県,医療,合計,合計,11318.0,500356,,
2021-07-26,福岡県,医療,1回目,合計,11965.0,278055,,
2021-07-26,福岡県,医療,2回目,合計,3419.0,237685,,
2021-07-26,福岡県,医療,合計,合計,15384.0,515740,,
2021-07-30,福岡県,医療,1回目,合計,6301.0,284356,,
2021-07-30,福岡県,医療,2回目,合計,2893.0,240578,,
2021-07-30,福岡県,医療,合計,合計,9194.0,524934,,
2021-04-16,佐賀県,医療,1回目,合計,14437.0,14437,,
2021-04-16,佐賀県,医療,2回目,合計,10220.0,10220,,
2021-04-16,佐賀県,医療,合計,合計,24657.0,24657,,
2021-04-23,佐賀県,医療,1回目,合計,6917.0,21354,,
2021-04-23,佐賀県,医療,2回目,合計,152.0,10372,,
2021-04-23,佐賀県,医療,合計,合計,7069.0,31726,,
2021-04-30,佐賀県,医療,1回目,合計,8883.0,30237,,
2021-04-30,佐賀県,医療,2回目,合計,1745.0,12117,,
2021-04-30,佐賀県,医療,合計,合計,10628.0,42354,,
2021-05-07,佐賀県,医療,1回目,合計,2602.0,32839,,
2021-05-07,佐賀県,医療,2回目,合計,1331.0,13448,,
2021-05-07,佐賀県,医療,合計,合計,3933.0,46287,,
2021-05-21,佐賀県,医療,1回目,合計,8600.0,41439,,
2021-05-21,佐賀県,医療,2回目,合計,15362.0,28810,,
2021-05-21,佐賀県,医療,合計,合計,23962.0,70249,,
2021-05-28,佐賀県,医療,1回目,合計,4571.0,46010,,
2021-05-28,佐賀県,医療,2回目,合計,3581.0,32391,,
2021-05-28,佐賀県,医療,合計,合計,8152.0,78401,,
2021-06-04,佐賀県,医療,1回目,合計,1752.0,47762,,
2021-06-04,佐賀県,医療,2回目,合計,3492.0,35883,,
2021-06-04,佐賀県,医療,合計,合計,5244.0,83645,,
2021-06-11,佐賀県,医療,1回目,合計,3514.0,51276,,
2021-06-11,佐賀県,医療,2回目,合計,3640.0,39523,,
2021-06-11,佐賀県,医療,合計,合計,7154.0,90799,,
2021-06-18,佐賀県,医療,1回目,合計,1394.0,52670,,
2021-06-18,佐賀県,医療,2回目,合計,2703.0,42226,,
2021-06-18,佐賀県,医療,合計,合計,4097.0,94896,,
2021-06-25,佐賀県,医療,1回目,合計,2759.0,55429,,
2021-06-25,佐賀県,医療,2回目,合計,5605.0,47831,,
2021-06-25,佐賀県,医療,合計,合計,8364.0,103260,,
2021-07-02,佐賀県,医療,1回目,合計,2037.0,57466,,
2021-07-02,佐賀県,医療,2回目,合計,2786.0,50617,,
2021-07-02,佐賀県,医療,合計,合計,4823.0,108083,,
2021-07-12,佐賀県,医療,1回目,合計,1324.0,58790,,
2021-07-12,佐賀県,医療,2回目,合計,1220.0,51837,,
2021-07-12,佐賀県,医療,合計,合計,2544.0,110627,,
2021-07-19,佐賀県,医療,1回目,合計,876.0,59666,,
2021-07-19,佐賀県,医療,2回目,合計,1262.0,53099,,
2021-07-19,佐賀県,医療,合計,合計,2138.0,112765,,
2021-07-26,佐賀県,医療,1回目,合計,381.0,60047,,
2021-07-26,佐賀県,医療,2回目,合計,1602.0,54701,,
2021-07-26,佐賀県,医療,合計,合計,1983.0,114748,,
2021-07-30,佐賀県,医療,1回目,合計,38.0,60085,,
2021-07-30,佐賀県,医療,2回目,合計,1260.0,55961,,
2021-07-30,佐賀県,医療,合計,合計,1298.0,116046,,
2021-04-16,長崎県,医療,1回目,合計,20861.0,20861,,
2021-04-16,長崎県,医療,2回目,合計,12000.0,12000,,
2021-04-16,長崎県,医療,合計,合計,32861.0,32861,,
2021-04-23,長崎県,医療,1回目,合計,7238.0,28099,,
2021-04-23,長崎県,医療,2回目,合計,3233.0,15233,,
2021-04-23,長崎県,医療,合計,合計,10471.0,43332,,
2021-04-30,長崎県,医療,1回目,合計,11914.0,40013,,
2021-04-30,長崎県,医療,2回目,合計,3750.0,18983,,
2021-04-30,長崎県,医療,合計,合計,15664.0,58996,,
2021-05-07,長崎県,医療,1回目,合計,4891.0,44904,,
2021-05-07,長崎県,医療,2回目,合計,1325.0,20308,,
2021-05-07,長崎県,医療,合計,合計,6216.0,65212,,
2021-05-21,長崎県,医療,1回目,合計,12854.0,57758,,
2021-05-21,長崎県,医療,2回目,合計,18185.0,38493,,
2021-05-21,長崎県,医療,合計,合計,31039.0,96251,,
2021-05-28,長崎県,医療,1回目,合計,5835.0,63593,,
2021-05-28,長崎県,医療,2回目,合計,6056.0,44549,,
2021-05-28,長崎県,医療,合計,合計,11891.0,108142,,
2021-06-04,長崎県,医療,1回目,合計,3815.0,67408,,
2021-06-04,長崎県,医療,2回目,合計,5769.0,50318,,
2021-06-04,長崎県,医療,合計,合計,9584.0,117726,,
2021-06-11,長崎県,医療,1回目,合計,1273.0,68681,,
2021-06-11,長崎県,医療,2回目,合計,5453.0,55771,,
2021-06-11,長崎県,医療,合計,合計,6726.0,124452,,
2021-06-18,長崎県,医療,1回目,合計,2965.0,71646,,
2021-06-18,長崎県,医療,2回目,合計,6058.0,61829,,
2021-06-18,長崎県,医療,合計,合計,9023.0,133475,,
2021-06-25,長崎県,医療,1回目,合計,3027.0,74673,,
2021-06-25,長崎県,医療,2回目,合計,3015.0,64844,,
2021-06-25,長崎県,医療,合計,合計,6042.0,139517,,
2021-07-02,長崎県,医療,1回目,合計,981.0,75654,,
2021-07-02,長崎県,医療,2回目,合計,1299.0,66143,,
2021-07-02,長崎県,医療,合計,合計,2280.0,141797,,
2021-07-12,長崎県,医療,1回目,合計,2100.0,77754,,
2021-07-12,長崎県,医療,2回目,合計,3180.0,69323,,
2021-07-12,長崎県,医療,合計,合計,5280.0,147077,,
2021-07-19,長崎県,医療,1回目,合計,856.0,78610,,
2021-07-19,長崎県,医療,2回目,合計,713.0,70036,,
2021-07-19,長崎県,医療,合計,合計,1569.0,148646,,
2021-07-26,長崎県,医療,1回目,合計,326.0,78936,,
2021-07-26,長崎県,医療,2回目,合計,443.0,70479,,
2021-07-26,長崎県,医療,合計,合計,769.0,149415,,
2021-07-30,長崎県,医療,1回目,合計,1068.0,80004,,
2021-07-30,長崎県,医療,2回目,合計,696.0,71175,,
2021-07-30,長崎県,医療,合計,合計,1764.0,151179,,
2021-04-16,熊本県,医療,1回目,合計,27955.0,27955,,
2021-04-16,熊本県,医療,2回目,合計,17591.0,17591,,
2021-04-16,熊本県,医療,合計,合計,45546.0,45546,,
2021-04-23,熊本県,医療,1回目,合計,7827.0,35782,,
2021-04-23,熊本県,医療,2回目,合計,2963.0,20554,,
2021-04-23,熊本県,医療,合計,合計,10790.0,56336,,
2021-04-30,熊本県,医療,1回目,合計,17699.0,53481,,
2021-04-30,熊本県,医療,2回目,合計,4414.0,24968,,
2021-04-30,熊本県,医療,合計,合計,22113.0,78449,,
2021-05-07,熊本県,医療,1回目,合計,7365.0,60846,,
2021-05-07,熊本県,医療,2回目,合計,1475.0,26443,,
2021-05-07,熊本県,医療,合計,合計,8840.0,87289,,
2021-05-21,熊本県,医療,1回目,合計,17484.0,78330,,
2021-05-21,熊本県,医療,2回目,合計,19994.0,46437,,
2021-05-21,熊本県,医療,合計,合計,37478.0,124767,,
2021-05-28,熊本県,医療,1回目,合計,6968.0,85298,,
2021-05-28,熊本県,医療,2回目,合計,7078.0,53515,,
2021-05-28,熊本県,医療,合計,合計,14046.0,138813,,
2021-06-04,熊本県,医療,1回目,合計,2977.0,88275,,
2021-06-04,熊本県,医療,2回目,合計,9881.0,63396,,
2021-06-04,熊本県,医療,合計,合計,12858.0,151671,,
2021-06-11,熊本県,医療,1回目,合計,3032.0,91307,,
2021-06-11,熊本県,医療,2回目,合計,7415.0,70811,,
2021-06-11,熊本県,医療,合計,合計,10447.0,162118,,
2021-06-18,熊本県,医療,1回目,合計,4455.0,95762,,
2021-06-18,熊本県,医療,2回目,合計,12506.0,83317,,
2021-06-18,熊本県,医療,合計,合計,16961.0,179079,,
2021-06-25,熊本県,医療,1回目,合計,14888.0,110650,,
2021-06-25,熊本県,医療,2回目,合計,17114.0,100431,,
2021-06-25,熊本県,医療,合計,合計,32002.0,211081,,
2021-07-02,熊本県,医療,1回目,合計,7175.0,117825,,
2021-07-02,熊本県,医療,2回目,合計,7658.0,108089,,
2021-07-02,熊本県,医療,合計,合計,14833.0,225914,,
2021-07-12,熊本県,医療,1回目,合計,1754.0,119579,,
2021-07-12,熊本県,医療,2回目,合計,2501.0,110590,,
2021-07-12,熊本県,医療,合計,合計,4255.0,230169,,
2021-07-19,熊本県,医療,1回目,合計,654.0,120233,,
2021-07-19,熊本県,医療,2回目,合計,1457.0,112047,,
2021-07-19,熊本県,医療,合計,合計,2111.0,232280,,
2021-07-26,熊本県,医療,1回目,合計,476.0,120709,,
2021-07-26,熊本県,医療,2回目,合計,604.0,112651,,
2021-07-26,熊本県,医療,合計,合計,1080.0,233360,,
2021-07-30,熊本県,医療,1回目,合計,323.0,121032,,
2021-07-30,熊本県,医療,2回目,合計,514.0,113165,,
2021-07-30,熊本県,医療,合計,合計,837.0,234197,,
2021-04-16,大分県,医療,1回目,合計,15035.0,15035,,
2021-04-16,大分県,医療,2回目,合計,10973.0,10973,,
2021-04-16,大分県,医療,合計,合計,26008.0,26008,,
2021-04-23,大分県,医療,1回目,合計,9898.0,24933,,
2021-04-23,大分県,医療,2回目,合計,812.0,11785,,
2021-04-23,大分県,医療,合計,合計,10710.0,36718,,
2021-04-30,大分県,医療,1回目,合計,10503.0,35436,,
2021-04-30,大分県,医療,2回目,合計,1152.0,12937,,
2021-04-30,大分県,医療,合計,合計,11655.0,48373,,
2021-05-07,大分県,医療,1回目,合計,3534.0,38970,,
2021-05-07,大分県,医療,2回目,合計,548.0,13485,,
2021-05-07,大分県,医療,合計,合計,4082.0,52455,,
2021-05-21,大分県,医療,1回目,合計,9010.0,47980,,
2021-05-21,大分県,医療,2回目,合計,20385.0,33870,,
2021-05-21,大分県,医療,合計,合計,29395.0,81850,,
2021-05-28,大分県,医療,1回目,合計,5041.0,53021,,
2021-05-28,大分県,医療,2回目,合計,5742.0,39612,,
2021-05-28,大分県,医療,合計,合計,10783.0,92633,,
2021-06-04,大分県,医療,1回目,合計,3662.0,56683,,
2021-06-04,大分県,医療,2回目,合計,6971.0,46583,,
2021-06-04,大分県,医療,合計,合計,10633.0,103266,,
2021-06-11,大分県,医療,1回目,合計,3096.0,59779,,
2021-06-11,大分県,医療,2回目,合計,5763.0,52346,,
2021-06-11,大分県,医療,合計,合計,8859.0,112125,,
2021-06-18,大分県,医療,1回目,合計,2260.0,62039,,
2021-06-18,大分県,医療,2回目,合計,3250.0,55596,,
2021-06-18,大分県,医療,合計,合計,5510.0,117635,,
2021-06-25,大分県,医療,1回目,合計,2179.0,64218,,
2021-06-25,大分県,医療,2回目,合計,1783.0,57379,,
2021-06-25,大分県,医療,合計,合計,3962.0,121597,,
2021-07-02,大分県,医療,1回目,合計,1984.0,66202,,
2021-07-02,大分県,医療,2回目,合計,1301.0,58680,,
2021-07-02,大分県,医療,合計,合計,3285.0,124882,,
2021-07-12,大分県,医療,1回目,合計,3256.0,69458,,
2021-07-12,大分県,医療,2回目,合計,1361.0,60041,,
2021-07-12,大分県,医療,合計,合計,4617.0,129499,,
2021-07-19,大分県,医療,1回目,合計,2359.0,71817,,
2021-07-19,大分県,医療,2回目,合計,1700.0,61741,,
2021-07-19,大分県,医療,合計,合計,4059.0,133558,,
2021-07-26,大分県,医療,1回目,合計,1334.0,73151,,
2021-07-26,大分県,医療,2回目,合計,1433.0,63174,,
2021-07-26,大分県,医療,合計,合計,2767.0,136325,,
2021-07-30,大分県,医療,1回目,合計,763.0,73914,,
2021-07-30,大分県,医療,2回目,合計,2037.0,65211,,
2021-07-30,大分県,医療,合計,合計,2800.0,139125,,
2021-04-16,宮崎県,医療,1回目,合計,14957.0,14957,,
2021-04-16,宮崎県,医療,2回目,合計,9506.0,9506,,
2021-04-16,宮崎県,医療,合計,合計,24463.0,24463,,
2021-04-23,宮崎県,医療,1回目,合計,6939.0,21896,,
2021-04-23,宮崎県,医療,2回目,合計,2452.0,11958,,
2021-04-23,宮崎県,医療,合計,合計,9391.0,33854,,
2021-04-30,宮崎県,医療,1回目,合計,8033.0,29929,,
2021-04-30,宮崎県,医療,2回目,合計,1873.0,13831,,
2021-04-30,宮崎県,医療,合計,合計,9906.0,43760,,
2021-05-07,宮崎県,医療,1回目,合計,2922.0,32851,,
2021-05-07,宮崎県,医療,2回目,合計,557.0,14388,,
2021-05-07,宮崎県,医療,合計,合計,3479.0,47239,,
2021-05-21,宮崎県,医療,1回目,合計,6874.0,39725,,
2021-05-21,宮崎県,医療,2回目,合計,13974.0,28362,,
2021-05-21,宮崎県,医療,合計,合計,20848.0,68087,,
2021-05-28,宮崎県,医療,1回目,合計,6216.0,45941,,
2021-05-28,宮崎県,医療,2回目,合計,2555.0,30917,,
2021-05-28,宮崎県,医療,合計,合計,8771.0,76858,,
2021-06-04,宮崎県,医療,1回目,合計,3035.0,48976,,
2021-06-04,宮崎県,医療,2回目,合計,2963.0,33880,,
2021-06-04,宮崎県,医療,合計,合計,5998.0,82856,,
2021-06-11,宮崎県,医療,1回目,合計,2379.0,51355,,
2021-06-11,宮崎県,医療,2回目,合計,4571.0,38451,,
2021-06-11,宮崎県,医療,合計,合計,6950.0,89806,,
2021-06-18,宮崎県,医療,1回目,合計,2349.0,53704,,
2021-06-18,宮崎県,医療,2回目,合計,5490.0,43941,,
2021-06-18,宮崎県,医療,合計,合計,7839.0,97645,,
2021-06-25,宮崎県,医療,1回目,合計,2363.0,56067,,
2021-06-25,宮崎県,医療,2回目,合計,3375.0,47316,,
2021-06-25,宮崎県,医療,合計,合計,5738.0,103383,,
2021-07-02,宮崎県,医療,1回目,合計,1492.0,57559,,
2021-07-02,宮崎県,医療,2回目,合計,1840.0,49156,,
2021-07-02,宮崎県,医療,合計,合計,3332.0,106715,,
2021-07-12,宮崎県,医療,1回目,合計,874.0,58433,,
2021-07-12,宮崎県,医療,2回目,合計,2448.0,51604,,
2021-07-12,宮崎県,医療,合計,合計,3322.0,110037,,
2021-07-19,宮崎県,医療,1回目,合計,1764.0,60197,,
2021-07-19,宮崎県,医療,2回目,合計,1310.0,52914,,
2021-07-19,宮崎県,医療,合計,合計,3074.0,113111,,
2021-07-26,宮崎県,医療,1回目,合計,1076.0,61273,,
2021-07-26,宮崎県,医療,2回目,合計,1502.0,54416,,
2021-07-26,宮崎県,医療,合計,合計,2578.0,115689,,
2021-07-30,宮崎県,医療,1回目,合計,613.0,61886,,
2021-07-30,宮崎県,医療,2回目,合計,1500.0,55916,,
2021-07-30,宮崎県,医療,合計,合計,2113.0,117802,,
2021-04-16,鹿児島県,医療,1回目,合計,21689.0,21689,,
2021-04-16,鹿児島県,医療,2回目,合計,14758.0,14758,,
2021-04-16,鹿児島県,医療,合計,合計,36447.0,36447,,
2021-04-23,鹿児島県,医療,1回目,合計,12176.0,33865,,
2021-04-23,鹿児島県,医療,2回目,合計,2273.0,17031,,
2021-04-23,鹿児島県,医療,合計,合計,14449.0,50896,,
2021-04-30,鹿児島県,医療,1回目,合計,14562.0,48427,,
2021-04-30,鹿児島県,医療,2回目,合計,1128.0,18159,,
2021-04-30,鹿児島県,医療,合計,合計,15690.0,66586,,
2021-05-07,鹿児島県,医療,1回目,合計,5993.0,54420,,
2021-05-07,鹿児島県,医療,2回目,合計,1089.0,19248,,
2021-05-07,鹿児島県,医療,合計,合計,7082.0,73668,,
2021-05-21,鹿児島県,医療,1回目,合計,16109.0,70529,,
2021-05-21,鹿児島県,医療,2回目,合計,27722.0,46970,,
2021-05-21,鹿児島県,医療,合計,合計,43831.0,117499,,
2021-05-28,鹿児島県,医療,1回目,合計,5605.0,76134,,
2021-05-28,鹿児島県,医療,2回目,合計,5719.0,52689,,
2021-05-28,鹿児島県,医療,合計,合計,11324.0,128823,,
2021-06-04,鹿児島県,医療,1回目,合計,6429.0,82563,,
2021-06-04,鹿児島県,医療,2回目,合計,5021.0,57710,,
2021-06-04,鹿児島県,医療,合計,合計,11450.0,140273,,
2021-06-11,鹿児島県,医療,1回目,合計,6422.0,88985,,
2021-06-11,鹿児島県,医療,2回目,合計,9282.0,66992,,
2021-06-11,鹿児島県,医療,合計,合計,15704.0,155977,,
2021-06-18,鹿児島県,医療,1回目,合計,4359.0,93344,,
2021-06-18,鹿児島県,医療,2回目,合計,6307.0,73299,,
2021-06-18,鹿児島県,医療,合計,合計,10666.0,166643,,
2021-06-25,鹿児島県,医療,1回目,合計,4881.0,98225,,
2021-06-25,鹿児島県,医療,2回目,合計,5838.0,79137,,
2021-06-25,鹿児島県,医療,合計,合計,10719.0,177362,,
2021-07-02,鹿児島県,医療,1回目,合計,3272.0,101497,,
2021-07-02,鹿児島県,医療,2回目,合計,4724.0,83861,,
2021-07-02,鹿児島県,医療,合計,合計,7996.0,185358,,
2021-07-12,鹿児島県,医療,1回目,合計,2660.0,104157,,
2021-07-12,鹿児島県,医療,2回目,合計,4545.0,88406,,
2021-07-12,鹿児島県,医療,合計,合計,7205.0,192563,,
2021-07-19,鹿児島県,医療,1回目,合計,3425.0,107582,,
2021-07-19,鹿児島県,医療,2回目,合計,3893.0,92299,,
2021-07-19,鹿児島県,医療,合計,合計,7318.0,199881,,
2021-07-26,鹿児島県,医療,1回目,合計,714.0,108296,,
2021-07-26,鹿児島県,医療,2回目,合計,1732.0,94031,,
2021-07-26,鹿児島県,医療,合計,合計,2446.0,202327,,
2021-07-30,鹿児島県,医療,1回目,合計,837.0,109133,,
2021-07-30,鹿児島県,医療,2回目,合計,1707.0,95738,,
2021-07-30,鹿児島県,医療,合計,合計,2544.0,204871,,
2021-04-16,沖縄県,医療,1回目,合計,19673.0,19673,,
2021-04-16,沖縄県,医療,2回目,合計,10992.0,10992,,
2021-04-16,沖縄県,医療,合計,合計,30665.0,30665,,
2021-04-23,沖縄県,医療,1回目,合計,5498.0,25171,,
2021-04-23,沖縄県,医療,2回目,合計,3472.0,14464,,
2021-04-23,沖縄県,医療,合計,合計,8970.0,39635,,
2021-04-30,沖縄県,医療,1回目,合計,8281.0,33452,,
2021-04-30,沖縄県,医療,2回目,合計,3055.0,17519,,
2021-04-30,沖縄県,医療,合計,合計,11336.0,50971,,
2021-05-07,沖縄県,医療,1回目,合計,2921.0,36373,,
2021-05-07,沖縄県,医療,2回目,合計,1377.0,18896,,
2021-05-07,沖縄県,医療,合計,合計,4298.0,55269,,
2021-05-21,沖縄県,医療,1回目,合計,11367.0,47740,,
2021-05-21,沖縄県,医療,2回目,合計,12742.0,31638,,
2021-05-21,沖縄県,医療,合計,合計,24109.0,79378,,
2021-05-28,沖縄県,医療,1回目,合計,3022.0,50762,,
2021-05-28,沖縄県,医療,2回目,合計,3691.0,35329,,
2021-05-28,沖縄県,医療,合計,合計,6713.0,86091,,
2021-06-04,沖縄県,医療,1回目,合計,3316.0,54078,,
2021-06-04,沖縄県,医療,2回目,合計,4796.0,40125,,
2021-06-04,沖縄県,医療,合計,合計,8112.0,94203,,
2021-06-11,沖縄県,医療,1回目,合計,2105.0,56183,,
2021-06-11,沖縄県,医療,2回目,合計,4606.0,44731,,
2021-06-11,沖縄県,医療,合計,合計,6711.0,100914,,
2021-06-18,沖縄県,医療,1回目,合計,3069.0,59252,,
2021-06-18,沖縄県,医療,2回目,合計,2662.0,47393,,
2021-06-18,沖縄県,医療,合計,合計,5731.0,106645,,
2021-06-25,沖縄県,医療,1回目,合計,2616.0,61868,,
2021-06-25,沖縄県,医療,2回目,合計,2209.0,49602,,
2021-06-25,沖縄県,医療,合計,合計,4825.0,111470,,
2021-07-02,沖縄県,医療,1回目,合計,2422.0,64290,,
2021-07-02,沖縄県,医療,2回目,合計,3524.0,53126,,
2021-07-02,沖縄県,医療,合計,合計,5946.0,117416,,
2021-07-12,沖縄県,医療,1回目,合計,3527.0,67817,,
2021-07-12,沖縄県,医療,2回目,合計,2788.0,55914,,
2021-07-12,沖縄県,医療,合計,合計,6315.0,123731,,
2021-07-19,沖縄県,医療,1回目,合計,1865.0,69682,,
2021-07-19,沖縄県,医療,2回目,合計,1856.0,57770,,
2021-07-19,沖縄県,医療,合計,合計,3721.0,127452,,
2021-07-26,沖縄県,医療,1回目,合計,536.0,70218,,
2021-07-26,沖縄県,医療,2回目,合計,1574.0,59344,,
2021-07-26,沖縄県,医療,合計,合計,2110.0,129562,,
2021-07-30,沖縄県,医療,1回目,合計,1655.0,71873,,
2021-07-30,沖縄県,医療,2回目,合計,2436.0,61780,,
2021-07-30,沖縄県,医療,合計,合計,4091.0,133653,,
2021-04-16,全国,医療,1回目,合計,1198346.0,1198346,,
2021-04-16,全国,医療,2回目,合計,718396.0,718396,,
2021-04-16,全国,医療,合計,合計,1916742.0,1916742,,
2021-04-23,全国,医療,1回目,合計,566158.0,1764504,,
2021-04-23,全国,医療,2回目,合計,160338.0,878734,,
2021-04-23,全国,医療,合計,合計,726496.0,2643238,,
2021-04-30,全国,医療,1回目,合計,815418.0,2579922,,
2021-04-30,全国,医療,2回目,合計,164264.0,1042998,,
2021-04-30,全国,医療,合計,合計,979682.0,3622920,,
2021-05-07,全国,医療,1回目,合計,366143.0,2946065,,
2021-05-07,全国,医療,2回目,合計,106115.0,1149113,,
2021-05-07,全国,医療,合計,合計,472258.0,4095178,,
2021-05-21,全国,医療,1回目,合計,1019346.0,3965411,,
2021-05-21,全国,医療,2回目,合計,1323863.0,2472976,,
2021-05-21,全国,医療,合計,合計,2343209.0,6438387,,
2021-05-28,全国,医療,1回目,合計,489763.0,4455174,,
2021-05-28,全国,医療,2回目,合計,432732.0,2905708,,
2021-05-28,全国,医療,合計,合計,922495.0,7360882,,
2021-06-04,全国,医療,1回目,合計,393177.0,4848351,,
2021-06-04,全国,医療,2回目,合計,500621.0,3406329,,
2021-06-04,全国,医療,合計,合計,893798.0,8254680,,
2021-06-11,全国,医療,1回目,合計,358473.0,5206824,,
2021-06-11,全国,医療,2回目,合計,494744.0,3901073,,
2021-06-11,全国,医療,合計,合計,853217.0,9107897,,
2021-06-18,全国,医療,1回目,合計,285332.0,5492156,,
2021-06-18,全国,医療,2回目,合計,419009.0,4320082,,
2021-06-18,全国,医療,合計,合計,704341.0,9812238,,
2021-06-25,全国,医療,1回目,合計,271747.0,5763903,,
2021-06-25,全国,医療,2回目,合計,370430.0,4690512,,
2021-06-25,全国,医療,合計,合計,642177.0,10454415,,
2021-07-02,全国,医療,1回目,合計,213965.0,5977868,,
2021-07-02,全国,医療,2回目,合計,295971.0,4986483,,
2021-07-02,全国,医療,合計,合計,509936.0,10964351,,
2021-07-12,全国,医療,1回目,合計,209929.0,6187797,,
2021-07-12,全国,医療,2回目,合計,273230.0,5259713,,
2021-07-12,全国,医療,合計,合計,483159.0,11447510,,
2021-07-19,全国,医療,1回目,合計,180539.0,6368336,,
2021-07-19,全国,医療,2回目,合計,220388.0,5480101,,
2021-07-19,全国,医療,合計,合計,400927.0,11848437,,
2021-07-26,全国,医療,1回目,合計,88718.0,6457054,,
2021-07-26,全国,医療,2回目,合計,143887.0,5623988,,
2021-07-26,全国,医療,合計,合計,232605.0,12081042,,
2021-07-30,全国,医療,1回目,合計,75110.0,6532164,,
2021-07-30,全国,医療,2回目,合計,137963.0,5761951,,
2021-07-30,全国,医療,合計,合計,213073.0,12294115,,