prefecture,date,dose,cumulative_doses
北海道,2021-04-16,1回目,56808
北海道,2021-04-16,2回目,35371
北海道,2021-04-16,合計,92179
北海道,2021-04-23,1回目,72190
北海道,2021-04-23,2回目,43675
北海道,2021-04-23,合計,115865
北海道,2021-04-30,1回目,95871
北海道,2021-04-30,2回目,50237
北海道,2021-04-30,合計,146108
北海道,2021-05-07,1回目,110357
北海道,2021-05-07,2回目,54265
北海道,2021-05-07,合計,164622
北海道,2021-05-21,1回目,174981
北海道,2021-05-21,2回目,91717
北海道,2021-05-21,合計,266698
北海道,2021-05-28,1回目,206716
北海道,2021-05-28,2回目,106538
北海道,2021-05-28,合計,313254
北海道,2021-06-04,1回目,230646
北海道,2021-06-04,2回目,133919
北海道,2021-06-04,合計,364565
北海道,2021-06-11,1回目,250086
北海道,2021-06-11,2回目,170532
北海道,2021-06-11,合計,420618
北海道,2021-06-18,1回目,271936
北海道,2021-06-18,2回目,207168
北海道,2021-06-18,合計,479104
北海道,2021-06-25,1回目,288261
北海道,2021-06-25,2回目,230183
北海道,2021-06-25,合計,518444
北海道,2021-07-02,1回目,300156
北海道,2021-07-02,2回目,248079
北海道,2021-07-02,合計,548235
北海道,2021-07-12,1回目,314908
北海道,2021-07-12,2回目,265398
北海道,2021-07-12,合計,580306
北海道,2021-07-19,1回目,322374
北海道,2021-07-19,2回目,277680
北海道,2021-07-19,合計,600054
北海道,2021-07-26,1回目,326461
北海道,2021-07-26,2回目,286222
北海道,2021-07-26,合計,612683
北海道,2021-07-30,1回目,329121
北海道,2021-07-30,2回目,292889
北海道,2021-07-30,合計,622010
青森県,2021-04-16,1回目,13239
青森県,2021-04-16,2回目,7565
青森県,2021-04-16,合計,20804
青森県,2021-04-23,1回目,18443
青森県,2021-04-23,2回目,9899
青森県,2021-04-23,合計,28342
青森県,2021-04-30,1回目,26937
青森県,2021-04-30,2回目,11509
青森県,2021-04-30,合計,38446
青森県,2021-05-07,1回目,30210
青森県,2021-05-07,2回目,12861
青森県,2021-05-07,合計,43071
青森県,2021-05-21,1回目,40638
青森県,2021-05-21,2回目,26152
青森県,2021-05-21,合計,66790
青森県,2021-05-28,1回目,47256
青森県,2021-05-28,2回目,29051
青森県,2021-05-28,合計,76307
青森県,2021-06-04,1回目,52994
青森県,2021-06-04,2回目,33886
青森県,2021-06-04,合計,86880
青森県,2021-06-11,1回目,54745
青森県,2021-06-11,2回目,38689
青森県,2021-06-11,合計,93434
青森県,2021-06-18,1回目,57799
青森県,2021-06-18,2回目,44814
青森県,2021-06-18,合計,102613
青森県,2021-06-25,1回目,60309
青森県,2021-06-25,2回目,49502
青森県,2021-06-25,合計,109811
青森県,2021-07-02,1回目,62375
青森県,2021-07-02,2回目,52313
青森県,2021-07-02,合計,114688
青森県,2021-07-12,1回目,64273
青森県,2021-07-12,2回目,54764
青森県,2021-07-12,合計,119037
青森県,2021-07-19,1回目,66819
青森県,2021-07-19,2回目,58263
青森県,2021-07-19,合計,125082
青森県,2021-07-26,1回目,67229
青森県,2021-07-26,2回目,59009
青森県,2021-07-26,合計,126238
青森県,2021-07-30,1回目,67672
青森県,2021-07-30,2回目,59963
青森県,2021-07-30,合計,127635
岩手県,2021-04-16,1回目,12800
岩手県,2021-04-16,2回目,8726
岩手県,2021-04-16,合計,21526
岩手県,2021-04-23,1回目,21793
岩手県,2021-04-23,2回目,9282
岩手県,2021-04-23,合計,31075
岩手県,2021-04-30,1回目,30022
岩手県,2021-04-30,2回目,10604
岩手県,2021-04-30,合計,40626
岩手県,2021-05-07,1回目,37849
岩手県,2021-05-07,2回目,11794
岩手県,2021-05-07,合計,49643
岩手県,2021-05-21,1回目,46590
岩手県,2021-05-21,2回目,30423
岩手県,2021-05-21,合計,77013
岩手県,2021-05-28,1回目,50604
岩手県,2021-05-28,2回目,37527
岩手県,2021-05-28,合計,88131
岩手県,2021-06-04,1回目,52630
岩手県,2021-06-04,2回目,42209
岩手県,2021-06-04,合計,94839
岩手県,2021-06-11,1回目,55915
岩手県,2021-06-11,2回目,46111
岩手県,2021-06-11,合計,102026
岩手県,2021-06-18,1回目,60241
岩手県,2021-06-18,2回目,49491
岩手県,2021-06-18,合計,109732
岩手県,2021-06-25,1回目,63542
岩手県,2021-06-25,2回目,53158
岩手県,2021-06-25,合計,116700
岩手県,2021-07-02,1回目,65515
岩手県,2021-07-02,2回目,56692
岩手県,2021-07-02,合計,122207
岩手県,2021-07-12,1回目,69608
岩手県,2021-07-12,2回目,59398
岩手県,2021-07-12,合計,129006
岩手県,2021-07-19,1回目,71386
岩手県,2021-07-19,2回目,61173
岩手県,2021-07-19,合計,132559
岩手県,2021-07-26,1回目,71972
岩手県,2021-07-26,2回目,62381
岩手県,2021-07-26,合計,134353
岩手県,2021-07-30,1回目,72438
岩手県,2021-07-30,2回目,63902
岩手県,2021-07-30,合計,136340
宮城県,2021-04-16,1回目,20463
宮城県,2021-04-16,2回目,14760
宮城県,2021-04-16,合計,35223
宮城県,2021-04-23,1回目,33082
宮城県,2021-04-23,2回目,16881
宮城県,2021-04-23,合計,49963
宮城県,2021-04-30,1回目,48260
宮城県,2021-04-30,2回目,18886
宮城県,2021-04-30,合計,67146
宮城県,2021-05-07,1回目,54120
宮城県,2021-05-07,2回目,19941
宮城県,2021-05-07,合計,74061
宮城県,2021-05-21,1回目,75248
宮城県,2021-05-21,2回目,45059
宮城県,2021-05-21,合計,120307
宮城県,2021-05-28,1回目,83554
宮城県,2021-05-28,2回目,52429
宮城県,2021-05-28,合計,135983
宮城県,2021-06-04,1回目,91100
宮城県,2021-06-04,2回目,63736
宮城県,2021-06-04,合計,154836
宮城県,2021-06-11,1回目,102204
宮城県,2021-06-11,2回目,74608
宮城県,2021-06-11,合計,176812
宮城県,2021-06-18,1回目,118341
宮城県,2021-06-18,2回目,80931
宮城県,2021-06-18,合計,199272
宮城県,2021-06-25,1回目,131598
宮城県,2021-06-25,2回目,87850
宮城県,2021-06-25,合計,219448
宮城県,2021-07-02,1回目,135464
宮城県,2021-07-02,2回目,93672
宮城県,2021-07-02,合計,229136
宮城県,2021-07-12,1回目,141687
宮城県,2021-07-12,2回目,105788
宮城県,2021-07-12,合計,247475
宮城県,2021-07-19,1回目,145638
宮城県,2021-07-19,2回目,117285
宮城県,2021-07-19,合計,262923
宮城県,2021-07-26,1回目,148498
宮城県,2021-07-26,2回目,125038
宮城県,2021-07-26,合計,273536
宮城県,2021-07-30,1回目,151012
宮城県,2021-07-30,2回目,128246
宮城県,2021-07-30,合計,279258
秋田県,2021-04-16,1回目,11795
秋田県,2021-04-16,2回目,7145
秋田県,2021-04-16,合計,18940
秋田県,2021-04-23,1回目,18213
秋田県,2021-04-23,2回目,8291
秋田県,2021-04-23,合計,26504
秋田県,2021-04-30,1回目,23819
秋田県,2021-04-30,2回目,10871
秋田県,2021-04-30,合計,34690
秋田県,2021-05-07,1回目,24963
秋田県,2021-05-07,2回目,11830
秋田県,2021-05-07,合計,36793
秋田県,2021-05-21,1回目,31983
秋田県,2021-05-21,2回目,23625
秋田県,2021-05-21,合計,55608
秋田県,2021-05-28,1回目,37115
秋田県,2021-05-28,2回目,24610
秋田県,2021-05-28,合計,61725
秋田県,2021-06-04,1回目,40879
秋田県,2021-06-04,2回目,28160
秋田県,2021-06-04,合計,69039
秋田県,2021-06-11,1回目,43880
秋田県,2021-06-11,2回目,32338
秋田県,2021-06-11,合計,76218
秋田県,2021-06-18,1回目,45599
秋田県,2021-06-18,2回目,36221
秋田県,2021-06-18,合計,81820
秋田県,2021-06-25,1回目,49178
秋田県,2021-06-25,2回目,39794
秋田県,2021-06-25,合計,88972
秋田県,2021-07-02,1回目,51758
秋田県,2021-07-02,2回目,40623
秋田県,2021-07-02,合計,92381
秋田県,2021-07-12,1回目,54610
秋田県,2021-07-12,2回目,44011
秋田県,2021-07-12,合計,98621
秋田県,2021-07-19,1回目,56343
秋田県,2021-07-19,2回目,47787
秋田県,2021-07-19,合計,104130
秋田県,2021-07-26,1回目,57053
秋田県,2021-07-26,2回目,49484
秋田県,2021-07-26,合計,106537
秋田県,2021-07-30,1回目,57783
秋田県,2021-07-30,2回目,52185
秋田県,2021-07-30,合計,109968
山形県,2021-04-16,1回目,13314
山形県,2021-04-16,2回目,8168
山形県,2021-04-16,合計,21482
山形県,2021-04-23,1回目,17544
山形県,2021-04-23,2回目,9520
山形県,2021-04-23,合計,27064
山形県,2021-04-30,1回目,26320
山形県,2021-04-30,2回目,11652
山形県,2021-04-30,合計,37972
山形県,2021-05-07,1回目,30693
山形県,2021-05-07,2回目,12934
山形県,2021-05-07,合計,43627
山形県,2021-05-21,1回目,38741
山形県,2021-05-21,2回目,24600
山形県,2021-05-21,合計,63341
山形県,2021-05-28,1回目,44796
山形県,2021-05-28,2回目,31362
山形県,2021-05-28,合計,76158
山形県,2021-06-04,1回目,48395
山形県,2021-06-04,2回目,36450
山形県,2021-06-04,合計,84845
山形県,2021-06-11,1回目,50547
山形県,2021-06-11,2回目,40425
山形県,2021-06-11,合計,90972
山形県,2021-06-18,1回目,52480
山形県,2021-06-18,2回目,43101
山形県,2021-06-18,合計,95581
山形県,2021-06-25,1回目,53942
山形県,2021-06-25,2回目,46185
山形県,2021-06-25,合計,100127
山形県,2021-07-02,1回目,55104
山形県,2021-07-02,2回目,48295
山形県,2021-07-02,合計,103399
山形県,2021-07-12,1回目,57616
山形県,2021-07-12,2回目,50738
山形県,2021-07-12,合計,108354
山形県,2021-07-19,1回目,58503
山形県,2021-07-19,2回目,52157
山形県,2021-07-19,合計,110660
山形県,2021-07-26,1回目,59058
山形県,2021-07-26,2回目,53404
山形県,2021-07-26,合計,112462
山形県,2021-07-30,1回目,59511
山形県,2021-07-30,2回目,55047
山形県,2021-07-30,合計,114558
福島県,2021-04-16,1回目,18322
福島県,2021-04-16,2回目,11096
福島県,2021-04-16,合計,29418
福島県,2021-04-23,1回目,24287
福島県,2021-04-23,2回目,13741
福島県,2021-04-23,合計,38028
福島県,2021-04-30,1回目,38649
福島県,2021-04-30,2回目,16968
福島県,2021-04-30,合計,55617
福島県,2021-05-07,1回目,46232
福島県,2021-05-07,2回目,18410
福島県,2021-05-07,合計,64642
福島県,2021-05-21,1回目,62448
福島県,2021-05-21,2回目,36148
福島県,2021-05-21,合計,98596
福島県,2021-05-28,1回目,69717
福島県,2021-05-28,2回目,46393
福島県,2021-05-28,合計,116110
福島県,2021-06-04,1回目,77667
福島県,2021-06-04,2回目,58307
福島県,2021-06-04,合計,135974
福島県,2021-06-11,1回目,84704
福島県,2021-06-11,2回目,66491
福島県,2021-06-11,合計,151195
福島県,2021-06-18,1回目,88224
福島県,2021-06-18,2回目,71337
福島県,2021-06-18,合計,159561
福島県,2021-06-25,1回目,93105
福島県,2021-06-25,2回目,75296
福島県,2021-06-25,合計,168401
福島県,2021-07-02,1回目,96477
福島県,2021-07-02,2回目,82682
福島県,2021-07-02,合計,179159
福島県,2021-07-12,1回目,99621
福島県,2021-07-12,2回目,87763
福島県,2021-07-12,合計,187384
福島県,2021-07-19,1回目,103523
福島県,2021-07-19,2回目,92544
福島県,2021-07-19,合計,196067
福島県,2021-07-26,1回目,104647
福島県,2021-07-26,2回目,95097
福島県,2021-07-26,合計,199744
福島県,2021-07-30,1回目,105214
福島県,2021-07-30,2回目,96909
福島県,2021-07-30,合計,202123
茨城県,2021-04-16,1回目,26364
茨城県,2021-04-16,2回目,17191
茨城県,2021-04-16,合計,43555
茨城県,2021-04-23,1回目,40370
茨城県,2021-04-23,2回目,20340
茨城県,2021-04-23,合計,60710
茨城県,2021-04-30,1回目,57446
茨城県,2021-04-30,2回目,24221
茨城県,2021-04-30,合計,81667
茨城県,2021-05-07,1回目,65786
茨城県,2021-05-07,2回目,25787
茨城県,2021-05-07,合計,91573
茨城県,2021-05-21,1回目,92277
茨城県,2021-05-21,2回目,54649
茨城県,2021-05-21,合計,146926
茨城県,2021-05-28,1回目,103831
茨城県,2021-05-28,2回目,64421
茨城県,2021-05-28,合計,168252
茨城県,2021-06-04,1回目,112541
茨城県,2021-06-04,2回目,75529
茨城県,2021-06-04,合計,188070
茨城県,2021-06-11,1回目,120823
茨城県,2021-06-11,2回目,89192
茨城県,2021-06-11,合計,210015
茨城県,2021-06-18,1回目,126602
茨城県,2021-06-18,2回目,98670
茨城県,2021-06-18,合計,225272
茨城県,2021-06-25,1回目,131033
茨城県,2021-06-25,2回目,103961
茨城県,2021-06-25,合計,234994
茨城県,2021-07-02,1回目,135551
茨城県,2021-07-02,2回目,110564
茨城県,2021-07-02,合計,246115
茨城県,2021-07-12,1回目,140623
茨城県,2021-07-12,2回目,117228
茨城県,2021-07-12,合計,257851
茨城県,2021-07-19,1回目,142629
茨城県,2021-07-19,2回目,122191
茨城県,2021-07-19,合計,264820
茨城県,2021-07-26,1回目,143672
茨城県,2021-07-26,2回目,124498
茨城県,2021-07-26,合計,268170
茨城県,2021-07-30,1回目,145190
茨城県,2021-07-30,2回目,127183
茨城県,2021-07-30,合計,272373
栃木県,2021-04-16,1回目,17766
栃木県,2021-04-16,2回目,11995
栃木県,2021-04-16,合計,29761
栃木県,2021-04-23,1回目,28116
栃木県,2021-04-23,2回目,14716
栃木県,2021-04-23,合計,42832
栃木県,2021-04-30,1回目,40441
栃木県,2021-04-30,2回目,17174
栃木県,2021-04-30,合計,57615
栃木県,2021-05-07,1回目,45934
栃木県,2021-05-07,2回目,17641
栃木県,2021-05-07,合計,63575
栃木県,2021-05-21,1回目,58072
栃木県,2021-05-21,2回目,38834
栃木県,2021-05-21,合計,96906
栃木県,2021-05-28,1回目,63455
栃木県,2021-05-28,2回目,44161
栃木県,2021-05-28,合計,107616
栃木県,2021-06-04,1回目,67783
栃木県,2021-06-04,2回目,52327
栃木県,2021-06-04,合計,120110
栃木県,2021-06-11,1回目,73225
栃木県,2021-06-11,2回目,56851
栃木県,2021-06-11,合計,130076
栃木県,2021-06-18,1回目,75749
栃木県,2021-06-18,2回目,60079
栃木県,2021-06-18,合計,135828
栃木県,2021-06-25,1回目,77455
栃木県,2021-06-25,2回目,62856
栃木県,2021-06-25,合計,140311
栃木県,2021-07-02,1回目,79482
栃木県,2021-07-02,2回目,67881
栃木県,2021-07-02,合計,147363
栃木県,2021-07-12,1回目,81839
栃木県,2021-07-12,2回目,71421
栃木県,2021-07-12,合計,153260
栃木県,2021-07-19,1回目,83586
栃木県,2021-07-19,2回目,73454
栃木県,2021-07-19,合計,157040
栃木県,2021-07-26,1回目,84294
栃木県,2021-07-26,2回目,74550
栃木県,2021-07-26,合計,158844
栃木県,2021-07-30,1回目,85170
栃木県,2021-07-30,2回目,75566
栃木県,2021-07-30,合計,160736
群馬県,2021-04-16,1回目,19586
群馬県,2021-04-16,2回目,11749
群馬県,2021-04-16,合計,31335
群馬県,2021-04-23,1回目,28812
群馬県,2021-04-23,2回目,15249
群馬県,2021-04-23,合計,44061
群馬県,2021-04-30,1回目,43152
群馬県,2021-04-30,2回目,17659
群馬県,2021-04-30,合計,60811
群馬県,2021-05-07,1回目,47455
群馬県,2021-05-07,2回目,19084
群馬県,2021-05-07,合計,66539
群馬県,2021-05-21,1回目,63057
群馬県,2021-05-21,2回目,39847
群馬県,2021-05-21,合計,102904
群馬県,2021-05-28,1回目,73969
群馬県,2021-05-28,2回目,45821
群馬県,2021-05-28,合計,119790
群馬県,2021-06-04,1回目,80590
群馬県,2021-06-04,2回目,52781
群馬県,2021-06-04,合計,133371
群馬県,2021-06-11,1回目,86669
群馬県,2021-06-11,2回目,60715
群馬県,2021-06-11,合計,147384
群馬県,2021-06-18,1回目,90271
群馬県,2021-06-18,2回目,68352
群馬県,2021-06-18,合計,158623
群馬県,2021-06-25,1回目,94374
群馬県,2021-06-25,2回目,75026
群馬県,2021-06-25,合計,169400
群馬県,2021-07-02,1回目,97079
群馬県,2021-07-02,2回目,79836
群馬県,2021-07-02,合計,176915
群馬県,2021-07-12,1回目,100123
群馬県,2021-07-12,2回目,82886
群馬県,2021-07-12,合計,183009
群馬県,2021-07-19,1回目,100666
群馬県,2021-07-19,2回目,85499
群馬県,2021-07-19,合計,186165
群馬県,2021-07-26,1回目,103301
群馬県,2021-07-26,2回目,87787
群馬県,2021-07-26,合計,191088
群馬県,2021-07-30,1回目,104105
群馬県,2021-07-30,2回目,89498
群馬県,2021-07-30,合計,193603
埼玉県,2021-04-16,1回目,52044
埼玉県,2021-04-16,2回目,29693
埼玉県,2021-04-16,合計,81737
埼玉県,2021-04-23,1回目,85296
埼玉県,2021-04-23,2回目,37892
埼玉県,2021-04-23,合計,123188
埼玉県,2021-04-30,1回目,122806
埼玉県,2021-04-30,2回目,47250
埼玉県,2021-04-30,合計,170056
埼玉県,2021-05-07,1回目,144470
埼玉県,2021-05-07,2回目,51885
埼玉県,2021-05-07,合計,196355
埼玉県,2021-05-21,1回目,197042
埼玉県,2021-05-21,2回目,124096
埼玉県,2021-05-21,合計,321138
埼玉県,2021-05-28,1回目,217373
埼玉県,2021-05-28,2回目,147112
埼玉県,2021-05-28,合計,364485
埼玉県,2021-06-04,1回目,234491
埼玉県,2021-06-04,2回目,172567
埼玉県,2021-06-04,合計,407058
埼玉県,2021-06-11,1回目,248222
埼玉県,2021-06-11,2回目,193981
埼玉県,2021-06-11,合計,442203
埼玉県,2021-06-18,1回目,264078
埼玉県,2021-06-18,2回目,211884
埼玉県,2021-06-18,合計,475962
埼玉県,2021-06-25,1回目,278469
埼玉県,2021-06-25,2回目,226412
埼玉県,2021-06-25,合計,504881
埼玉県,2021-07-02,1回目,286035
埼玉県,2021-07-02,2回目,237431
埼玉県,2021-07-02,合計,523466
埼玉県,2021-07-12,1回目,297370
埼玉県,2021-07-12,2回目,249762
埼玉県,2021-07-12,合計,547132
埼玉県,2021-07-19,1回目,306550
埼玉県,2021-07-19,2回目,260644
埼玉県,2021-07-19,合計,567194
埼玉県,2021-07-26,1回目,312262
埼玉県,2021-07-26,2回目,268532
埼玉県,2021-07-26,合計,580794
埼玉県,2021-07-30,1回目,316629
埼玉県,2021-07-30,2回目,277556
埼玉県,2021-07-30,合計,594185
千葉県,2021-04-16,1回目,49198
千葉県,2021-04-16,2回目,32533
千葉県,2021-04-16,合計,81731
千葉県,2021-04-23,1回目,70266
千葉県,2021-04-23,2回目,36920
千葉県,2021-04-23,合計,107186
千葉県,2021-04-30,1回目,102528
千葉県,2021-04-30,2回目,42707
千葉県,2021-04-30,合計,145235
千葉県,2021-05-07,1回目,115257
千葉県,2021-05-07,2回目,45589
千葉県,2021-05-07,合計,160846
千葉県,2021-05-21,1回目,160839
千葉県,2021-05-21,2回目,96489
千葉県,2021-05-21,合計,257328
千葉県,2021-05-28,1回目,182851
千葉県,2021-05-28,2回目,112996
千葉県,2021-05-28,合計,295847
千葉県,2021-06-04,1回目,202019
千葉県,2021-06-04,2回目,132821
千葉県,2021-06-04,合計,334840
千葉県,2021-06-11,1回目,220375
千葉県,2021-06-11,2回目,158230
千葉県,2021-06-11,合計,378605
千葉県,2021-06-18,1回目,234137
千葉県,2021-06-18,2回目,175956
千葉県,2021-06-18,合計,410093
千葉県,2021-06-25,1回目,246606
千葉県,2021-06-25,2回目,192370
千葉県,2021-06-25,合計,438976
千葉県,2021-07-02,1回目,253947
千葉県,2021-07-02,2回目,206141
千葉県,2021-07-02,合計,460088
千葉県,2021-07-12,1回目,262092
千葉県,2021-07-12,2回目,218769
千葉県,2021-07-12,合計,480861
千葉県,2021-07-19,1回目,267056
千葉県,2021-07-19,2回目,229000
千葉県,2021-07-19,合計,496056
千葉県,2021-07-26,1回目,269512
千葉県,2021-07-26,2回目,234361
千葉県,2021-07-26,合計,503873
千葉県,2021-07-30,1回目,270761
千葉県,2021-07-30,2回目,239619
千葉県,2021-07-30,合計,510380
東京都,2021-04-16,1回目,117683
東京都,2021-04-16,2回目,63168
東京都,2021-04-16,合計,180851
東京都,2021-04-23,1回目,173280
東京都,2021-04-23,2回目,81233
東京都,2021-04-23,合計,254513
東京都,2021-04-30,1回目,251192
東京都,2021-04-30,2回目,102813
東京都,2021-04-30,合計,354005
東京都,2021-05-07,1回目,290463
東京都,2021-05-07,2回目,114520
東京都,2021-05-07,合計,404983
東京都,2021-05-21,1回目,386025
東京都,2021-05-21,2回目,245905
東京都,2021-05-21,合計,631930
東京都,2021-05-28,1回目,439082
東京都,2021-05-28,2回目,298431
東京都,2021-05-28,合計,737513
東京都,2021-06-04,1回目,469872
東京都,2021-06-04,2回目,345083
東京都,2021-06-04,合計,814955
東京都,2021-06-11,1回目,502186
東京都,2021-06-11,2回目,386558
東京都,2021-06-11,合計,888744
東京都,2021-06-18,1回目,529040
東京都,2021-06-18,2回目,418358
東京都,2021-06-18,合計,947398
東京都,2021-06-25,1回目,548036
東京都,2021-06-25,2回目,446873
東京都,2021-06-25,合計,994909
東京都,2021-07-02,1回目,570744
東京都,2021-07-02,2回目,477433
東京都,2021-07-02,合計,1048177
東京都,2021-07-12,1回目,589802
東京都,2021-07-12,2回目,501618
東京都,2021-07-12,合計,1091420
東京都,2021-07-19,1回目,600150
東京都,2021-07-19,2回目,522690
東京都,2021-07-19,合計,1122840
東京都,2021-07-26,1回目,606764
東京都,2021-07-26,2回目,537780
東京都,2021-07-26,合計,1144544
東京都,2021-07-30,1回目,610484
東京都,2021-07-30,2回目,545945
東京都,2021-07-30,合計,1156429
神奈川県,2021-04-16,1回目,50264
神奈川県,2021-04-16,2回目,28998
神奈川県,2021-04-16,合計,79262
神奈川県,2021-04-23,1回目,79039
神奈川県,2021-04-23,2回目,34719
神奈川県,2021-04-23,合計,113758
神奈川県,2021-04-30,1回目,135263
神奈川県,2021-04-30,2回目,40390
神奈川県,2021-04-30,合計,175653
神奈川県,2021-05-07,1回目,167971
神奈川県,2021-05-07,2回目,47723
神奈川県,2021-05-07,合計,215694
神奈川県,2021-05-21,1回目,229503
神奈川県,2021-05-21,2回目,131780
神奈川県,2021-05-21,合計,361283
神奈川県,2021-05-28,1回目,258774
神奈川県,2021-05-28,2回目,169710
神奈川県,2021-05-28,合計,428484
神奈川県,2021-06-04,1回目,288694
神奈川県,2021-06-04,2回目,203344
神奈川県,2021-06-04,合計,492038
神奈川県,2021-06-11,1回目,312476
神奈川県,2021-06-11,2回目,228644
神奈川県,2021-06-11,合計,541120
神奈川県,2021-06-18,1回目,331804
神奈川県,2021-06-18,2回目,251843
神奈川県,2021-06-18,合計,583647
神奈川県,2021-06-25,1回目,346183
神奈川県,2021-06-25,2回目,286363
神奈川県,2021-06-25,合計,632546
神奈川県,2021-07-02,1回目,360112
神奈川県,2021-07-02,2回目,299471
神奈川県,2021-07-02,合計,659583
神奈川県,2021-07-12,1回目,372043
神奈川県,2021-07-12,2回目,320003
神奈川県,2021-07-12,合計,692046
神奈川県,2021-07-19,1回目,384341
神奈川県,2021-07-19,2回目,332919
神奈川県,2021-07-19,合計,717260
神奈川県,2021-07-26,1回目,389647
神奈川県,2021-07-26,2回目,341269
神奈川県,2021-07-26,合計,730916
神奈川県,2021-07-30,1回目,396406
神奈川県,2021-07-30,2回目,348055
神奈川県,2021-07-30,合計,744461
新潟県,2021-04-16,1回目,22757
新潟県,2021-04-16,2回目,11211
新潟県,2021-04-16,合計,33968
新潟県,2021-04-23,1回目,35419
新潟県,2021-04-23,2回目,14331
新潟県,2021-04-23,合計,49750
新潟県,2021-04-30,1回目,50097
新潟県,2021-04-30,2回目,18256
新潟県,2021-04-30,合計,68353
新潟県,2021-05-07,1回目,56252
新潟県,2021-05-07,2回目,20418
新潟県,2021-05-07,合計,76670
新潟県,2021-05-21,1回目,66971
新潟県,2021-05-21,2回目,48783
新潟県,2021-05-21,合計,115754
新潟県,2021-05-28,1回目,74293
新潟県,2021-05-28,2回目,53982
新潟県,2021-05-28,合計,128275
新潟県,2021-06-04,1回目,81818
新潟県,2021-06-04,2回目,59342
新潟県,2021-06-04,合計,141160
新潟県,2021-06-11,1回目,91384
新潟県,2021-06-11,2回目,64948
新潟県,2021-06-11,合計,156332
新潟県,2021-06-18,1回目,96436
新潟県,2021-06-18,2回目,72212
新潟県,2021-06-18,合計,168648
新潟県,2021-06-25,1回目,104531
新潟県,2021-06-25,2回目,78649
新潟県,2021-06-25,合計,183180
新潟県,2021-07-02,1回目,109995
新潟県,2021-07-02,2回目,84449
新潟県,2021-07-02,合計,194444
新潟県,2021-07-12,1回目,115106
新潟県,2021-07-12,2回目,88331
新潟県,2021-07-12,合計,203437
新潟県,2021-07-19,1回目,118113
新潟県,2021-07-19,2回目,92704
新潟県,2021-07-19,合計,210817
新潟県,2021-07-26,1回目,120067
新潟県,2021-07-26,2回目,95460
新潟県,2021-07-26,合計,215527
新潟県,2021-07-30,1回目,120665
新潟県,2021-07-30,2回目,98712
新潟県,2021-07-30,合計,219377
富山県,2021-04-16,1回目,12278
富山県,2021-04-16,2回目,8088
富山県,2021-04-16,合計,20366
富山県,2021-04-23,1回目,18351
富山県,2021-04-23,2回目,9053
富山県,2021-04-23,合計,27404
富山県,2021-04-30,1回目,28104
富山県,2021-04-30,2回目,10519
富山県,2021-04-30,合計,38623
富山県,2021-05-07,1回目,30794
富山県,2021-05-07,2回目,11961
富山県,2021-05-07,合計,42755
富山県,2021-05-21,1回目,38495
富山県,2021-05-21,2回目,26440
富山県,2021-05-21,合計,64935
富山県,2021-05-28,1回目,43375
富山県,2021-05-28,2回目,29744
富山県,2021-05-28,合計,73119
富山県,2021-06-04,1回目,45526
富山県,2021-06-04,2回目,33800
富山県,2021-06-04,合計,79326
富山県,2021-06-11,1回目,47392
富山県,2021-06-11,2回目,36621
富山県,2021-06-11,合計,84013
富山県,2021-06-18,1回目,49858
富山県,2021-06-18,2回目,40507
富山県,2021-06-18,合計,90365
富山県,2021-06-25,1回目,51826
富山県,2021-06-25,2回目,44231
富山県,2021-06-25,合計,96057
富山県,2021-07-02,1回目,53562
富山県,2021-07-02,2回目,46675
富山県,2021-07-02,合計,100237
富山県,2021-07-12,1回目,54203
富山県,2021-07-12,2回目,48764
富山県,2021-07-12,合計,102967
富山県,2021-07-19,1回目,55662
富山県,2021-07-19,2回目,50215
富山県,2021-07-19,合計,105877
富山県,2021-07-26,1回目,56101
富山県,2021-07-26,2回目,51277
富山県,2021-07-26,合計,107378
富山県,2021-07-30,1回目,56053
富山県,2021-07-30,2回目,52314
富山県,2021-07-30,合計,108367
石川県,2021-04-16,1回目,12267
石川県,2021-04-16,2回目,5878
石川県,2021-04-16,合計,18145
石川県,2021-04-23,1回目,20988
石川県,2021-04-23,2回目,8966
石川県,2021-04-23,合計,29954
石川県,2021-04-30,1回目,29327
石川県,2021-04-30,2回目,10501
石川県,2021-04-30,合計,39828
石川県,2021-05-07,1回目,33285
石川県,2021-05-07,2回目,11115
石川県,2021-05-07,合計,44400
石川県,2021-05-21,1回目,41724
石川県,2021-05-21,2回目,29895
石川県,2021-05-21,合計,71619
石川県,2021-05-28,1回目,46070
石川県,2021-05-28,2回目,33078
石川県,2021-05-28,合計,79148
石川県,2021-06-04,1回目,51549
石川県,2021-06-04,2回目,36686
石川県,2021-06-04,合計,88235
石川県,2021-06-11,1回目,55800
石川県,2021-06-11,2回目,41602
石川県,2021-06-11,合計,97402
石川県,2021-06-18,1回目,57788
石川県,2021-06-18,2回目,45163
石川県,2021-06-18,合計,102951
石川県,2021-06-25,1回目,60602
石川県,2021-06-25,2回目,48910
石川県,2021-06-25,合計,109512
石川県,2021-07-02,1回目,62367
石川県,2021-07-02,2回目,53383
石川県,2021-07-02,合計,115750
石川県,2021-07-12,1回目,64457
石川県,2021-07-12,2回目,56480
石川県,2021-07-12,合計,120937
石川県,2021-07-19,1回目,65653
石川県,2021-07-19,2回目,58339
石川県,2021-07-19,合計,123992
石川県,2021-07-26,1回目,66720
石川県,2021-07-26,2回目,59940
石川県,2021-07-26,合計,126660
石川県,2021-07-30,1回目,66996
石川県,2021-07-30,2回目,60847
石川県,2021-07-30,合計,127843
福井県,2021-04-16,1回目,8172
福井県,2021-04-16,2回目,5317
福井県,2021-04-16,合計,13489
福井県,2021-04-23,1回目,15162
福井県,2021-04-23,2回目,6199
福井県,2021-04-23,合計,21361
福井県,2021-04-30,1回目,25871
福井県,2021-04-30,2回目,7132
福井県,2021-04-30,合計,33003
福井県,2021-05-07,1回目,28972
福井県,2021-05-07,2回目,7887
福井県,2021-05-07,合計,36859
福井県,2021-05-21,1回目,36322
福井県,2021-05-21,2回目,24032
福井県,2021-05-21,合計,60354
福井県,2021-05-28,1回目,37429
福井県,2021-05-28,2回目,28856
福井県,2021-05-28,合計,66285
福井県,2021-06-04,1回目,40693
福井県,2021-06-04,2回目,33297
福井県,2021-06-04,合計,73990
福井県,2021-06-11,1回目,42535
福井県,2021-06-11,2回目,36387
福井県,2021-06-11,合計,78922
福井県,2021-06-18,1回目,43859
福井県,2021-06-18,2回目,38739
福井県,2021-06-18,合計,82598
福井県,2021-06-25,1回目,44945
福井県,2021-06-25,2回目,40221
福井県,2021-06-25,合計,85166
福井県,2021-07-02,1回目,47295
福井県,2021-07-02,2回目,41540
福井県,2021-07-02,合計,88835
福井県,2021-07-12,1回目,48301
福井県,2021-07-12,2回目,42396
福井県,2021-07-12,合計,90697
福井県,2021-07-19,1回目,48481
福井県,2021-07-19,2回目,43268
福井県,2021-07-19,合計,91749
福井県,2021-07-26,1回目,48464
福井県,2021-07-26,2回目,45090
福井県,2021-07-26,合計,93554
福井県,2021-07-30,1回目,48565
福井県,2021-07-30,2回目,45831
福井県,2021-07-30,合計,94396
山梨県,2021-04-16,1回目,7423
山梨県,2021-04-16,2回目,5336
山梨県,2021-04-16,合計,12759
山梨県,2021-04-23,1回目,9229
山梨県,2021-04-23,2回目,6223
山梨県,2021-04-23,合計,15452
山梨県,2021-04-30,1回目,14809
山梨県,2021-04-30,2回目,7480
山梨県,2021-04-30,合計,22289
山梨県,2021-05-07,1回目,16466
山梨県,2021-05-07,2回目,7809
山梨県,2021-05-07,合計,24275
山梨県,2021-05-21,1回目,26774
山梨県,2021-05-21,2回目,14854
山梨県,2021-05-21,合計,41628
山梨県,2021-05-28,1回目,29958
山梨県,2021-05-28,2回目,16809
山梨県,2021-05-28,合計,46767
山梨県,2021-06-04,1回目,32796
山梨県,2021-06-04,2回目,21299
山梨県,2021-06-04,合計,54095
山梨県,2021-06-11,1回目,34598
山梨県,2021-06-11,2回目,25959
山梨県,2021-06-11,合計,60557
山梨県,2021-06-18,1回目,35504
山梨県,2021-06-18,2回目,28568
山梨県,2021-06-18,合計,64072
山梨県,2021-06-25,1回目,37195
山梨県,2021-06-25,2回目,30474
山梨県,2021-06-25,合計,67669
山梨県,2021-07-02,1回目,41395
山梨県,2021-07-02,2回目,33421
山梨県,2021-07-02,合計,74816
山梨県,2021-07-12,1回目,42726
山梨県,2021-07-12,2回目,34787
山梨県,2021-07-12,合計,77513
山梨県,2021-07-19,1回目,43821
山梨県,2021-07-19,2回目,36353
山梨県,2021-07-19,合計,80174
山梨県,2021-07-26,1回目,44169
山梨県,2021-07-26,2回目,37248
山梨県,2021-07-26,合計,81417
山梨県,2021-07-30,1回目,42589
山梨県,2021-07-30,2回目,38081
山梨県,2021-07-30,合計,80670
長野県,2021-04-16,1回目,20499
長野県,2021-04-16,2回目,10391
長野県,2021-04-16,合計,30890
長野県,2021-04-23,1回目,30323
長野県,2021-04-23,2回目,13030
長野県,2021-04-23,合計,43353
長野県,2021-04-30,1回目,42792
長野県,2021-04-30,2回目,15816
長野県,2021-04-30,合計,58608
長野県,2021-05-07,1回目,49713
長野県,2021-05-07,2回目,17471
長野県,2021-05-07,合計,67184
長野県,2021-05-21,1回目,65573
長野県,2021-05-21,2回目,42375
長野県,2021-05-21,合計,107948
長野県,2021-05-28,1回目,72223
長野県,2021-05-28,2回目,47775
長野県,2021-05-28,合計,119998
長野県,2021-06-04,1回目,77494
長野県,2021-06-04,2回目,56250
長野県,2021-06-04,合計,133744
長野県,2021-06-11,1回目,82515
長野県,2021-06-11,2回目,64343
長野県,2021-06-11,合計,146858
長野県,2021-06-18,1回目,86426
長野県,2021-06-18,2回目,71062
長野県,2021-06-18,合計,157488
長野県,2021-06-25,1回目,88915
長野県,2021-06-25,2回目,74355
長野県,2021-06-25,合計,163270
長野県,2021-07-02,1回目,92902
長野県,2021-07-02,2回目,78928
長野県,2021-07-02,合計,171830
長野県,2021-07-12,1回目,100392
長野県,2021-07-12,2回目,84075
長野県,2021-07-12,合計,184467
長野県,2021-07-19,1回目,103044
長野県,2021-07-19,2回目,88185
長野県,2021-07-19,合計,191229
長野県,2021-07-26,1回目,103991
長野県,2021-07-26,2回目,89761
長野県,2021-07-26,合計,193752
長野県,2021-07-30,1回目,104803
長野県,2021-07-30,2回目,91606
長野県,2021-07-30,合計,196409
岐阜県,2021-04-16,1回目,19189
岐阜県,2021-04-16,2回目,10444
岐阜県,2021-04-16,合計,29633
岐阜県,2021-04-23,1回目,30334
岐阜県,2021-04-23,2回目,14158
岐阜県,2021-04-23,合計,44492
岐阜県,2021-04-30,1回目,42162
岐阜県,2021-04-30,2回目,17979
岐阜県,2021-04-30,合計,60141
岐阜県,2021-05-07,1回目,46302
岐阜県,2021-05-07,2回目,19026
岐阜県,2021-05-07,合計,65328
岐阜県,2021-05-21,1回目,67526
岐阜県,2021-05-21,2回目,41181
岐阜県,2021-05-21,合計,108707
岐阜県,2021-05-28,1回目,78639
岐阜県,2021-05-28,2回目,47063
岐阜県,2021-05-28,合計,125702
岐阜県,2021-06-04,1回目,86332
岐阜県,2021-06-04,2回目,56492
岐阜県,2021-06-04,合計,142824
岐阜県,2021-06-11,1回目,91059
岐阜県,2021-06-11,2回目,68566
岐阜県,2021-06-11,合計,159625
岐阜県,2021-06-18,1回目,94128
岐阜県,2021-06-18,2回目,78081
岐阜県,2021-06-18,合計,172209
岐阜県,2021-06-25,1回目,96278
岐阜県,2021-06-25,2回目,84688
岐阜県,2021-06-25,合計,180966
岐阜県,2021-07-02,1回目,98037
岐阜県,2021-07-02,2回目,89443
岐阜県,2021-07-02,合計,187480
岐阜県,2021-07-12,1回目,101035
岐阜県,2021-07-12,2回目,92087
岐阜県,2021-07-12,合計,193122
岐阜県,2021-07-19,1回目,102967
岐阜県,2021-07-19,2回目,94117
岐阜県,2021-07-19,合計,197084
岐阜県,2021-07-26,1回目,103651
岐阜県,2021-07-26,2回目,95872
岐阜県,2021-07-26,合計,199523
岐阜県,2021-07-30,1回目,104076
岐阜県,2021-07-30,2回目,98051
岐阜県,2021-07-30,合計,202127
静岡県,2021-04-16,1回目,28524
静岡県,2021-04-16,2回目,15454
静岡県,2021-04-16,合計,43978
静岡県,2021-04-23,1回目,43626
静岡県,2021-04-23,2回目,21369
静岡県,2021-04-23,合計,64995
静岡県,2021-04-30,1回目,70574
静岡県,2021-04-30,2回目,25510
静岡県,2021-04-30,合計,96084
静岡県,2021-05-07,1回目,79212
静岡県,2021-05-07,2回目,27317
静岡県,2021-05-07,合計,106529
静岡県,2021-05-21,1回目,104286
静岡県,2021-05-21,2回目,61870
静岡県,2021-05-21,合計,166156
静岡県,2021-05-28,1回目,111745
静岡県,2021-05-28,2回目,70522
静岡県,2021-05-28,合計,182267
静岡県,2021-06-04,1回目,120178
静岡県,2021-06-04,2回目,82166
静岡県,2021-06-04,合計,202344
静岡県,2021-06-11,1回目,131075
静岡県,2021-06-11,2回目,97789
静岡県,2021-06-11,合計,228864
静岡県,2021-06-18,1回目,137860
静岡県,2021-06-18,2回目,106142
静岡県,2021-06-18,合計,244002
静岡県,2021-06-25,1回目,148385
静岡県,2021-06-25,2回目,116733
静岡県,2021-06-25,合計,265118
静岡県,2021-07-02,1回目,152513
静岡県,2021-07-02,2回目,125294
静岡県,2021-07-02,合計,277807
静岡県,2021-07-12,1回目,158292
静岡県,2021-07-12,2回目,132859
静岡県,2021-07-12,合計,291151
静岡県,2021-07-19,1回目,161594
静岡県,2021-07-19,2回目,139090
静岡県,2021-07-19,合計,300684
静岡県,2021-07-26,1回目,162098
静岡県,2021-07-26,2回目,142907
静岡県,2021-07-26,合計,305005
静岡県,2021-07-30,1回目,163684
静岡県,2021-07-30,2回目,147344
静岡県,2021-07-30,合計,311028
愛知県,2021-04-16,1回目,56349
愛知県,2021-04-16,2回目,29392
愛知県,2021-04-16,合計,85741
愛知県,2021-04-23,1回目,99994
愛知県,2021-04-23,2回目,37069
愛知県,2021-04-23,合計,137063
愛知県,2021-04-30,1回目,155262
愛知県,2021-04-30,2回目,46122
愛知県,2021-04-30,合計,201384
愛知県,2021-05-07,1回目,178287
愛知県,2021-05-07,2回目,54206
愛知県,2021-05-07,合計,232493
愛知県,2021-05-21,1回目,226345
愛知県,2021-05-21,2回目,144268
愛知県,2021-05-21,合計,370613
愛知県,2021-05-28,1回目,245761
愛知県,2021-05-28,2回目,171153
愛知県,2021-05-28,合計,416914
愛知県,2021-06-04,1回目,263732
愛知県,2021-06-04,2回目,194555
愛知県,2021-06-04,合計,458287
愛知県,2021-06-11,1回目,278391
愛知県,2021-06-11,2回目,215039
愛知県,2021-06-11,合計,493430
愛知県,2021-06-18,1回目,295653
愛知県,2021-06-18,2回目,234332
愛知県,2021-06-18,合計,529985
愛知県,2021-06-25,1回目,306798
愛知県,2021-06-25,2回目,247833
愛知県,2021-06-25,合計,554631
愛知県,2021-07-02,1回目,317543
愛知県,2021-07-02,2回目,260407
愛知県,2021-07-02,合計,577950
愛知県,2021-07-12,1回目,325107
愛知県,2021-07-12,2回目,269111
愛知県,2021-07-12,合計,594218
愛知県,2021-07-19,1回目,360988
愛知県,2021-07-19,2回目,285732
愛知県,2021-07-19,合計,646720
愛知県,2021-07-26,1回目,374666
愛知県,2021-07-26,2回目,299952
愛知県,2021-07-26,合計,674618
愛知県,2021-07-30,1回目,377735
愛知県,2021-07-30,2回目,305867
愛知県,2021-07-30,合計,683602
三重県,2021-04-16,1回目,18255
三重県,2021-04-16,2回目,12043
三重県,2021-04-16,合計,30298
三重県,2021-04-23,1回目,28421
三重県,2021-04-23,2回目,12722
三重県,2021-04-23,合計,41143
三重県,2021-04-30,1回目,39872
三重県,2021-04-30,2回目,14359
三重県,2021-04-30,合計,54231
三重県,2021-05-07,1回目,45350
三重県,2021-05-07,2回目,16971
三重県,2021-05-07,合計,62321
三重県,2021-05-21,1回目,59471
三重県,2021-05-21,2回目,39203
三重県,2021-05-21,合計,98674
三重県,2021-05-28,1回目,65128
三重県,2021-05-28,2回目,45090
三重県,2021-05-28,合計,110218
三重県,2021-06-04,1回目,70084
三重県,2021-06-04,2回目,52925
三重県,2021-06-04,合計,123009
三重県,2021-06-11,1回目,73826
三重県,2021-06-11,2回目,59322
三重県,2021-06-11,合計,133148
三重県,2021-06-18,1回目,78609
三重県,2021-06-18,2回目,66646
三重県,2021-06-18,合計,145255
三重県,2021-06-25,1回目,81526
三重県,2021-06-25,2回目,70836
三重県,2021-06-25,合計,152362
三重県,2021-07-02,1回目,83102
三重県,2021-07-02,2回目,73687
三重県,2021-07-02,合計,156789
三重県,2021-07-12,1回目,85649
三重県,2021-07-12,2回目,76600
三重県,2021-07-12,合計,162249
三重県,2021-07-19,1回目,87688
三重県,2021-07-19,2回目,78512
三重県,2021-07-19,合計,166200
三重県,2021-07-26,1回目,88551
三重県,2021-07-26,2回目,79595
三重県,2021-07-26,合計,168146
三重県,2021-07-30,1回目,89383
三重県,2021-07-30,2回目,81345
三重県,2021-07-30,合計,170728
滋賀県,2021-04-16,1回目,12071
滋賀県,2021-04-16,2回目,7927
滋賀県,2021-04-16,合計,19998
滋賀県,2021-04-23,1回目,18440
滋賀県,2021-04-23,2回目,9861
滋賀県,2021-04-23,合計,28301
滋賀県,2021-04-30,1回目,27262
滋賀県,2021-04-30,2回目,10279
滋賀県,2021-04-30,合計,37541
滋賀県,2021-05-07,1回目,35145
滋賀県,2021-05-07,2回目,12517
滋賀県,2021-05-07,合計,47662
滋賀県,2021-05-21,1回目,42724
滋賀県,2021-05-21,2回目,28402
滋賀県,2021-05-21,合計,71126
滋賀県,2021-05-28,1回目,46622
滋賀県,2021-05-28,2回目,32157
滋賀県,2021-05-28,合計,78779
滋賀県,2021-06-04,1回目,51309
滋賀県,2021-06-04,2回目,35310
滋賀県,2021-06-04,合計,86619
滋賀県,2021-06-11,1回目,53175
滋賀県,2021-06-11,2回目,40552
滋賀県,2021-06-11,合計,93727
滋賀県,2021-06-18,1回目,54310
滋賀県,2021-06-18,2回目,44721
滋賀県,2021-06-18,合計,99031
滋賀県,2021-06-25,1回目,56116
滋賀県,2021-06-25,2回目,47284
滋賀県,2021-06-25,合計,103400
滋賀県,2021-07-02,1回目,57988
滋賀県,2021-07-02,2回目,51347
滋賀県,2021-07-02,合計,109335
滋賀県,2021-07-12,1回目,60155
滋賀県,2021-07-12,2回目,53262
滋賀県,2021-07-12,合計,113417
滋賀県,2021-07-19,1回目,61947
滋賀県,2021-07-19,2回目,54427
滋賀県,2021-07-19,合計,116374
滋賀県,2021-07-26,1回目,62577
滋賀県,2021-07-26,2回目,55774
滋賀県,2021-07-26,合計,118351
滋賀県,2021-07-30,1回目,63126
滋賀県,2021-07-30,2回目,58028
滋賀県,2021-07-30,合計,121154
京都府,2021-04-16,1回目,25009
京都府,2021-04-16,2回目,15339
京都府,2021-04-16,合計,40348
京都府,2021-04-23,1回目,35096
京都府,2021-04-23,2回目,17610
京都府,2021-04-23,合計,52706
京都府,2021-04-30,1回目,54241
京都府,2021-04-30,2回目,19751
京都府,2021-04-30,合計,73992
京都府,2021-05-07,1回目,62704
京都府,2021-05-07,2回目,23050
京都府,2021-05-07,合計,85754
京都府,2021-05-21,1回目,80917
京都府,2021-05-21,2回目,52533
京都府,2021-05-21,合計,133450
京都府,2021-05-28,1回目,91588
京都府,2021-05-28,2回目,61398
京都府,2021-05-28,合計,152986
京都府,2021-06-04,1回目,101351
京都府,2021-06-04,2回目,70122
京都府,2021-06-04,合計,171473
京都府,2021-06-11,1回目,111112
京都府,2021-06-11,2回目,80107
京都府,2021-06-11,合計,191219
京都府,2021-06-18,1回目,117051
京都府,2021-06-18,2回目,89188
京都府,2021-06-18,合計,206239
京都府,2021-06-25,1回目,121810
京都府,2021-06-25,2回目,98918
京都府,2021-06-25,合計,220728
京都府,2021-07-02,1回目,130666
京都府,2021-07-02,2回目,105636
京都府,2021-07-02,合計,236302
京都府,2021-07-12,1回目,134197
京都府,2021-07-12,2回目,111382
京都府,2021-07-12,合計,245579
京都府,2021-07-19,1回目,139232
京都府,2021-07-19,2回目,115365
京都府,2021-07-19,合計,254597
京都府,2021-07-26,1回目,139984
京都府,2021-07-26,2回目,118962
京都府,2021-07-26,合計,258946
京都府,2021-07-30,1回目,141663
京都府,2021-07-30,2回目,121151
京都府,2021-07-30,合計,262814
大阪府,2021-04-16,1回目,83193
大阪府,2021-04-16,2回目,48792
大阪府,2021-04-16,合計,131985
大阪府,2021-04-23,1回目,105584
大阪府,2021-04-23,2回目,60646
大阪府,2021-04-23,合計,166230
大阪府,2021-04-30,1回目,138627
大阪府,2021-04-30,2回目,72240
大阪府,2021-04-30,合計,210867
大阪府,2021-05-07,1回目,155198
大阪府,2021-05-07,2回目,78492
大阪府,2021-05-07,合計,233690
大阪府,2021-05-21,1回目,232809
大阪府,2021-05-21,2回目,137779
大阪府,2021-05-21,合計,370588
大阪府,2021-05-28,1回目,261035
大阪府,2021-05-28,2回目,157512
大阪府,2021-05-28,合計,418547
大阪府,2021-06-04,1回目,294234
大阪府,2021-06-04,2回目,196131
大阪府,2021-06-04,合計,490365
大阪府,2021-06-11,1回目,321849
大阪府,2021-06-11,2回目,224605
大阪府,2021-06-11,合計,546454
大阪府,2021-06-18,1回目,342279
大阪府,2021-06-18,2回目,249446
大阪府,2021-06-18,合計,591725
大阪府,2021-06-25,1回目,360286
大阪府,2021-06-25,2回目,281776
大阪府,2021-06-25,合計,642062
大阪府,2021-07-02,1回目,374362
大阪府,2021-07-02,2回目,306557
大阪府,2021-07-02,合計,680919
大阪府,2021-07-12,1回目,389647
大阪府,2021-07-12,2回目,328859
大阪府,2021-07-12,合計,718506
大阪府,2021-07-19,1回目,402721
大阪府,2021-07-19,2回目,347272
大阪府,2021-07-19,合計,749993
大阪府,2021-07-26,1回目,408707
大阪府,2021-07-26,2回目,357065
大阪府,2021-07-26,合計,765772
大阪府,2021-07-30,1回目,419978
大阪府,2021-07-30,2回目,368871
大阪府,2021-07-30,合計,788849
兵庫県,2021-04-16,1回目,51262
兵庫県,2021-04-16,2回目,24378
兵庫県,2021-04-16,合計,75640
兵庫県,2021-04-23,1回目,67822
兵庫県,2021-04-23,2回目,30084
兵庫県,2021-04-23,合計,97906
兵庫県,2021-04-30,1回目,85999
兵庫県,2021-04-30,2回目,35570
兵庫県,2021-04-30,合計,121569
兵庫県,2021-05-07,1回目,104267
兵庫県,2021-05-07,2回目,45689
兵庫県,2021-05-07,合計,149956
兵庫県,2021-05-21,1回目,149314
兵庫県,2021-05-21,2回目,83783
兵庫県,2021-05-21,合計,233097
兵庫県,2021-05-28,1回目,164233
兵庫県,2021-05-28,2回目,99299
兵庫県,2021-05-28,合計,263532
兵庫県,2021-06-04,1回目,179969
兵庫県,2021-06-04,2回目,118886
兵庫県,2021-06-04,合計,298855
兵庫県,2021-06-11,1回目,214176
兵庫県,2021-06-11,2回目,153619
兵庫県,2021-06-11,合計,367795
兵庫県,2021-06-18,1回目,223402
兵庫県,2021-06-18,2回目,169071
兵庫県,2021-06-18,合計,392473
兵庫県,2021-06-25,1回目,236228
兵庫県,2021-06-25,2回目,191498
兵庫県,2021-06-25,合計,427726
兵庫県,2021-07-02,1回目,246288
兵庫県,2021-07-02,2回目,207469
兵庫県,2021-07-02,合計,453757
兵庫県,2021-07-12,1回目,256762
兵庫県,2021-07-12,2回目,222101
兵庫県,2021-07-12,合計,478863
兵庫県,2021-07-19,1回目,261788
兵庫県,2021-07-19,2回目,229105
兵庫県,2021-07-19,合計,490893
兵庫県,2021-07-26,1回目,263496
兵庫県,2021-07-26,2回目,232857
兵庫県,2021-07-26,合計,496353
兵庫県,2021-07-30,1回目,265713
兵庫県,2021-07-30,2回目,238112
兵庫県,2021-07-30,合計,503825
奈良県,2021-04-16,1回目,11527
奈良県,2021-04-16,2回目,8760
奈良県,2021-04-16,合計,20287
奈良県,2021-04-23,1回目,17507
奈良県,2021-04-23,2回目,9436
奈良県,2021-04-23,合計,26943
奈良県,2021-04-30,1回目,31447
奈良県,2021-04-30,2回目,10311
奈良県,2021-04-30,合計,41758
奈良県,2021-05-07,1回目,35925
奈良県,2021-05-07,2回目,11187
奈良県,2021-05-07,合計,47112
奈良県,2021-05-21,1回目,48009
奈良県,2021-05-21,2回目,28894
奈良県,2021-05-21,合計,76903
奈良県,2021-05-28,1回目,54540
奈良県,2021-05-28,2回目,37641
奈良県,2021-05-28,合計,92181
奈良県,2021-06-04,1回目,57854
奈良県,2021-06-04,2回目,44846
奈良県,2021-06-04,合計,102700
奈良県,2021-06-11,1回目,61075
奈良県,2021-06-11,2回目,51123
奈良県,2021-06-11,合計,112198
奈良県,2021-06-18,1回目,63850
奈良県,2021-06-18,2回目,54127
奈良県,2021-06-18,合計,117977
奈良県,2021-06-25,1回目,66222
奈良県,2021-06-25,2回目,56594
奈良県,2021-06-25,合計,122816
奈良県,2021-07-02,1回目,68789
奈良県,2021-07-02,2回目,60103
奈良県,2021-07-02,合計,128892
奈良県,2021-07-12,1回目,70554
奈良県,2021-07-12,2回目,62766
奈良県,2021-07-12,合計,133320
奈良県,2021-07-19,1回目,71475
奈良県,2021-07-19,2回目,64611
奈良県,2021-07-19,合計,136086
奈良県,2021-07-26,1回目,71807
奈良県,2021-07-26,2回目,65628
奈良県,2021-07-26,合計,137435
奈良県,2021-07-30,1回目,71939
奈良県,2021-07-30,2回目,66188
奈良県,2021-07-30,合計,138127
和歌山県,2021-04-16,1回目,11670
和歌山県,2021-04-16,2回目,6679
和歌山県,2021-04-16,合計,18349
和歌山県,2021-04-23,1回目,18367
和歌山県,2021-04-23,2回目,8680
和歌山県,2021-04-23,合計,27047
和歌山県,2021-04-30,1回目,26207
和歌山県,2021-04-30,2回目,10796
和歌山県,2021-04-30,合計,37003
和歌山県,2021-05-07,1回目,28574
和歌山県,2021-05-07,2回目,11627
和歌山県,2021-05-07,合計,40201
和歌山県,2021-05-21,1回目,35328
和歌山県,2021-05-21,2回目,24681
和歌山県,2021-05-21,合計,60009
和歌山県,2021-05-28,1回目,39834
和歌山県,2021-05-28,2回目,28222
和歌山県,2021-05-28,合計,68056
和歌山県,2021-06-04,1回目,42635
和歌山県,2021-06-04,2回目,31378
和歌山県,2021-06-04,合計,74013
和歌山県,2021-06-11,1回目,44860
和歌山県,2021-06-11,2回目,34333
和歌山県,2021-06-11,合計,79193
和歌山県,2021-06-18,1回目,46504
和歌山県,2021-06-18,2回目,38365
和歌山県,2021-06-18,合計,84869
和歌山県,2021-06-25,1回目,48116
和歌山県,2021-06-25,2回目,40589
和歌山県,2021-06-25,合計,88705
和歌山県,2021-07-02,1回目,50461
和歌山県,2021-07-02,2回目,42746
和歌山県,2021-07-02,合計,93207
和歌山県,2021-07-12,1回目,52297
和歌山県,2021-07-12,2回目,44829
和歌山県,2021-07-12,合計,97126
和歌山県,2021-07-19,1回目,53230
和歌山県,2021-07-19,2回目,46488
和歌山県,2021-07-19,合計,99718
和歌山県,2021-07-26,1回目,53614
和歌山県,2021-07-26,2回目,47385
和歌山県,2021-07-26,合計,100999
和歌山県,2021-07-30,1回目,53764
和歌山県,2021-07-30,2回目,48225
和歌山県,2021-07-30,合計,101989
鳥取県,2021-04-16,1回目,7429
鳥取県,2021-04-16,2回目,6249
鳥取県,2021-04-16,合計,13678
鳥取県,2021-04-23,1回目,11523
鳥取県,2021-04-23,2回目,6638
鳥取県,2021-04-23,合計,18161
鳥取県,2021-04-30,1回目,17517
鳥取県,2021-04-30,2回目,7015
鳥取県,2021-04-30,合計,24532
鳥取県,2021-05-07,1回目,17980
鳥取県,2021-05-07,2回目,7057
鳥取県,2021-05-07,合計,25037
鳥取県,2021-05-21,1回目,19495
鳥取県,2021-05-21,2回目,14465
鳥取県,2021-05-21,合計,33960
鳥取県,2021-05-28,1回目,20393
鳥取県,2021-05-28,2回目,15485
鳥取県,2021-05-28,合計,35878
鳥取県,2021-06-04,1回目,26504
鳥取県,2021-06-04,2回目,19978
鳥取県,2021-06-04,合計,46482
鳥取県,2021-06-11,1回目,28076
鳥取県,2021-06-11,2回目,21203
鳥取県,2021-06-11,合計,49279
鳥取県,2021-06-18,1回目,29236
鳥取県,2021-06-18,2回目,21848
鳥取県,2021-06-18,合計,51084
鳥取県,2021-06-25,1回目,30786
鳥取県,2021-06-25,2回目,25080
鳥取県,2021-06-25,合計,55866
鳥取県,2021-07-02,1回目,31569
鳥取県,2021-07-02,2回目,28054
鳥取県,2021-07-02,合計,59623
鳥取県,2021-07-12,1回目,32385
鳥取県,2021-07-12,2回目,29106
鳥取県,2021-07-12,合計,61491
鳥取県,2021-07-19,1回目,33094
鳥取県,2021-07-19,2回目,29912
鳥取県,2021-07-19,合計,63006
鳥取県,2021-07-26,1回目,33443
鳥取県,2021-07-26,2回目,30375
鳥取県,2021-07-26,合計,63818
鳥取県,2021-07-30,1回目,33734
鳥取県,2021-07-30,2回目,31073
鳥取県,2021-07-30,合計,64807
島根県,2021-04-16,1回目,7602
島根県,2021-04-16,2回目,4969
島根県,2021-04-16,合計,12571
島根県,2021-04-23,1回目,12180
島根県,2021-04-23,2回目,5996
島根県,2021-04-23,合計,18176
島根県,2021-04-30,1回目,17773
島根県,2021-04-30,2回目,7033
島根県,2021-04-30,合計,24806
島根県,2021-05-07,1回目,20664
島根県,2021-05-07,2回目,7340
島根県,2021-05-07,合計,28004
島根県,2021-05-21,1回目,27862
島根県,2021-05-21,2回目,17507
島根県,2021-05-21,合計,45369
島根県,2021-05-28,1回目,31669
島根県,2021-05-28,2回目,19299
島根県,2021-05-28,合計,50968
島根県,2021-06-04,1回目,34789
島根県,2021-06-04,2回目,22272
島根県,2021-06-04,合計,57061
島根県,2021-06-11,1回目,35857
島根県,2021-06-11,2回目,25050
島根県,2021-06-11,合計,60907
島根県,2021-06-18,1回目,36921
島根県,2021-06-18,2回目,29235
島根県,2021-06-18,合計,66156
島根県,2021-06-25,1回目,37736
島根県,2021-06-25,2回目,31376
島根県,2021-06-25,合計,69112
島根県,2021-07-02,1回目,38480
島根県,2021-07-02,2回目,32426
島根県,2021-07-02,合計,70906
島根県,2021-07-12,1回目,39181
島根県,2021-07-12,2回目,33191
島根県,2021-07-12,合計,72372
島根県,2021-07-19,1回目,40092
島根県,2021-07-19,2回目,33819
島根県,2021-07-19,合計,73911
島根県,2021-07-26,1回目,40380
島根県,2021-07-26,2回目,34445
島根県,2021-07-26,合計,74825
島根県,2021-07-30,1回目,40916
島根県,2021-07-30,2回目,35051
島根県,2021-07-30,合計,75967
岡山県,2021-04-16,1回目,19447
岡山県,2021-04-16,2回目,12708
岡山県,2021-04-16,合計,32155
岡山県,2021-04-23,1回目,30699
岡山県,2021-04-23,2回目,13933
岡山県,2021-04-23,合計,44632
岡山県,2021-04-30,1回目,46026
岡山県,2021-04-30,2回目,16655
岡山県,2021-04-30,合計,62681
岡山県,2021-05-07,1回目,51696
岡山県,2021-05-07,2回目,17297
岡山県,2021-05-07,合計,68993
岡山県,2021-05-21,1回目,72730
岡山県,2021-05-21,2回目,41319
岡山県,2021-05-21,合計,114049
岡山県,2021-05-28,1回目,84431
岡山県,2021-05-28,2回目,47390
岡山県,2021-05-28,合計,131821
岡山県,2021-06-04,1回目,92469
岡山県,2021-06-04,2回目,62633
岡山県,2021-06-04,合計,155102
岡山県,2021-06-11,1回目,101209
岡山県,2021-06-11,2回目,72277
岡山県,2021-06-11,合計,173486
岡山県,2021-06-18,1回目,105731
岡山県,2021-06-18,2回目,82380
岡山県,2021-06-18,合計,188111
岡山県,2021-06-25,1回目,113583
岡山県,2021-06-25,2回目,89629
岡山県,2021-06-25,合計,203212
岡山県,2021-07-02,1回目,119242
岡山県,2021-07-02,2回目,95941
岡山県,2021-07-02,合計,215183
岡山県,2021-07-12,1回目,128064
岡山県,2021-07-12,2回目,99767
岡山県,2021-07-12,合計,227831
岡山県,2021-07-19,1回目,131852
岡山県,2021-07-19,2回目,104931
岡山県,2021-07-19,合計,236783
岡山県,2021-07-26,1回目,132677
岡山県,2021-07-26,2回目,109349
岡山県,2021-07-26,合計,242026
岡山県,2021-07-30,1回目,132914
岡山県,2021-07-30,2回目,112545
岡山県,2021-07-30,合計,245459
広島県,2021-04-16,1回目,29083
広島県,2021-04-16,2回目,18390
広島県,2021-04-16,合計,47473
広島県,2021-04-23,1回目,46109
広島県,2021-04-23,2回目,21223
広島県,2021-04-23,合計,67332
広島県,2021-04-30,1回目,69739
広島県,2021-04-30,2回目,25089
広島県,2021-04-30,合計,94828
広島県,2021-05-07,1回目,76197
広島県,2021-05-07,2回目,27099
広島県,2021-05-07,合計,103296
広島県,2021-05-21,1回目,99244
広島県,2021-05-21,2回目,65536
広島県,2021-05-21,合計,164780
広島県,2021-05-28,1回目,110281
広島県,2021-05-28,2回目,74091
広島県,2021-05-28,合計,184372
広島県,2021-06-04,1回目,119343
広島県,2021-06-04,2回目,84724
広島県,2021-06-04,合計,204067
広島県,2021-06-11,1回目,125863
広島県,2021-06-11,2回目,93741
広島県,2021-06-11,合計,219604
広島県,2021-06-18,1回目,134869
広島県,2021-06-18,2回目,105611
広島県,2021-06-18,合計,240480
広島県,2021-06-25,1回目,142529
広島県,2021-06-25,2回目,112862
広島県,2021-06-25,合計,255391
広島県,2021-07-02,1回目,148042
広島県,2021-07-02,2回目,120630
広島県,2021-07-02,合計,268672
広島県,2021-07-12,1回目,148368
広島県,2021-07-12,2回目,128208
広島県,2021-07-12,合計,276576
広島県,2021-07-19,1回目,154792
広島県,2021-07-19,2回目,133915
広島県,2021-07-19,合計,288707
広島県,2021-07-26,1回目,156214
広島県,2021-07-26,2回目,136702
広島県,2021-07-26,合計,292916
広島県,2021-07-30,1回目,166219
広島県,2021-07-30,2回目,150896
広島県,2021-07-30,合計,317115
山口県,2021-04-16,1回目,20539
山口県,2021-04-16,2回目,15188
山口県,2021-04-16,合計,35727
山口県,2021-04-23,1回目,25814
山口県,2021-04-23,2回目,16832
山口県,2021-04-23,合計,42646
山口県,2021-04-30,1回目,42490
山口県,2021-04-30,2回目,18766
山口県,2021-04-30,合計,61256
山口県,2021-05-07,1回目,45438
山口県,2021-05-07,2回目,20090
山口県,2021-05-07,合計,65528
山口県,2021-05-21,1回目,59625
山口県,2021-05-21,2回目,38650
山口県,2021-05-21,合計,98275
山口県,2021-05-28,1回目,66468
山口県,2021-05-28,2回目,49659
山口県,2021-05-28,合計,116127
山口県,2021-06-04,1回目,70745
山口県,2021-06-04,2回目,54319
山口県,2021-06-04,合計,125064
山口県,2021-06-11,1回目,75115
山口県,2021-06-11,2回目,59588
山口県,2021-06-11,合計,134703
山口県,2021-06-18,1回目,79042
山口県,2021-06-18,2回目,65012
山口県,2021-06-18,合計,144054
山口県,2021-06-25,1回目,82396
山口県,2021-06-25,2回目,68656
山口県,2021-06-25,合計,151052
山口県,2021-07-02,1回目,85906
山口県,2021-07-02,2回目,72029
山口県,2021-07-02,合計,157935
山口県,2021-07-12,1回目,91283
山口県,2021-07-12,2回目,76143
山口県,2021-07-12,合計,167426
山口県,2021-07-19,1回目,98012
山口県,2021-07-19,2回目,78635
山口県,2021-07-19,合計,176647
山口県,2021-07-26,1回目,99832
山口県,2021-07-26,2回目,79923
山口県,2021-07-26,合計,179755
山口県,2021-07-30,1回目,101685
山口県,2021-07-30,2回目,83946
山口県,2021-07-30,合計,185631
徳島県,2021-04-16,1回目,9715
徳島県,2021-04-16,2回目,7173
徳島県,2021-04-16,合計,16888
徳島県,2021-04-23,1回目,17125
徳島県,2021-04-23,2回目,7888
徳島県,2021-04-23,合計,25013
徳島県,2021-04-30,1回目,26533
徳島県,2021-04-30,2回目,8857
徳島県,2021-04-30,合計,35390
徳島県,2021-05-07,1回目,29576
徳島県,2021-05-07,2回目,9441
徳島県,2021-05-07,合計,39017
徳島県,2021-05-21,1回目,37554
徳島県,2021-05-21,2回目,25541
徳島県,2021-05-21,合計,63095
徳島県,2021-05-28,1回目,39894
徳島県,2021-05-28,2回目,29269
徳島県,2021-05-28,合計,69163
徳島県,2021-06-04,1回目,42656
徳島県,2021-06-04,2回目,31830
徳島県,2021-06-04,合計,74486
徳島県,2021-06-11,1回目,45726
徳島県,2021-06-11,2回目,36942
徳島県,2021-06-11,合計,82668
徳島県,2021-06-18,1回目,47228
徳島県,2021-06-18,2回目,39440
徳島県,2021-06-18,合計,86668
徳島県,2021-06-25,1回目,47824
徳島県,2021-06-25,2回目,41408
徳島県,2021-06-25,合計,89232
徳島県,2021-07-02,1回目,49592
徳島県,2021-07-02,2回目,44332
徳島県,2021-07-02,合計,93924
徳島県,2021-07-12,1回目,50341
徳島県,2021-07-12,2回目,45136
徳島県,2021-07-12,合計,95477
徳島県,2021-07-19,1回目,50925
徳島県,2021-07-19,2回目,45788
徳島県,2021-07-19,合計,96713
徳島県,2021-07-26,1回目,51217
徳島県,2021-07-26,2回目,46263
徳島県,2021-07-26,合計,97480
徳島県,2021-07-30,1回目,51317
徳島県,2021-07-30,2回目,46926
徳島県,2021-07-30,合計,98243
香川県,2021-04-16,1回目,13091
香川県,2021-04-16,2回目,6338
香川県,2021-04-16,合計,19429
香川県,2021-04-23,1回目,17431
香川県,2021-04-23,2回目,8075
香川県,2021-04-23,合計,25506
香川県,2021-04-30,1回目,23436
香川県,2021-04-30,2回目,10786
香川県,2021-04-30,合計,34222
香川県,2021-05-07,1回目,26037
香川県,2021-05-07,2回目,12617
香川県,2021-05-07,合計,38654
香川県,2021-05-21,1回目,33520
香川県,2021-05-21,2回目,22839
香川県,2021-05-21,合計,56359
香川県,2021-05-28,1回目,39215
香川県,2021-05-28,2回目,26812
香川県,2021-05-28,合計,66027
香川県,2021-06-04,1回目,41435
香川県,2021-06-04,2回目,30111
香川県,2021-06-04,合計,71546
香川県,2021-06-11,1回目,43903
香川県,2021-06-11,2回目,33742
香川県,2021-06-11,合計,77645
香川県,2021-06-18,1回目,46638
香川県,2021-06-18,2回目,38069
香川県,2021-06-18,合計,84707
香川県,2021-06-25,1回目,48383
香川県,2021-06-25,2回目,40269
香川県,2021-06-25,合計,88652
香川県,2021-07-02,1回目,50594
香川県,2021-07-02,2回目,42750
香川県,2021-07-02,合計,93344
香川県,2021-07-12,1回目,52316
香川県,2021-07-12,2回目,45136
香川県,2021-07-12,合計,97452
香川県,2021-07-19,1回目,53526
香川県,2021-07-19,2回目,47455
香川県,2021-07-19,合計,100981
香川県,2021-07-26,1回目,54342
香川県,2021-07-26,2回目,48947
香川県,2021-07-26,合計,103289
香川県,2021-07-30,1回目,54695
香川県,2021-07-30,2回目,50142
香川県,2021-07-30,合計,104837
愛媛県,2021-04-16,1回目,14468
愛媛県,2021-04-16,2回目,9762
愛媛県,2021-04-16,合計,24230
愛媛県,2021-04-23,1回目,24625
愛媛県,2021-04-23,2回目,11510
愛媛県,2021-04-23,合計,36135
愛媛県,2021-04-30,1回目,40769
愛媛県,2021-04-30,2回目,13506
愛媛県,2021-04-30,合計,54275
愛媛県,2021-05-07,1回目,45291
愛媛県,2021-05-07,2回目,14975
愛媛県,2021-05-07,合計,60266
愛媛県,2021-05-21,1回目,55591
愛媛県,2021-05-21,2回目,41230
愛媛県,2021-05-21,合計,96821
愛媛県,2021-05-28,1回目,62309
愛媛県,2021-05-28,2回目,46522
愛媛県,2021-05-28,合計,108831
愛媛県,2021-06-04,1回目,65718
愛媛県,2021-06-04,2回目,50150
愛媛県,2021-06-04,合計,115868
愛媛県,2021-06-11,1回目,70247
愛媛県,2021-06-11,2回目,54892
愛媛県,2021-06-11,合計,125139
愛媛県,2021-06-18,1回目,73823
愛媛県,2021-06-18,2回目,61539
愛媛県,2021-06-18,合計,135362
愛媛県,2021-06-25,1回目,76706
愛媛県,2021-06-25,2回目,64057
愛媛県,2021-06-25,合計,140763
愛媛県,2021-07-02,1回目,78956
愛媛県,2021-07-02,2回目,67860
愛媛県,2021-07-02,合計,146816
愛媛県,2021-07-12,1回目,79878
愛媛県,2021-07-12,2回目,71620
愛媛県,2021-07-12,合計,151498
愛媛県,2021-07-19,1回目,80669
愛媛県,2021-07-19,2回目,74272
愛媛県,2021-07-19,合計,154941
愛媛県,2021-07-26,1回目,81438
愛媛県,2021-07-26,2回目,75800
愛媛県,2021-07-26,合計,157238
愛媛県,2021-07-30,1回目,81880
愛媛県,2021-07-30,2回目,76925
愛媛県,2021-07-30,合計,158805
高知県,2021-04-16,1回目,12400
高知県,2021-04-16,2回目,6842
高知県,2021-04-16,合計,19242
高知県,2021-04-23,1回目,16818
高知県,2021-04-23,2回目,9709
高知県,2021-04-23,合計,26527
高知県,2021-04-30,1回目,22888
高知県,2021-04-30,2回目,11714
高知県,2021-04-30,合計,34602
高知県,2021-05-07,1回目,24006
高知県,2021-05-07,2回目,13109
高知県,2021-05-07,合計,37115
高知県,2021-05-21,1回目,30463
高知県,2021-05-21,2回目,22324
高知県,2021-05-21,合計,52787
高知県,2021-05-28,1回目,33314
高知県,2021-05-28,2回目,25695
高知県,2021-05-28,合計,59009
高知県,2021-06-04,1回目,35218
高知県,2021-06-04,2回目,28491
高知県,2021-06-04,合計,63709
高知県,2021-06-11,1回目,36208
高知県,2021-06-11,2回目,30337
高知県,2021-06-11,合計,66545
高知県,2021-06-18,1回目,37803
高知県,2021-06-18,2回目,32402
高知県,2021-06-18,合計,70205
高知県,2021-06-25,1回目,39972
高知県,2021-06-25,2回目,34885
高知県,2021-06-25,合計,74857
高知県,2021-07-02,1回目,42205
高知県,2021-07-02,2回目,36649
高知県,2021-07-02,合計,78854
高知県,2021-07-12,1回目,42903
高知県,2021-07-12,2回目,38412
高知県,2021-07-12,合計,81315
高知県,2021-07-19,1回目,43529
高知県,2021-07-19,2回目,40133
高知県,2021-07-19,合計,83662
高知県,2021-07-26,1回目,43793
高知県,2021-07-26,2回目,41518
高知県,2021-07-26,合計,85311
高知県,2021-07-30,1回目,44293
高知県,2021-07-30,2回目,41787
高知県,2021-07-30,合計,86080
福岡県,2021-04-16,1回目,49874
福岡県,2021-04-16,2回目,31150
福岡県,2021-04-16,合計,81024
福岡県,2021-04-23,1回目,65686
福岡県,2021-04-23,2回目,43738
福岡県,2021-04-23,合計,109424
福岡県,2021-04-30,1回目,96417
福岡県,2021-04-30,2回目,49501
福岡県,2021-04-30,合計,145918
福岡県,2021-05-07,1回目,109771
福岡県,2021-05-07,2回目,52865
福岡県,2021-05-07,合計,162636
福岡県,2021-05-21,1回目,165794
福岡県,2021-05-21,2回目,90688
福岡県,2021-05-21,合計,256482
福岡県,2021-05-28,1回目,204875
福岡県,2021-05-28,2回目,111621
福岡県,2021-05-28,合計,316496
福岡県,2021-06-04,1回目,225874
福岡県,2021-06-04,2回目,139322
福岡県,2021-06-04,合計,365196
福岡県,2021-06-11,1回目,236175
福岡県,2021-06-11,2回目,166396
福岡県,2021-06-11,合計,402571
福岡県,2021-06-18,1回目,242630
福岡県,2021-06-18,2回目,192370
福岡県,2021-06-18,合計,435000
福岡県,2021-06-25,1回目,250988
福岡県,2021-06-25,2回目,206332
福岡県,2021-06-25,合計,457320
福岡県,2021-07-02,1回目,255725
福岡県,2021-07-02,2回目,213942
福岡県,2021-07-02,合計,469667
福岡県,2021-07-12,1回目,261995
福岡県,2021-07-12,2回目,227043
福岡県,2021-07-12,合計,489038
福岡県,2021-07-19,1回目,266090
福岡県,2021-07-19,2回目,234266
福岡県,2021-07-19,合計,500356
福岡県,2021-07-26,1回目,278055
福岡県,2021-07-26,2回目,237685
福岡県,2021-07-26,合計,515740
福岡県,2021-07-30,1回目,284356
福岡県,2021-07-30,2回目,240578
福岡県,2021-07-30,合計,524934
佐賀県,2021-04-16,1回目,14437
佐賀県,2021-04-16,2回目,10220
佐賀県,2021-04-16,合計,24657
佐賀県,2021-04-23,1回目,21354
佐賀県,2021-04-23,2回目,10372
佐賀県,2021-04-23,合計,31726
佐賀県,2021-04-30,1回目,30237
佐賀県,2021-04-30,2回目,12117
佐賀県,2021-04-30,合計,42354
佐賀県,2021-05-07,1回目,32839
佐賀県,2021-05-07,2回目,13448
佐賀県,2021-05-07,合計,46287
佐賀県,2021-05-21,1回目,41439
佐賀県,2021-05-21,2回目,28810
佐賀県,2021-05-21,合計,70249
佐賀県,2021-05-28,1回目,46010
佐賀県,2021-05-28,2回目,32391
佐賀県,2021-05-28,合計,78401
佐賀県,2021-06-04,1回目,47762
佐賀県,2021-06-04,2回目,35883
佐賀県,2021-06-04,合計,83645
佐賀県,2021-06-11,1回目,51276
佐賀県,2021-06-11,2回目,39523
佐賀県,2021-06-11,合計,90799
佐賀県,2021-06-18,1回目,52670
佐賀県,2021-06-18,2回目,42226
佐賀県,2021-06-18,合計,94896
佐賀県,2021-06-25,1回目,55429
佐賀県,2021-06-25,2回目,47831
佐賀県,2021-06-25,合計,103260
佐賀県,2021-07-02,1回目,57466
佐賀県,2021-07-02,2回目,50617
佐賀県,2021-07-02,合計,108083
佐賀県,2021-07-12,1回目,58790
佐賀県,2021-07-12,2回目,51837
佐賀県,2021-07-12,合計,110627
佐賀県,2021-07-19,1回目,59666
佐賀県,2021-07-19,2回目,53099
佐賀県,2021-07-19,合計,112765
佐賀県,2021-07-26,1回目,60047
佐賀県,2021-07-26,2回目,54701
佐賀県,2021-07-26,合計,114748
佐賀県,2021-07-30,1回目,60085
佐賀県,2021-07-30,2回目,55961
佐賀県,2021-07-30,合計,116046
長崎県,2021-04-16,1回目,20861
長崎県,2021-04-16,2回目,12000
長崎県,2021-04-16,合計,32861
長崎県,2021-04-23,1回目,28099
長崎県,2021-04-23,2回目,15233
長崎県,2021-04-23,合計,43332
長崎県,2021-04-30,1回目,40013
長崎県,2021-04-30,2回目,18983
長崎県,2021-04-30,合計,58996
長崎県,2021-05-07,1回目,44904
長崎県,2021-05-07,2回目,20308
長崎県,2021-05-07,合計,65212
長崎県,2021-05-21,1回目,57758
長崎県,2021-05-21,2回目,38493
長崎県,2021-05-21,合計,96251
長崎県,2021-05-28,1回目,63593
長崎県,2021-05-28,2回目,44549
長崎県,2021-05-28,合計,108142
長崎県,2021-06-04,1回目,67408
長崎県,2021-06-04,2回目,50318
長崎県,2021-06-04,合計,117726
長崎県,2021-06-11,1回目,68681
長崎県,2021-06-11,2回目,55771
長崎県,2021-06-11,合計,124452
長崎県,2021-06-18,1回目,71646
長崎県,2021-06-18,2回目,61829
長崎県,2021-06-18,合計,133475
長崎県,2021-06-25,1回目,74673
長崎県,2021-06-25,2回目,64844
長崎県,2021-06-25,合計,139517
長崎県,2021-07-02,1回目,75654
長崎県,2021-07-02,2回目,66143
長崎県,2021-07-02,合計,141797
長崎県,2021-07-12,1回目,77754
長崎県,2021-07-12,2回目,69323
長崎県,2021-07-12,合計,147077
長崎県,2021-07-19,1回目,78610
長崎県,2021-07-19,2回目,70036
長崎県,2021-07-19,合計,148646
長崎県,2021-07-26,1回目,78936
長崎県,2021-07-26,2回目,70479
長崎県,2021-07-26,合計,149415
長崎県,2021-07-30,1回目,80004
長崎県,2021-07-30,2回目,71175
長崎県,2021-07-30,合計,151179
熊本県,2021-04-16,1回目,27955
熊本県,2021-04-16,2回目,17591
熊本県,2021-04-16,合計,45546
熊本県,2021-04-23,1回目,35782
熊本県,2021-04-23,2回目,20554
熊本県,2021-04-23,合計,56336
熊本県,2021-04-30,1回目,53481
熊本県,2021-04-30,2回目,24968
熊本県,2021-04-30,合計,78449
熊本県,2021-05-07,1回目,60846
熊本県,2021-05-07,2回目,26443
熊本県,2021-05-07,合計,87289
熊本県,2021-05-21,1回目,78330
熊本県,2021-05-21,2回目,46437
熊本県,2021-05-21,合計,124767
熊本県,2021-05-28,1回目,85298
熊本県,2021-05-28,2回目,53515
熊本県,2021-05-28,合計,138813
熊本県,2021-06-04,1回目,88275
熊本県,2021-06-04,2回目,63396
熊本県,2021-06-04,合計,151671
熊本県,2021-06-11,1回目,91307
熊本県,2021-06-11,2回目,70811
熊本県,2021-06-11,合計,162118
熊本県,2021-06-18,1回目,95762
熊本県,2021-06-18,2回目,83317
熊本県,2021-06-18,合計,179079
熊本県,2021-06-25,1回目,110650
熊本県,2021-06-25,2回目,100431
熊本県,2021-06-25,合計,211081
熊本県,2021-07-02,1回目,117825
熊本県,2021-07-02,2回目,108089
熊本県,2021-07-02,合計,225914
熊本県,2021-07-12,1回目,119579
熊本県,2021-07-12,2回目,110590
熊本県,2021-07-12,合計,230169
熊本県,2021-07-19,1回目,120233
熊本県,2021-07-19,2回目,112047
熊本県,2021-07-19,合計,232280
熊本県,2021-07-26,1回目,120709
熊本県,2021-07-26,2回目,112651
熊本県,2021-07-26,合計,233360
熊本県,2021-07-30,1回目,121032
熊本県,2021-07-30,2回目,113165
熊本県,2021-07-30,合計,234197
大分県,2021-04-16,1回目,15035
大分県,2021-04-16,2回目,10973
大分県,2021-04-16,合計,26008
大分県,2021-04-23,1回目,24933
大分県,2021-04-23,2回目,11785
大分県,2021-04-23,合計,36718
大分県,2021-04-30,1回目,35436
大分県,2021-04-30,2回目,12937
大分県,2021-04-30,合計,48373
大分県,2021-05-07,1回目,38970
大分県,2021-05-07,2回目,13485
大分県,2021-05-07,合計,52455
大分県,2021-05-21,1回目,47980
大分県,2021-05-21,2回目,33870
大分県,2021-05-21,合計,81850
大分県,2021-05-28,1回目,53021
大分県,2021-05-28,2回目,39612
大分県,2021-05-28,合計,92633
大分県,2021-06-04,1回目,56683
大分県,2021-06-04,2回目,46583
大分県,2021-06-04,合計,103266
大分県,2021-06-11,1回目,59779
大分県,2021-06-11,2回目,52346
大分県,2021-06-11,合計,112125
大分県,2021-06-18,1回目,62039
大分県,2021-06-18,2回目,55596
大分県,2021-06-18,合計,117635
大分県,2021-06-25,1回目,64218
大分県,2021-06-25,2回目,57379
大分県,2021-06-25,合計,121597
大分県,2021-07-02,1回目,66202
大分県,2021-07-02,2回目,58680
大分県,2021-07-02,合計,124882
大分県,2021-07-12,1回目,69458
大分県,2021-07-12,2回目,60041
大分県,2021-07-12,合計,129499
大分県,2021-07-19,1回目,71817
大分県,2021-07-19,2回目,61741
大分県,2021-07-19,合計,133558
大分県,2021-07-26,1回目,73151
大分県,2021-07-26,2回目,63174
大分県,2021-07-26,合計,136325
大分県,2021-07-30,1回目,73914
大分県,2021-07-30,2回目,65211
大分県,2021-07-30,合計,139125
宮崎県,2021-04-16,1回目,14957
宮崎県,2021-04-16,2回目,9506
宮崎県,2021-04-16,合計,24463
宮崎県,2021-04-23,1回目,21896
宮崎県,2021-04-23,2回目,11958
宮崎県,2021-04-23,合計,33854
宮崎県,2021-04-30,1回目,29929
宮崎県,2021-04-30,2回目,13831
宮崎県,2021-04-30,合計,43760
宮崎県,2021-05-07,1回目,32851
宮崎県,2021-05-07,2回目,14388
宮崎県,2021-05-07,合計,47239
宮崎県,2021-05-21,1回目,39725
宮崎県,2021-05-21,2回目,28362
宮崎県,2021-05-21,合計,68087
宮崎県,2021-05-28,1回目,45941
宮崎県,2021-05-28,2回目,30917
宮崎県,2021-05-28,合計,76858
宮崎県,2021-06-04,1回目,48976
宮崎県,2021-06-04,2回目,33880
宮崎県,2021-06-04,合計,82856
宮崎県,2021-06-11,1回目,51355
宮崎県,2021-06-11,2回目,38451
宮崎県,2021-06-11,合計,89806
宮崎県,2021-06-18,1回目,53704
宮崎県,2021-06-18,2回目,43941
宮崎県,2021-06-18,合計,97645
宮崎県,2021-06-25,1回目,56067
宮崎県,2021-06-25,2回目,47316
宮崎県,2021-06-25,合計,103383
宮崎県,2021-07-02,1回目,57559
宮崎県,2021-07-02,2回目,49156
宮崎県,2021-07-02,合計,106715
宮崎県,2021-07-12,1回目,58433
宮崎県,2021-07-12,2回目,51604
宮崎県,2021-07-12,合計,110037
宮崎県,2021-07-19,1回目,60197
宮崎県,2021-07-19,2回目,52914
宮崎県,2021-07-19,合計,113111
宮崎県,2021-07-26,1回目,61273
宮崎県,2021-07-26,2回目,54416
宮崎県,2021-07-26,合計,115689
宮崎県,2021-07-30,1回目,61886
宮崎県,2021-07-30,2回目,55916
宮崎県,2021-07-30,合計,117802
鹿児島県,2021-04-16,1回目,21689
鹿児島県,2021-04-16,2回目,14758
鹿児島県,2021-04-16,合計,36447
鹿児島県,2021-04-23,1回目,33865
鹿児島県,2021-04-23,2回目,17031
鹿児島県,2021-04-23,合計,50896
鹿児島県,2021-04-30,1回目,48427
鹿児島県,2021-04-30,2回目,18159
鹿児島県,2021-04-30,合計,66586
鹿児島県,2021-05-07,1回目,54420
鹿児島県,2021-05-07,2回目,19248
鹿児島県,2021-05-07,合計,73668
鹿児島県,2021-05-21,1回目,70529
鹿児島県,2021-05-21,2回目,46970
鹿児島県,2021-05-21,合計,117499
鹿児島県,2021-05-28,1回目,76134
鹿児島県,2021-05-28,2回目,52689
鹿児島県,2021-05-28,合計,128823
鹿児島県,2021-06-04,1回目,82563
鹿児島県,2021-06-04,2回目,57710
鹿児島県,2021-06-04,合計,140273
鹿児島県,2021-06-11,1回目,88985
鹿児島県,2021-06-11,2回目,66992
鹿児島県,2021-06-11,合計,155977
鹿児島県,2021-06-18,1回目,93344
鹿児島県,2021-06-18,2回目,73299
鹿児島県,2021-06-18,合計,166643
鹿児島県,2021-06-25,1回目,98225
鹿児島県,2021-06-25,2回目,79137
鹿児島県,2021-06-25,合計,177362
鹿児島県,2021-07-02,1回目,101497
鹿児島県,2021-07-02,2回目,83861
鹿児島県,2021-07-02,合計,185358
鹿児島県,2021-07-12,1回目,104157
鹿児島県,2021-07-12,2回目,88406
鹿児島県,2021-07-12,合計,192563
鹿児島県,2021-07-19,1回目,107582
鹿児島県,2021-07-19,2回目,92299
鹿児島県,2021-07-19,合計,199881
鹿児島県,2021-07-26,1回目,108296
鹿児島県,2021-07-26,2回目,94031
鹿児島県,2021-07-26,合計,202327
鹿児島県,2021-07-30,1回目,109133
鹿児島県,2021-07-30,2回目,95738
鹿児島県,2021-07-30,合計,204871
沖縄県,2021-04-16,1回目,19673
沖縄県,2021-04-16,2回目,10992
沖縄県,2021-04-16,合計,30665
沖縄県,2021-04-23,1回目,25171
沖縄県,2021-04-23,2回目,14464
沖縄県,2021-04-23,合計,39635
沖縄県,2021-04-30,1回目,33452
沖縄県,2021-04-30,2回目,17519
沖縄県,2021-04-30,合計,50971
沖縄県,2021-05-07,1回目,36373
沖縄県,2021-05-07,2回目,18896
沖縄県,2021-05-07,合計,55269
沖縄県,2021-05-21,1回目,47740
沖縄県,2021-05-21,2回目,31638
沖縄県,2021-05-21,合計,79378
沖縄県,2021-05-28,1回目,50762
沖縄県,2021-05-28,2回目,35329
沖縄県,2021-05-28,合計,86091
沖縄県,2021-06-04,1回目,54078
沖縄県,2021-06-04,2回目,40125
沖縄県,2021-06-04,合計,94203
沖縄県,2021-06-11,1回目,56183
沖縄県,2021-06-11,2回目,44731
沖縄県,2021-06-11,合計,100914
沖縄県,2021-06-18,1回目,59252
沖縄県,2021-06-18,2回目,47393
沖縄県,2021-06-18,合計,106645
沖縄県,2021-06-25,1回目,61868
沖縄県,2021-06-25,2回目,49602
沖縄県,2021-06-25,合計,111470
沖縄県,2021-07-02,1回目,64290
沖縄県,2021-07-02,2回目,53126
沖縄県,2021-07-02,合計,117416
沖縄県,2021-07-12,1回目,67817
沖縄県,2021-07-12,2回目,55914
沖縄県,2021-07-12,合計,123731
沖縄県,2021-07-19,1回目,69682
沖縄県,2021-07-19,2回目,57770
沖縄県,2021-07-19,合計,127452
沖縄県,2021-07-26,1回目,70218
沖縄県,2021-07-26,2回目,59344
沖縄県,2021-07-26,合計,129562
沖縄県,2021-07-30,1回目,71873
沖縄県,2021-07-30,2回目,61780
沖縄県,2021-07-30,合計,133653
全国,2021-04-16,1回目,1198346
全国,2021-04-16,2回目,718396
全国,2021-04-16,合計,1916742
全国,2021-04-23,1回目,1764504
全国,2021-04-23,2回目,878734
全国,2021-04-23,合計,2643238
全国,2021-04-30,1回目,2579922
全国,2021-04-30,2回目,1042998
全国,2021-04-30,合計,3622920
全国,2021-05-07,1回目,2946065
全国,2021-05-07,2回目,1149113
全国,2021-05-07,合計,4095178
全国,2021-05-21,1回目,3965411
全国,2021-05-21,2回目,2472976
全国,2021-05-21,合計,6438387
全国,2021-05-28,1回目,4455174
全国,2021-05-28,2回目,2905708
全国,2021-05-28,合計,7360882
全国,2021-06-04,1回目,4848351
全国,2021-06-04,2回目,3406329
全国,2021-06-04,合計,8254680
全国,2021-06-11,1回目,5206824
全国,2021-06-11,2回目,3901073
全国,2021-06-11,合計,9107897
全国,2021-06-18,1回目,5492156
全国,2021-06-18,2回目,4320082
全国,2021-06-18,合計,9812238
全国,2021-06-25,1回目,5763903
全国,2021-06-25,2回目,4690512
全国,2021-06-25,合計,10454415
全国,2021-07-02,1回目,5977868
全国,2021-07-02,2回目,4986483
全国,2021-07-02,合計,10964351
全国,2021-07-12,1回目,6187797
全国,2021-07-12,2回目,5259713
全国,2021-07-12,合計,11447510
全国,2021-07-19,1回目,6368336
全国,2021-07-19,2回目,5480101
全国,2021-07-19,合計,11848437
全国,2021-07-26,1回目,6457054
全国,2021-07-26,2回目,5623988
全国,2021-07-26,合計,12081042
全国,2021-07-30,1回目,6532164
全国,2021-07-30,2回目,5761951
全国,2021-07-30,合計,12294115