,累計_合計_修正後,累計_空港_修正後,累計_海港_修正後,新規_合計_修正後,新規_空港_修正後,新規_海港_修正後,累計_空港_取り下げ前,新規_空港_取り下げ前,取り下げ
2020-03-15,5.0,5.0,0.0,5.0,5.0,0.0,5.0,5.0,0.0
2020-03-16,5.0,5.0,0.0,0.0,0.0,0.0,5.0,0.0,0.0
2020-03-17,5.0,5.0,0.0,0.0,0.0,0.0,5.0,0.0,0.0
2020-03-18,7.0,7.0,0.0,2.0,2.0,0.0,7.0,2.0,0.0
2020-03-19,7.0,7.0,0.0,0.0,0.0,0.0,7.0,0.0,0.0
2020-03-20,11.0,11.0,0.0,4.0,4.0,0.0,11.0,4.0,0.0
2020-03-21,16.0,16.0,0.0,5.0,5.0,0.0,16.0,5.0,0.0
2020-03-22,17.0,17.0,0.0,1.0,1.0,0.0,17.0,1.0,0.0
2020-03-23,18.0,18.0,0.0,1.0,1.0,0.0,18.0,1.0,0.0
2020-03-24,18.0,18.0,0.0,0.0,0.0,0.0,18.0,0.0,0.0
2020-03-25,23.0,23.0,0.0,5.0,5.0,0.0,23.0,5.0,0.0
2020-03-26,23.0,23.0,0.0,0.0,0.0,0.0,23.0,0.0,0.0
2020-03-27,31.0,31.0,0.0,8.0,8.0,0.0,31.0,8.0,0.0
2020-03-28,31.0,31.0,0.0,0.0,0.0,0.0,31.0,0.0,0.0
2020-03-29,31.0,31.0,0.0,0.0,0.0,0.0,31.0,0.0,0.0
2020-03-30,51.0,51.0,0.0,20.0,20.0,0.0,51.0,20.0,0.0
2020-03-31,56.0,56.0,0.0,5.0,5.0,0.0,56.0,5.0,0.0
2020-04-01,60.0,60.0,0.0,4.0,4.0,0.0,60.0,4.0,0.0
2020-04-02,61.0,61.0,0.0,1.0,1.0,0.0,61.0,1.0,0.0
2020-04-03,65.0,65.0,0.0,4.0,4.0,0.0,65.0,4.0,0.0
2020-04-04,65.0,65.0,0.0,0.0,0.0,0.0,65.0,0.0,0.0
2020-04-05,70.0,70.0,0.0,5.0,5.0,0.0,70.0,5.0,0.0
2020-04-06,74.0,74.0,0.0,4.0,4.0,0.0,74.0,4.0,0.0
2020-04-07,74.0,74.0,0.0,0.0,0.0,0.0,74.0,0.0,0.0
2020-04-08,86.0,86.0,0.0,12.0,12.0,0.0,86.0,12.0,0.0
2020-04-09,86.0,86.0,0.0,0.0,0.0,0.0,86.0,0.0,0.0
2020-04-10,88.0,88.0,0.0,2.0,2.0,0.0,88.0,2.0,0.0
2020-04-11,117.0,117.0,0.0,29.0,29.0,0.0,117.0,29.0,0.0
2020-04-12,117.0,117.0,0.0,0.0,0.0,0.0,117.0,0.0,0.0
2020-04-13,121.0,121.0,0.0,4.0,4.0,0.0,121.0,4.0,0.0
2020-04-14,121.0,121.0,0.0,0.0,0.0,0.0,121.0,0.0,0.0
2020-04-15,125.0,125.0,0.0,4.0,4.0,0.0,125.0,4.0,0.0
2020-04-16,125.0,125.0,0.0,0.0,0.0,0.0,125.0,0.0,0.0
2020-04-17,126.0,126.0,0.0,1.0,1.0,0.0,126.0,1.0,0.0
2020-04-18,127.0,127.0,0.0,1.0,1.0,0.0,127.0,1.0,0.0
2020-04-19,127.0,127.0,0.0,0.0,0.0,0.0,127.0,0.0,0.0
2020-04-20,130.0,130.0,0.0,3.0,3.0,0.0,130.0,3.0,0.0
2020-04-21,131.0,131.0,0.0,1.0,1.0,0.0,131.0,1.0,0.0
2020-04-22,132.0,132.0,0.0,1.0,1.0,0.0,132.0,1.0,0.0
2020-04-23,133.0,133.0,0.0,1.0,1.0,0.0,133.0,1.0,0.0
2020-04-24,133.0,133.0,0.0,0.0,0.0,0.0,133.0,0.0,0.0
2020-04-25,136.0,136.0,0.0,3.0,3.0,0.0,136.0,3.0,0.0
2020-04-26,138.0,138.0,0.0,2.0,2.0,0.0,138.0,2.0,0.0
2020-04-27,139.0,139.0,0.0,1.0,1.0,0.0,139.0,1.0,0.0
2020-04-28,142.0,142.0,0.0,3.0,3.0,0.0,142.0,3.0,0.0
2020-04-29,144.0,144.0,0.0,2.0,2.0,0.0,144.0,2.0,0.0
2020-04-30,146.0,146.0,0.0,2.0,2.0,0.0,146.0,2.0,0.0
2020-05-01,146.0,146.0,0.0,0.0,0.0,0.0,146.0,0.0,0.0
2020-05-02,147.0,147.0,0.0,1.0,1.0,0.0,147.0,1.0,0.0
2020-05-03,147.0,147.0,0.0,0.0,0.0,0.0,147.0,0.0,0.0
2020-05-04,147.0,147.0,0.0,0.0,0.0,0.0,147.0,0.0,0.0
2020-05-05,147.0,147.0,0.0,0.0,0.0,0.0,147.0,0.0,0.0
2020-05-06,148.0,148.0,0.0,1.0,1.0,0.0,148.0,1.0,0.0
2020-05-07,150.0,150.0,0.0,2.0,2.0,0.0,150.0,2.0,0.0
2020-05-08,151.0,151.0,0.0,1.0,1.0,0.0,151.0,1.0,0.0
2020-05-09,151.0,151.0,0.0,0.0,0.0,0.0,151.0,0.0,0.0
2020-05-10,153.0,153.0,0.0,2.0,2.0,0.0,153.0,2.0,0.0
2020-05-11,153.0,153.0,0.0,0.0,0.0,0.0,153.0,0.0,0.0
2020-05-12,155.0,155.0,0.0,2.0,2.0,0.0,155.0,2.0,0.0
2020-05-13,156.0,156.0,0.0,1.0,1.0,0.0,156.0,1.0,0.0
2020-05-14,156.0,156.0,0.0,0.0,0.0,0.0,156.0,0.0,0.0
2020-05-15,156.0,156.0,0.0,0.0,0.0,0.0,156.0,0.0,0.0
2020-05-16,158.0,158.0,0.0,2.0,2.0,0.0,158.0,2.0,0.0
2020-05-17,158.0,158.0,0.0,0.0,0.0,0.0,158.0,0.0,0.0
2020-05-18,158.0,158.0,0.0,0.0,0.0,0.0,158.0,0.0,0.0
2020-05-19,158.0,158.0,0.0,0.0,0.0,0.0,158.0,0.0,0.0
2020-05-20,158.0,158.0,0.0,0.0,0.0,0.0,158.0,0.0,0.0
2020-05-21,159.0,159.0,0.0,1.0,1.0,0.0,159.0,1.0,0.0
2020-05-22,159.0,159.0,0.0,0.0,0.0,0.0,159.0,0.0,0.0
2020-05-23,160.0,160.0,0.0,1.0,1.0,0.0,160.0,1.0,0.0
2020-05-24,162.0,162.0,0.0,2.0,2.0,0.0,162.0,2.0,0.0
2020-05-25,163.0,163.0,0.0,1.0,1.0,0.0,163.0,1.0,0.0
2020-05-26,167.0,167.0,0.0,4.0,4.0,0.0,167.0,4.0,0.0
2020-05-27,170.0,170.0,0.0,3.0,3.0,0.0,170.0,3.0,0.0
2020-05-28,172.0,172.0,0.0,2.0,2.0,0.0,172.0,2.0,0.0
2020-05-29,182.0,182.0,0.0,10.0,10.0,0.0,182.0,10.0,0.0
2020-05-30,186.0,186.0,0.0,4.0,4.0,0.0,186.0,4.0,0.0
2020-05-31,190.0,190.0,0.0,4.0,4.0,0.0,190.0,4.0,0.0
2020-06-01,191.0,191.0,0.0,1.0,1.0,0.0,191.0,1.0,0.0
2020-06-02,192.0,192.0,0.0,1.0,1.0,0.0,192.0,1.0,0.0
2020-06-03,196.0,196.0,0.0,4.0,4.0,0.0,196.0,4.0,0.0
2020-06-04,199.0,199.0,0.0,3.0,3.0,0.0,199.0,3.0,0.0
2020-06-05,202.0,202.0,0.0,3.0,3.0,0.0,202.0,3.0,0.0
2020-06-06,203.0,203.0,0.0,1.0,1.0,0.0,203.0,1.0,0.0
2020-06-07,209.0,209.0,0.0,6.0,6.0,0.0,209.0,6.0,0.0
2020-06-08,209.0,209.0,0.0,0.0,0.0,0.0,209.0,0.0,0.0
2020-06-09,224.0,224.0,0.0,15.0,15.0,0.0,224.0,15.0,0.0
2020-06-10,226.0,226.0,0.0,2.0,2.0,0.0,226.0,2.0,0.0
2020-06-11,227.0,227.0,0.0,1.0,1.0,0.0,227.0,1.0,0.0
2020-06-12,232.0,232.0,0.0,5.0,5.0,0.0,232.0,5.0,0.0
2020-06-13,235.0,235.0,0.0,3.0,3.0,0.0,235.0,3.0,0.0
2020-06-14,249.0,249.0,0.0,14.0,14.0,0.0,249.0,14.0,0.0
2020-06-15,261.0,261.0,0.0,12.0,12.0,0.0,261.0,12.0,0.0
2020-06-16,263.0,263.0,0.0,2.0,2.0,0.0,263.0,2.0,0.0
2020-06-17,266.0,266.0,0.0,3.0,3.0,0.0,266.0,3.0,0.0
2020-06-18,269.0,269.0,0.0,3.0,3.0,0.0,269.0,3.0,0.0
2020-06-19,272.0,272.0,0.0,3.0,3.0,0.0,272.0,3.0,0.0
2020-06-20,272.0,272.0,0.0,0.0,0.0,0.0,272.0,0.0,0.0
2020-06-21,279.0,279.0,0.0,7.0,7.0,0.0,279.0,7.0,0.0
2020-06-22,282.0,282.0,0.0,3.0,3.0,0.0,282.0,3.0,0.0
2020-06-23,286.0,286.0,0.0,4.0,4.0,0.0,286.0,4.0,0.0
2020-06-24,293.0,293.0,0.0,7.0,7.0,0.0,293.0,7.0,0.0
2020-06-25,296.0,296.0,0.0,3.0,3.0,0.0,296.0,3.0,0.0
2020-06-26,302.0,302.0,0.0,6.0,6.0,0.0,302.0,6.0,0.0
2020-06-27,306.0,306.0,0.0,4.0,4.0,0.0,306.0,4.0,0.0
2020-06-28,307.0,307.0,0.0,1.0,1.0,0.0,307.0,1.0,0.0
2020-06-29,308.0,308.0,0.0,1.0,1.0,0.0,308.0,1.0,0.0
2020-06-30,314.0,314.0,0.0,6.0,6.0,0.0,314.0,6.0,0.0
2020-07-01,314.0,314.0,0.0,0.0,0.0,0.0,314.0,0.0,0.0
2020-07-02,316.0,316.0,0.0,2.0,2.0,0.0,316.0,2.0,0.0
2020-07-03,317.0,317.0,0.0,1.0,1.0,0.0,317.0,1.0,0.0
2020-07-04,323.0,323.0,0.0,6.0,6.0,0.0,323.0,6.0,0.0
2020-07-05,335.0,335.0,0.0,12.0,12.0,0.0,335.0,12.0,0.0
2020-07-06,338.0,338.0,0.0,3.0,3.0,0.0,338.0,3.0,0.0
2020-07-07,343.0,343.0,0.0,5.0,5.0,0.0,343.0,5.0,0.0
2020-07-08,346.0,346.0,0.0,3.0,3.0,0.0,346.0,3.0,0.0
2020-07-09,351.0,351.0,0.0,5.0,5.0,0.0,351.0,5.0,0.0
2020-07-10,361.0,361.0,0.0,10.0,10.0,0.0,361.0,10.0,0.0
2020-07-11,374.0,374.0,0.0,13.0,13.0,0.0,374.0,13.0,0.0
2020-07-12,394.0,394.0,0.0,20.0,20.0,0.0,394.0,20.0,0.0
2020-07-13,407.0,407.0,0.0,13.0,13.0,0.0,407.0,13.0,0.0
2020-07-14,412.0,412.0,0.0,5.0,5.0,0.0,412.0,5.0,0.0
2020-07-15,425.0,425.0,0.0,13.0,13.0,0.0,425.0,13.0,0.0
2020-07-16,429.0,429.0,0.0,4.0,4.0,0.0,429.0,4.0,0.0
2020-07-17,437.0,437.0,0.0,8.0,8.0,0.0,437.0,8.0,0.0
2020-07-18,446.0,446.0,0.0,9.0,9.0,0.0,446.0,9.0,0.0
2020-07-19,455.0,455.0,0.0,9.0,9.0,0.0,455.0,9.0,0.0
2020-07-20,466.0,466.0,0.0,11.0,11.0,0.0,466.0,11.0,0.0
2020-07-21,481.0,481.0,0.0,15.0,15.0,0.0,481.0,15.0,0.0
2020-07-22,485.0,485.0,0.0,4.0,4.0,0.0,485.0,4.0,0.0
2020-07-23,500.0,500.0,0.0,15.0,15.0,0.0,500.0,15.0,0.0
2020-07-24,505.0,505.0,0.0,5.0,5.0,0.0,505.0,5.0,0.0
2020-07-25,516.0,516.0,0.0,11.0,11.0,0.0,516.0,11.0,0.0
2020-07-26,522.0,522.0,0.0,6.0,6.0,0.0,522.0,6.0,0.0
2020-07-27,540.0,540.0,0.0,18.0,18.0,0.0,540.0,18.0,0.0
2020-07-28,553.0,553.0,0.0,13.0,13.0,0.0,553.0,13.0,0.0
2020-07-29,575.0,575.0,0.0,22.0,22.0,0.0,575.0,22.0,0.0
2020-07-30,583.0,583.0,0.0,8.0,8.0,0.0,583.0,8.0,0.0
2020-07-31,588.0,588.0,0.0,5.0,5.0,0.0,588.0,5.0,0.0
2020-08-01,593.0,593.0,0.0,5.0,5.0,0.0,593.0,5.0,0.0
2020-08-02,600.0,600.0,0.0,7.0,7.0,0.0,600.0,7.0,0.0
2020-08-03,623.0,623.0,0.0,23.0,23.0,0.0,623.0,23.0,0.0
2020-08-04,629.0,629.0,0.0,6.0,6.0,0.0,629.0,6.0,0.0
2020-08-05,637.0,637.0,0.0,8.0,8.0,0.0,637.0,8.0,0.0
2020-08-06,648.0,648.0,0.0,11.0,11.0,0.0,648.0,11.0,0.0
2020-08-07,654.0,654.0,0.0,6.0,6.0,0.0,654.0,6.0,0.0
2020-08-08,663.0,663.0,0.0,9.0,9.0,0.0,663.0,9.0,0.0
2020-08-09,669.0,669.0,0.0,6.0,6.0,0.0,669.0,6.0,0.0
2020-08-10,675.0,675.0,0.0,6.0,6.0,0.0,675.0,6.0,0.0
2020-08-11,683.0,683.0,0.0,8.0,8.0,0.0,683.0,8.0,0.0
2020-08-12,688.0,688.0,0.0,5.0,5.0,0.0,688.0,5.0,0.0
2020-08-13,689.0,689.0,0.0,1.0,1.0,0.0,689.0,1.0,0.0
2020-08-14,693.0,693.0,0.0,4.0,4.0,0.0,693.0,4.0,0.0
2020-08-15,697.0,697.0,0.0,4.0,4.0,0.0,697.0,4.0,0.0
2020-08-16,700.0,700.0,0.0,3.0,3.0,0.0,700.0,3.0,0.0
2020-08-17,712.0,712.0,0.0,12.0,12.0,0.0,712.0,12.0,0.0
2020-08-18,715.0,715.0,0.0,3.0,3.0,0.0,715.0,3.0,0.0
2020-08-19,720.0,720.0,0.0,5.0,5.0,0.0,720.0,5.0,0.0
2020-08-20,728.0,728.0,0.0,8.0,8.0,0.0,728.0,8.0,0.0
2020-08-21,730.0,730.0,0.0,2.0,2.0,0.0,730.0,2.0,0.0
2020-08-22,731.0,731.0,0.0,1.0,1.0,0.0,731.0,1.0,0.0
2020-08-23,738.0,738.0,0.0,7.0,7.0,0.0,738.0,7.0,0.0
2020-08-24,742.0,742.0,0.0,4.0,4.0,0.0,742.0,4.0,0.0
2020-08-25,747.0,747.0,0.0,5.0,5.0,0.0,747.0,5.0,0.0
2020-08-26,752.0,752.0,0.0,5.0,5.0,0.0,752.0,5.0,0.0
2020-08-27,757.0,757.0,0.0,5.0,5.0,0.0,757.0,5.0,0.0
2020-08-28,763.0,763.0,0.0,6.0,6.0,0.0,763.0,6.0,0.0
2020-08-29,768.0,768.0,0.0,5.0,5.0,0.0,768.0,5.0,0.0
2020-08-30,773.0,773.0,0.0,5.0,5.0,0.0,773.0,5.0,0.0
2020-08-31,782.0,782.0,0.0,9.0,9.0,0.0,782.0,9.0,0.0
2020-09-01,790.0,790.0,0.0,8.0,8.0,0.0,790.0,8.0,0.0
2020-09-02,799.0,799.0,0.0,9.0,9.0,0.0,799.0,9.0,0.0
2020-09-03,803.0,803.0,0.0,4.0,4.0,0.0,803.0,4.0,0.0
2020-09-04,810.0,810.0,0.0,7.0,7.0,0.0,810.0,7.0,0.0
2020-09-05,812.0,812.0,0.0,2.0,2.0,0.0,812.0,2.0,0.0
2020-09-06,816.0,816.0,0.0,4.0,4.0,0.0,816.0,4.0,0.0
2020-09-07,821.0,821.0,0.0,5.0,5.0,0.0,821.0,5.0,0.0
2020-09-08,822.0,822.0,0.0,1.0,1.0,0.0,822.0,1.0,0.0
2020-09-09,825.0,825.0,0.0,3.0,3.0,0.0,825.0,3.0,0.0
2020-09-10,828.0,828.0,0.0,3.0,3.0,0.0,828.0,3.0,0.0
2020-09-11,835.0,835.0,0.0,7.0,7.0,0.0,835.0,7.0,0.0
2020-09-12,843.0,843.0,0.0,8.0,8.0,0.0,843.0,8.0,0.0
2020-09-13,845.0,845.0,0.0,2.0,2.0,0.0,845.0,2.0,0.0
2020-09-14,850.0,850.0,0.0,5.0,5.0,0.0,850.0,5.0,0.0
2020-09-15,851.0,851.0,0.0,1.0,1.0,0.0,851.0,1.0,0.0
2020-09-16,859.0,859.0,0.0,8.0,8.0,0.0,859.0,8.0,0.0
2020-09-17,869.0,869.0,0.0,10.0,10.0,0.0,869.0,10.0,0.0
2020-09-18,875.0,875.0,0.0,6.0,6.0,0.0,875.0,6.0,0.0
2020-09-19,880.0,880.0,0.0,5.0,5.0,0.0,880.0,5.0,0.0
2020-09-20,891.0,891.0,0.0,11.0,11.0,0.0,891.0,11.0,0.0
2020-09-21,898.0,898.0,0.0,7.0,7.0,0.0,898.0,7.0,0.0
2020-09-22,906.0,906.0,0.0,8.0,8.0,0.0,906.0,8.0,0.0
2020-09-23,910.0,910.0,0.0,4.0,4.0,0.0,910.0,4.0,0.0
2020-09-24,917.0,917.0,0.0,7.0,7.0,0.0,917.0,7.0,0.0
2020-09-25,922.0,922.0,0.0,5.0,5.0,0.0,922.0,5.0,0.0
2020-09-26,928.0,928.0,0.0,6.0,6.0,0.0,928.0,6.0,0.0
2020-09-27,935.0,935.0,0.0,7.0,7.0,0.0,935.0,7.0,0.0
2020-09-28,942.0,942.0,0.0,7.0,7.0,0.0,942.0,7.0,0.0
2020-09-29,945.0,945.0,0.0,3.0,3.0,0.0,945.0,3.0,0.0
2020-09-30,951.0,951.0,0.0,6.0,6.0,0.0,951.0,6.0,0.0
2020-10-01,964.0,964.0,0.0,13.0,13.0,0.0,964.0,13.0,0.0
2020-10-02,970.0,970.0,0.0,6.0,6.0,0.0,970.0,6.0,0.0
2020-10-03,984.0,984.0,0.0,14.0,14.0,0.0,984.0,14.0,0.0
2020-10-04,991.0,991.0,0.0,7.0,7.0,0.0,991.0,7.0,0.0
2020-10-05,1002.0,1002.0,0.0,11.0,11.0,0.0,1002.0,11.0,0.0
2020-10-06,1007.0,1007.0,0.0,5.0,5.0,0.0,1007.0,5.0,0.0
2020-10-07,1013.0,1013.0,0.0,6.0,6.0,0.0,1013.0,6.0,0.0
2020-10-08,1018.0,1018.0,0.0,5.0,5.0,0.0,1018.0,5.0,0.0
2020-10-09,1027.0,1027.0,0.0,9.0,9.0,0.0,1027.0,9.0,0.0
2020-10-10,1039.0,1039.0,0.0,12.0,12.0,0.0,1039.0,12.0,0.0
2020-10-11,1044.0,1044.0,0.0,5.0,5.0,0.0,1044.0,5.0,0.0
2020-10-12,1049.0,1049.0,0.0,5.0,5.0,0.0,1049.0,5.0,0.0
2020-10-13,1055.0,1055.0,0.0,6.0,6.0,0.0,1055.0,6.0,0.0
2020-10-14,1058.0,1058.0,0.0,3.0,3.0,0.0,1058.0,3.0,0.0
2020-10-15,1062.0,1062.0,0.0,4.0,4.0,0.0,1062.0,4.0,0.0
2020-10-16,1069.0,1069.0,0.0,7.0,7.0,0.0,1069.0,7.0,0.0
2020-10-17,1081.0,1081.0,0.0,12.0,12.0,0.0,1081.0,12.0,0.0
2020-10-18,1089.0,1089.0,0.0,8.0,8.0,0.0,1089.0,8.0,0.0
2020-10-19,1092.0,1092.0,0.0,3.0,3.0,0.0,1092.0,3.0,0.0
2020-10-20,1099.0,1099.0,0.0,7.0,7.0,0.0,1099.0,7.0,0.0
2020-10-21,1104.0,1104.0,0.0,5.0,5.0,0.0,1104.0,5.0,0.0
2020-10-22,1109.0,1109.0,0.0,5.0,5.0,0.0,1109.0,5.0,0.0
2020-10-23,1114.0,1114.0,0.0,5.0,5.0,0.0,1114.0,5.0,0.0
2020-10-24,1127.0,1127.0,0.0,13.0,13.0,0.0,1127.0,13.0,0.0
2020-10-25,1135.0,1135.0,0.0,8.0,8.0,0.0,1135.0,8.0,0.0
2020-10-26,1143.0,1143.0,0.0,8.0,8.0,0.0,1143.0,8.0,0.0
2020-10-27,1143.0,1143.0,0.0,0.0,0.0,0.0,1143.0,0.0,0.0
2020-10-28,1150.0,1150.0,0.0,7.0,7.0,0.0,1150.0,7.0,0.0
2020-10-29,1154.0,1154.0,0.0,4.0,4.0,0.0,1154.0,4.0,0.0
2020-10-30,1163.0,1163.0,0.0,9.0,9.0,0.0,1163.0,9.0,0.0
2020-10-31,1172.0,1172.0,0.0,9.0,9.0,0.0,1172.0,9.0,0.0
2020-11-01,1180.0,1180.0,0.0,8.0,8.0,0.0,1180.0,8.0,0.0
2020-11-02,1188.0,1188.0,0.0,8.0,8.0,0.0,1188.0,8.0,0.0
2020-11-03,1192.0,1192.0,0.0,4.0,4.0,0.0,1192.0,4.0,0.0
2020-11-04,1204.0,1204.0,0.0,12.0,12.0,0.0,1204.0,12.0,0.0
2020-11-05,1209.0,1209.0,0.0,5.0,5.0,0.0,1209.0,5.0,0.0
2020-11-06,1217.0,1217.0,0.0,8.0,8.0,0.0,1217.0,8.0,0.0
2020-11-07,1244.0,1244.0,0.0,27.0,27.0,0.0,1244.0,27.0,0.0
2020-11-08,1263.0,1263.0,0.0,19.0,19.0,0.0,1263.0,19.0,0.0
2020-11-09,1272.0,1272.0,0.0,9.0,9.0,0.0,1272.0,9.0,0.0
2020-11-10,1276.0,1276.0,0.0,4.0,4.0,0.0,1276.0,4.0,0.0
2020-11-11,1287.0,1287.0,0.0,11.0,11.0,0.0,1287.0,11.0,0.0
2020-11-12,1313.0,1313.0,0.0,26.0,26.0,0.0,1313.0,26.0,0.0
2020-11-13,1319.0,1319.0,0.0,6.0,6.0,0.0,1319.0,6.0,0.0
2020-11-14,1335.0,1335.0,0.0,16.0,16.0,0.0,1335.0,16.0,0.0
2020-11-15,1347.0,1347.0,0.0,12.0,12.0,0.0,1347.0,12.0,0.0
2020-11-16,1351.0,1351.0,0.0,4.0,4.0,0.0,1351.0,4.0,0.0
2020-11-17,1359.0,1359.0,0.0,8.0,8.0,0.0,1359.0,8.0,0.0
2020-11-18,1371.0,1371.0,0.0,12.0,12.0,0.0,1371.0,12.0,0.0
2020-11-19,1385.0,1385.0,0.0,14.0,14.0,0.0,1385.0,14.0,0.0
2020-11-20,1394.0,1394.0,0.0,9.0,9.0,0.0,1394.0,9.0,0.0
2020-11-21,1414.0,1414.0,0.0,20.0,20.0,0.0,1414.0,20.0,0.0
2020-11-22,1426.0,1426.0,0.0,12.0,12.0,0.0,1426.0,12.0,0.0
2020-11-23,1435.0,1435.0,0.0,9.0,9.0,0.0,1435.0,9.0,0.0
2020-11-24,1446.0,1446.0,0.0,11.0,11.0,0.0,1446.0,11.0,0.0
2020-11-25,1459.0,1459.0,0.0,13.0,13.0,0.0,1459.0,13.0,0.0
2020-11-26,1465.0,1465.0,0.0,6.0,6.0,0.0,1465.0,6.0,0.0
2020-11-27,1485.0,1485.0,0.0,20.0,20.0,0.0,1485.0,20.0,0.0
2020-11-28,1499.0,1499.0,0.0,14.0,14.0,0.0,1499.0,14.0,0.0
2020-11-29,1514.0,1514.0,0.0,15.0,15.0,0.0,1514.0,15.0,0.0
2020-11-30,1524.0,1524.0,0.0,10.0,10.0,0.0,1524.0,10.0,0.0
2020-12-01,1534.0,1534.0,0.0,10.0,10.0,0.0,1534.0,10.0,0.0
2020-12-02,1549.0,1549.0,0.0,15.0,15.0,0.0,1549.0,15.0,0.0
2020-12-03,1559.0,1559.0,0.0,10.0,10.0,0.0,1559.0,10.0,0.0
2020-12-04,1566.0,1566.0,0.0,7.0,7.0,0.0,1566.0,7.0,0.0
2020-12-05,1583.0,1583.0,0.0,17.0,17.0,0.0,1583.0,17.0,0.0
2020-12-06,1600.0,1600.0,0.0,17.0,17.0,0.0,1600.0,17.0,0.0
2020-12-07,1616.0,1616.0,0.0,16.0,16.0,0.0,1616.0,16.0,0.0
2020-12-08,1622.0,1622.0,0.0,6.0,6.0,0.0,1622.0,6.0,0.0
2020-12-09,1630.0,1630.0,0.0,8.0,8.0,0.0,1630.0,8.0,0.0
2020-12-10,1637.0,1637.0,0.0,7.0,7.0,0.0,1637.0,7.0,0.0
2020-12-11,1646.0,1646.0,0.0,9.0,9.0,0.0,1646.0,9.0,0.0
2020-12-12,1664.0,1664.0,0.0,18.0,18.0,0.0,1664.0,18.0,0.0
2020-12-13,1678.0,1678.0,0.0,14.0,14.0,0.0,1678.0,14.0,0.0
2020-12-14,1693.0,1693.0,0.0,15.0,15.0,0.0,1693.0,15.0,0.0
2020-12-15,1701.0,1701.0,0.0,8.0,8.0,0.0,1701.0,8.0,0.0
2020-12-16,1702.0,1702.0,0.0,1.0,1.0,0.0,1702.0,1.0,0.0
2020-12-17,1708.0,1708.0,0.0,6.0,6.0,0.0,1708.0,6.0,0.0
2020-12-18,1713.0,1713.0,0.0,5.0,5.0,0.0,1713.0,5.0,0.0
2020-12-19,1726.0,1726.0,0.0,13.0,13.0,0.0,1726.0,13.0,0.0
2020-12-20,1751.0,1751.0,0.0,25.0,25.0,0.0,1751.0,25.0,0.0
2020-12-21,1779.0,1779.0,0.0,28.0,28.0,0.0,1779.0,28.0,0.0
2020-12-22,1797.0,1797.0,0.0,18.0,18.0,0.0,1797.0,18.0,0.0
2020-12-23,1807.0,1807.0,0.0,10.0,10.0,0.0,1807.0,10.0,0.0
2020-12-24,1817.0,1817.0,0.0,10.0,10.0,0.0,1817.0,10.0,0.0
2020-12-25,1827.0,1827.0,0.0,10.0,10.0,0.0,1827.0,10.0,0.0
2020-12-26,1836.0,1836.0,0.0,9.0,9.0,0.0,1836.0,9.0,0.0
2020-12-27,1847.0,1847.0,0.0,11.0,11.0,0.0,1847.0,11.0,0.0
2020-12-28,1859.0,1859.0,0.0,12.0,12.0,0.0,1859.0,12.0,0.0
2020-12-29,1865.0,1865.0,0.0,6.0,6.0,0.0,1865.0,6.0,0.0
2020-12-30,1871.0,1871.0,0.0,6.0,6.0,0.0,1871.0,6.0,0.0
2020-12-31,1885.0,1885.0,0.0,14.0,14.0,0.0,1885.0,14.0,0.0
2021-01-01,1893.0,1893.0,0.0,8.0,8.0,0.0,1893.0,8.0,0.0
2021-01-02,1907.0,1907.0,0.0,14.0,14.0,0.0,1907.0,14.0,0.0
2021-01-03,1930.0,1930.0,0.0,23.0,23.0,0.0,1930.0,23.0,0.0
2021-01-04,1948.0,1948.0,0.0,18.0,18.0,0.0,1948.0,18.0,0.0
2021-01-05,1958.0,1958.0,0.0,10.0,10.0,0.0,1958.0,10.0,0.0
2021-01-06,1965.0,1965.0,0.0,7.0,7.0,0.0,1965.0,7.0,0.0
2021-01-07,1976.0,1976.0,0.0,11.0,11.0,0.0,1976.0,11.0,0.0
2021-01-08,1983.0,1983.0,0.0,7.0,7.0,0.0,1983.0,7.0,0.0
2021-01-09,1997.0,1997.0,0.0,14.0,14.0,0.0,1997.0,14.0,0.0
2021-01-10,2008.0,2008.0,0.0,11.0,11.0,0.0,2008.0,11.0,0.0
2021-01-11,2021.0,2021.0,0.0,13.0,13.0,0.0,2021.0,13.0,0.0
2021-01-12,2027.0,2027.0,0.0,6.0,6.0,0.0,2027.0,6.0,0.0
2021-01-13,2033.0,2033.0,0.0,6.0,6.0,0.0,2034.0,7.0,1.0
2021-01-14,2038.0,2038.0,0.0,5.0,5.0,0.0,2039.0,5.0,0.0
2021-01-15,2049.0,2049.0,0.0,11.0,11.0,0.0,2051.0,12.0,1.0
2021-01-16,2061.0,2061.0,0.0,12.0,12.0,0.0,2063.0,12.0,0.0
2021-01-17,2069.0,2069.0,0.0,8.0,8.0,0.0,2071.0,8.0,0.0
2021-01-18,2080.0,2080.0,0.0,11.0,11.0,0.0,2082.0,11.0,0.0
2021-01-19,2097.0,2087.0,10.0,17.0,7.0,10.0,2089.0,7.0,0.0
2021-01-20,2098.0,2088.0,10.0,1.0,1.0,0.0,2090.0,1.0,0.0
2021-01-21,2106.0,2096.0,10.0,8.0,8.0,0.0,2098.0,8.0,0.0
2021-01-22,2112.0,2101.0,11.0,6.0,5.0,1.0,2103.0,5.0,0.0
2021-01-23,2117.0,2106.0,11.0,5.0,5.0,0.0,2108.0,5.0,0.0
2021-01-24,2120.0,2109.0,11.0,3.0,3.0,0.0,2111.0,3.0,0.0
2021-01-25,2124.0,2113.0,11.0,4.0,4.0,0.0,2115.0,4.0,0.0
2021-01-26,2126.0,2115.0,11.0,2.0,2.0,0.0,2117.0,2.0,0.0
2021-01-27,2131.0,2120.0,11.0,5.0,5.0,0.0,2122.0,5.0,0.0
2021-01-28,2136.0,2125.0,11.0,5.0,5.0,0.0,2127.0,5.0,0.0
2021-01-29,2140.0,2129.0,11.0,4.0,4.0,0.0,2131.0,4.0,0.0
2021-01-30,2145.0,2133.0,12.0,5.0,4.0,1.0,2135.0,4.0,0.0
2021-01-31,2145.0,2133.0,12.0,0.0,0.0,0.0,2135.0,0.0,0.0
2021-02-01,2154.0,2142.0,12.0,9.0,9.0,0.0,2144.0,9.0,0.0
2021-02-02,2156.0,2144.0,12.0,2.0,2.0,0.0,2146.0,2.0,0.0
2021-02-03,2158.0,2146.0,12.0,2.0,2.0,0.0,2148.0,2.0,0.0
2021-02-04,2161.0,2149.0,12.0,3.0,3.0,0.0,2151.0,3.0,0.0
2021-02-05,2162.0,2150.0,12.0,1.0,1.0,0.0,2152.0,1.0,0.0
2021-02-06,2164.0,2152.0,12.0,2.0,2.0,0.0,2154.0,2.0,0.0
2021-02-07,2166.0,2154.0,12.0,2.0,2.0,0.0,2156.0,2.0,0.0
2021-02-08,2167.0,2155.0,12.0,1.0,1.0,0.0,2157.0,1.0,0.0
2021-02-09,2168.0,2156.0,12.0,1.0,1.0,0.0,2158.0,1.0,0.0
2021-02-10,2170.0,2158.0,12.0,2.0,2.0,0.0,2160.0,2.0,0.0
2021-02-11,2172.0,2160.0,12.0,2.0,2.0,0.0,2162.0,2.0,0.0
2021-02-12,2176.0,2164.0,12.0,4.0,4.0,0.0,2166.0,4.0,0.0
2021-02-13,2182.0,2169.0,13.0,6.0,5.0,1.0,2171.0,5.0,0.0
2021-02-14,2184.0,2171.0,13.0,2.0,2.0,0.0,2173.0,2.0,0.0
2021-02-15,2185.0,2172.0,13.0,1.0,1.0,0.0,2174.0,1.0,0.0
2021-02-16,2186.0,2173.0,13.0,1.0,1.0,0.0,2175.0,1.0,0.0
2021-02-17,2190.0,2177.0,13.0,4.0,4.0,0.0,2179.0,4.0,0.0
2021-02-18,2190.0,2177.0,13.0,0.0,0.0,0.0,2179.0,0.0,0.0
2021-02-19,2194.0,2181.0,13.0,4.0,4.0,0.0,2183.0,4.0,0.0
2021-02-20,2199.0,2186.0,13.0,5.0,5.0,0.0,2188.0,5.0,0.0
2021-02-21,2200.0,2187.0,13.0,1.0,1.0,0.0,2189.0,1.0,0.0
2021-02-22,2202.0,2189.0,13.0,2.0,2.0,0.0,2191.0,2.0,0.0
2021-02-23,2204.0,2191.0,13.0,2.0,2.0,0.0,2193.0,2.0,0.0
2021-02-24,2205.0,2192.0,13.0,1.0,1.0,0.0,2194.0,1.0,0.0
2021-02-25,2206.0,2193.0,13.0,1.0,1.0,0.0,2195.0,1.0,0.0
2021-02-26,2214.0,2201.0,13.0,8.0,8.0,0.0,2203.0,8.0,0.0
2021-02-27,2220.0,2207.0,13.0,6.0,6.0,0.0,2209.0,6.0,0.0
2021-02-28,2225.0,2212.0,13.0,5.0,5.0,0.0,2214.0,5.0,0.0
2021-03-01,2239.0,2218.0,21.0,14.0,6.0,8.0,2220.0,6.0,0.0
2021-03-02,2240.0,2219.0,21.0,1.0,1.0,0.0,2221.0,1.0,0.0
2021-03-03,2243.0,2222.0,21.0,3.0,3.0,0.0,2224.0,3.0,0.0
2021-03-04,2245.0,2224.0,21.0,2.0,2.0,0.0,2226.0,2.0,0.0
2021-03-05,2247.0,2226.0,21.0,2.0,2.0,0.0,2228.0,2.0,0.0
2021-03-06,2254.0,2233.0,21.0,7.0,7.0,0.0,2235.0,7.0,0.0
2021-03-07,2257.0,2236.0,21.0,3.0,3.0,0.0,2238.0,3.0,0.0
2021-03-08,2258.0,2237.0,21.0,1.0,1.0,0.0,2239.0,1.0,0.0
2021-03-09,2260.0,2239.0,21.0,2.0,2.0,0.0,2241.0,2.0,0.0
2021-03-10,2264.0,2243.0,21.0,4.0,4.0,0.0,2245.0,4.0,0.0
2021-03-11,2267.0,2246.0,21.0,3.0,3.0,0.0,2248.0,3.0,0.0
2021-03-12,2272.0,2251.0,21.0,5.0,5.0,0.0,2253.0,5.0,0.0
2021-03-13,2276.0,2255.0,21.0,4.0,4.0,0.0,2257.0,4.0,0.0
2021-03-14,2281.0,2260.0,21.0,5.0,5.0,0.0,2262.0,5.0,0.0
2021-03-15,2287.0,2266.0,21.0,6.0,6.0,0.0,2268.0,6.0,0.0
2021-03-16,2289.0,2268.0,21.0,2.0,2.0,0.0,2270.0,2.0,0.0
2021-03-17,2303.0,2282.0,21.0,14.0,14.0,0.0,2284.0,14.0,0.0
2021-03-18,2310.0,2289.0,21.0,7.0,7.0,0.0,2291.0,7.0,0.0
2021-03-19,2313.0,2292.0,21.0,3.0,3.0,0.0,2294.0,3.0,0.0
2021-03-20,2319.0,2298.0,21.0,6.0,6.0,0.0,2300.0,6.0,0.0
2021-03-21,2328.0,2307.0,21.0,9.0,9.0,0.0,2309.0,9.0,0.0
2021-03-22,2333.0,2312.0,21.0,5.0,5.0,0.0,2314.0,5.0,0.0
2021-03-23,2337.0,2316.0,21.0,4.0,4.0,0.0,2318.0,4.0,0.0
2021-03-24,2343.0,2322.0,21.0,6.0,6.0,0.0,2324.0,6.0,0.0
2021-03-25,2347.0,2326.0,21.0,4.0,4.0,0.0,2328.0,4.0,0.0
2021-03-26,2352.0,2331.0,21.0,5.0,5.0,0.0,2333.0,5.0,0.0
2021-03-27,2364.0,2343.0,21.0,12.0,12.0,0.0,2345.0,12.0,0.0
2021-03-28,2369.0,2348.0,21.0,5.0,5.0,0.0,2350.0,5.0,0.0
2021-03-29,2374.0,2353.0,21.0,5.0,5.0,0.0,2355.0,5.0,0.0
2021-03-30,2384.0,2363.0,21.0,10.0,10.0,0.0,2365.0,10.0,0.0
2021-03-31,2392.0,2371.0,21.0,8.0,8.0,0.0,2373.0,8.0,0.0
2021-04-01,2399.0,2378.0,21.0,7.0,7.0,0.0,2380.0,7.0,0.0
2021-04-02,2413.0,2392.0,21.0,14.0,14.0,0.0,2394.0,14.0,0.0
2021-04-03,2428.0,2407.0,21.0,15.0,15.0,0.0,2409.0,15.0,0.0
2021-04-04,2439.0,2418.0,21.0,11.0,11.0,0.0,2420.0,11.0,0.0
2021-04-05,2445.0,2424.0,21.0,6.0,6.0,0.0,2426.0,6.0,0.0
2021-04-06,2453.0,2432.0,21.0,8.0,8.0,0.0,2434.0,8.0,0.0
2021-04-07,2460.0,2439.0,21.0,7.0,7.0,0.0,2441.0,7.0,0.0
2021-04-08,2463.0,2442.0,21.0,3.0,3.0,0.0,2444.0,3.0,0.0
2021-04-09,2473.0,2452.0,21.0,10.0,10.0,0.0,2454.0,10.0,0.0
2021-04-10,2493.0,2472.0,21.0,20.0,20.0,0.0,2474.0,20.0,0.0
2021-04-11,2497.0,2476.0,21.0,4.0,4.0,0.0,2478.0,4.0,0.0
2021-04-12,2515.0,2494.0,21.0,18.0,18.0,0.0,2496.0,18.0,0.0
2021-04-13,2527.0,2506.0,21.0,12.0,12.0,0.0,2508.0,12.0,0.0
2021-04-14,2537.0,2516.0,21.0,10.0,10.0,0.0,2518.0,10.0,0.0
2021-04-15,2543.0,2522.0,21.0,6.0,6.0,0.0,2524.0,6.0,0.0
2021-04-16,2556.0,2535.0,21.0,13.0,13.0,0.0,2537.0,13.0,0.0
2021-04-17,2567.0,2546.0,21.0,11.0,11.0,0.0,2548.0,11.0,0.0
2021-04-18,2571.0,2550.0,21.0,4.0,4.0,0.0,2552.0,4.0,0.0
2021-04-19,2586.0,2565.0,21.0,15.0,15.0,0.0,2567.0,15.0,0.0
2021-04-20,2600.0,2579.0,21.0,14.0,14.0,0.0,2581.0,14.0,0.0
2021-04-21,2611.0,2590.0,21.0,11.0,11.0,0.0,2592.0,11.0,0.0
2021-04-22,2624.0,2603.0,21.0,13.0,13.0,0.0,2605.0,13.0,0.0
2021-04-23,2628.0,2607.0,21.0,4.0,4.0,0.0,2609.0,4.0,0.0
2021-04-24,2634.0,2613.0,21.0,6.0,6.0,0.0,2615.0,6.0,0.0
2021-04-25,2637.0,2616.0,21.0,3.0,3.0,0.0,2618.0,3.0,0.0
2021-04-26,2653.0,2632.0,21.0,16.0,16.0,0.0,2634.0,16.0,0.0
2021-04-27,2660.0,2639.0,21.0,7.0,7.0,0.0,2641.0,7.0,0.0
2021-04-28,2667.0,2646.0,21.0,7.0,7.0,0.0,2648.0,7.0,0.0
2021-04-29,2681.0,2660.0,21.0,14.0,14.0,0.0,2662.0,14.0,0.0
2021-04-30,2687.0,2666.0,21.0,6.0,6.0,0.0,2668.0,6.0,0.0
2021-05-01,2710.0,2689.0,21.0,23.0,23.0,0.0,2691.0,23.0,0.0
2021-05-02,2728.0,2707.0,21.0,18.0,18.0,0.0,2709.0,18.0,0.0
2021-05-03,2739.0,2718.0,21.0,11.0,11.0,0.0,2720.0,11.0,0.0
2021-05-04,2742.0,2720.0,22.0,3.0,2.0,1.0,2722.0,2.0,0.0
2021-05-05,2753.0,2731.0,22.0,11.0,11.0,0.0,2733.0,11.0,0.0
2021-05-06,2782.0,2760.0,22.0,29.0,29.0,0.0,2762.0,29.0,0.0
2021-05-07,2804.0,2782.0,22.0,22.0,22.0,0.0,2784.0,22.0,0.0
2021-05-08,2815.0,2792.0,23.0,11.0,10.0,1.0,2794.0,10.0,0.0
2021-05-09,2819.0,2796.0,23.0,4.0,4.0,0.0,2798.0,4.0,0.0
2021-05-10,2832.0,2809.0,23.0,13.0,13.0,0.0,2811.0,13.0,0.0
2021-05-11,2836.0,2812.0,24.0,4.0,3.0,1.0,2814.0,3.0,0.0
2021-05-12,2837.0,2813.0,24.0,1.0,1.0,0.0,2815.0,1.0,0.0
2021-05-13,2844.0,2820.0,24.0,7.0,7.0,0.0,2822.0,7.0,0.0
2021-05-14,2847.0,2823.0,24.0,3.0,3.0,0.0,2825.0,3.0,0.0
2021-05-15,2852.0,2828.0,24.0,5.0,5.0,0.0,2830.0,5.0,0.0
2021-05-16,2868.0,2844.0,24.0,16.0,16.0,0.0,2846.0,16.0,0.0
2021-05-17,2871.0,2847.0,24.0,3.0,3.0,0.0,2849.0,3.0,0.0
2021-05-18,2871.0,2847.0,24.0,0.0,0.0,0.0,2849.0,0.0,0.0
2021-05-19,2879.0,2855.0,24.0,8.0,8.0,0.0,2857.0,8.0,0.0
2021-05-20,2889.0,2865.0,24.0,10.0,10.0,0.0,2867.0,10.0,0.0
2021-05-21,2892.0,2868.0,24.0,3.0,3.0,0.0,2870.0,3.0,0.0
2021-05-22,2899.0,2875.0,24.0,7.0,7.0,0.0,2877.0,7.0,0.0
2021-05-23,2909.0,2885.0,24.0,10.0,10.0,0.0,2887.0,10.0,0.0
2021-05-24,2913.0,2889.0,24.0,4.0,4.0,0.0,2891.0,4.0,0.0
2021-05-25,2916.0,2892.0,24.0,3.0,3.0,0.0,2894.0,3.0,0.0
2021-05-26,2926.0,2899.0,27.0,10.0,7.0,3.0,2901.0,7.0,0.0
2021-05-27,2936.0,2909.0,27.0,10.0,10.0,0.0,2911.0,10.0,0.0
2021-05-28,2938.0,2911.0,27.0,2.0,2.0,0.0,2913.0,2.0,0.0
2021-05-29,2946.0,2918.0,28.0,8.0,7.0,1.0,2920.0,7.0,0.0
2021-05-30,2948.0,2920.0,28.0,2.0,2.0,0.0,2922.0,2.0,0.0
2021-05-31,2955.0,2927.0,28.0,7.0,7.0,0.0,2929.0,7.0,0.0
2021-06-01,2957.0,2929.0,28.0,2.0,2.0,0.0,2931.0,2.0,0.0
2021-06-02,2963.0,2935.0,28.0,6.0,6.0,0.0,2937.0,6.0,0.0
2021-06-03,2970.0,2942.0,28.0,7.0,7.0,0.0,2944.0,7.0,0.0
2021-06-04,2979.0,2951.0,28.0,9.0,9.0,0.0,2953.0,9.0,0.0
2021-06-05,2983.0,2955.0,28.0,4.0,4.0,0.0,2957.0,4.0,0.0
2021-06-06,2988.0,2960.0,28.0,5.0,5.0,0.0,2962.0,5.0,0.0
2021-06-07,2990.0,2962.0,28.0,2.0,2.0,0.0,2964.0,2.0,0.0
2021-06-08,2991.0,2963.0,28.0,1.0,1.0,0.0,2965.0,1.0,0.0
2021-06-09,3009.0,2969.0,40.0,18.0,6.0,12.0,2971.0,6.0,0.0
2021-06-10,3011.0,2971.0,40.0,2.0,2.0,0.0,2973.0,2.0,0.0
2021-06-11,3013.0,2973.0,40.0,2.0,2.0,0.0,2975.0,2.0,0.0
2021-06-12,3016.0,2976.0,40.0,3.0,3.0,0.0,2978.0,3.0,0.0
2021-06-13,3018.0,2978.0,40.0,2.0,2.0,0.0,2980.0,2.0,0.0
2021-06-14,3024.0,2984.0,40.0,6.0,6.0,0.0,2986.0,6.0,0.0
2021-06-15,3024.0,2984.0,40.0,0.0,0.0,0.0,2986.0,0.0,0.0
2021-06-16,3033.0,2993.0,40.0,9.0,9.0,0.0,2995.0,9.0,0.0
2021-06-17,3040.0,3000.0,40.0,7.0,7.0,0.0,3002.0,7.0,0.0
2021-06-18,3044.0,3003.0,41.0,4.0,3.0,1.0,3005.0,3.0,0.0
2021-06-19,3054.0,3013.0,41.0,10.0,10.0,0.0,3015.0,10.0,0.0
2021-06-20,3059.0,3018.0,41.0,5.0,5.0,0.0,3020.0,5.0,0.0
2021-06-21,3063.0,3022.0,41.0,4.0,4.0,0.0,3024.0,4.0,0.0
2021-06-22,3068.0,3027.0,41.0,5.0,5.0,0.0,3029.0,5.0,0.0
2021-06-23,3072.0,3031.0,41.0,4.0,4.0,0.0,3033.0,4.0,0.0
2021-06-24,3079.0,3038.0,41.0,7.0,7.0,0.0,3040.0,7.0,0.0
2021-06-25,3082.0,3041.0,41.0,3.0,3.0,0.0,3043.0,3.0,0.0
2021-06-26,3096.0,3055.0,41.0,14.0,14.0,0.0,3057.0,14.0,0.0
2021-06-27,3100.0,3059.0,41.0,4.0,4.0,0.0,3061.0,4.0,0.0
2021-06-28,3113.0,3072.0,41.0,13.0,13.0,0.0,3074.0,13.0,0.0
2021-06-29,3118.0,3077.0,41.0,5.0,5.0,0.0,3079.0,5.0,0.0
2021-06-30,3128.0,3082.0,46.0,10.0,5.0,5.0,3084.0,5.0,0.0
2021-07-01,3133.0,3087.0,46.0,5.0,5.0,0.0,3089.0,5.0,0.0
2021-07-02,3144.0,3098.0,46.0,11.0,11.0,0.0,3100.0,11.0,0.0
2021-07-03,3158.0,3112.0,46.0,14.0,14.0,0.0,3114.0,14.0,0.0
2021-07-04,3167.0,3121.0,46.0,9.0,9.0,0.0,3123.0,9.0,0.0
2021-07-05,3176.0,3130.0,46.0,9.0,9.0,0.0,3132.0,9.0,0.0
2021-07-06,3187.0,3140.0,47.0,11.0,10.0,1.0,3142.0,10.0,0.0
2021-07-07,3198.0,3151.0,47.0,11.0,11.0,0.0,3153.0,11.0,0.0
2021-07-08,3205.0,3158.0,47.0,7.0,7.0,0.0,3160.0,7.0,0.0
2021-07-09,3223.0,3176.0,47.0,18.0,18.0,0.0,3178.0,18.0,0.0
2021-07-10,3229.0,3182.0,47.0,6.0,6.0,0.0,3184.0,6.0,0.0
2021-07-11,3239.0,3192.0,47.0,10.0,10.0,0.0,3194.0,10.0,0.0
2021-07-12,3252.0,3204.0,48.0,13.0,12.0,1.0,3206.0,12.0,0.0
2021-07-13,3261.0,3213.0,48.0,9.0,9.0,0.0,3215.0,9.0,0.0
2021-07-14,3283.0,3235.0,48.0,22.0,22.0,0.0,3237.0,22.0,0.0
2021-07-15,3293.0,3245.0,48.0,10.0,10.0,0.0,3247.0,10.0,0.0
2021-07-16,3306.0,3258.0,48.0,13.0,13.0,0.0,3260.0,13.0,0.0
2021-07-17,3321.0,3273.0,48.0,15.0,15.0,0.0,3275.0,15.0,0.0
2021-07-18,3331.0,3283.0,48.0,10.0,10.0,0.0,3285.0,10.0,0.0
2021-07-19,3342.0,3290.0,52.0,11.0,7.0,4.0,3292.0,7.0,0.0
2021-07-20,3357.0,3305.0,52.0,15.0,15.0,0.0,3307.0,15.0,0.0
2021-07-21,3367.0,3315.0,52.0,10.0,10.0,0.0,3317.0,10.0,0.0
2021-07-22,3377.0,3325.0,52.0,10.0,10.0,0.0,3327.0,10.0,0.0
2021-07-23,3390.0,3338.0,52.0,13.0,13.0,0.0,3340.0,13.0,0.0
2021-07-24,3396.0,3344.0,52.0,6.0,6.0,0.0,3346.0,6.0,0.0
2021-07-25,3407.0,3355.0,52.0,11.0,11.0,0.0,3357.0,11.0,0.0
2021-07-26,3438.0,3373.0,65.0,31.0,18.0,13.0,3375.0,18.0,0.0
2021-07-27,3449.0,3384.0,65.0,11.0,11.0,0.0,3386.0,11.0,0.0
2021-07-28,3456.0,3391.0,65.0,7.0,7.0,0.0,3393.0,7.0,0.0
2021-07-29,3466.0,3400.0,66.0,10.0,9.0,1.0,3402.0,9.0,0.0
2021-07-30,3482.0,3416.0,66.0,16.0,16.0,0.0,3418.0,16.0,0.0
2021-07-31,3496.0,3430.0,66.0,14.0,14.0,0.0,3432.0,14.0,0.0
2021-08-01,3510.0,3443.0,67.0,14.0,13.0,1.0,3445.0,13.0,0.0
2021-08-02,3517.0,3450.0,67.0,7.0,7.0,0.0,3452.0,7.0,0.0
2021-08-03,3531.0,3464.0,67.0,14.0,14.0,0.0,3466.0,14.0,0.0
2021-08-04,3538.0,3471.0,67.0,7.0,7.0,0.0,3473.0,7.0,0.0
2021-08-05,3552.0,3485.0,67.0,14.0,14.0,0.0,3487.0,14.0,0.0
2021-08-06,3567.0,3500.0,67.0,15.0,15.0,0.0,3502.0,15.0,0.0
2021-08-07,3577.0,3510.0,67.0,10.0,10.0,0.0,3512.0,10.0,0.0
2021-08-08,3590.0,3523.0,67.0,13.0,13.0,0.0,3525.0,13.0,0.0
2021-08-09,3602.0,3535.0,67.0,12.0,12.0,0.0,3537.0,12.0,0.0
2021-08-10,3614.0,3547.0,67.0,12.0,12.0,0.0,3549.0,12.0,0.0
2021-08-11,3629.0,3562.0,67.0,15.0,15.0,0.0,3565.0,16.0,1.0
2021-08-12,3644.0,3577.0,67.0,15.0,15.0,0.0,3580.0,15.0,0.0
2021-08-13,3653.0,3586.0,67.0,9.0,9.0,0.0,3589.0,9.0,0.0
2021-08-14,3667.0,3600.0,67.0,14.0,14.0,0.0,3603.0,14.0,0.0
2021-08-15,3674.0,3607.0,67.0,7.0,7.0,0.0,3610.0,7.0,0.0
2021-08-16,3702.0,3622.0,80.0,28.0,15.0,13.0,3625.0,15.0,0.0
2021-08-17,3706.0,3626.0,80.0,4.0,4.0,0.0,3629.0,4.0,0.0
2021-08-18,3714.0,3634.0,80.0,8.0,8.0,0.0,3637.0,8.0,0.0
2021-08-19,3723.0,3643.0,80.0,9.0,9.0,0.0,3646.0,9.0,0.0
2021-08-20,3741.0,3661.0,80.0,18.0,18.0,0.0,3664.0,18.0,0.0
2021-08-21,3772.0,3692.0,80.0,31.0,31.0,0.0,3695.0,31.0,0.0
2021-08-22,3783.0,3703.0,80.0,11.0,11.0,0.0,3707.0,12.0,1.0
2021-08-23,3799.0,3719.0,80.0,16.0,16.0,0.0,3723.0,16.0,0.0
2021-08-24,3808.0,3728.0,80.0,9.0,9.0,0.0,3732.0,9.0,0.0
2021-08-25,3817.0,3737.0,80.0,9.0,9.0,0.0,3741.0,9.0,0.0
2021-08-26,3825.0,3745.0,80.0,8.0,8.0,0.0,3749.0,8.0,0.0
2021-08-27,3838.0,3757.0,81.0,13.0,12.0,1.0,3761.0,12.0,0.0
2021-08-28,3854.0,3773.0,81.0,16.0,16.0,0.0,3777.0,16.0,0.0
2021-08-29,3861.0,3780.0,81.0,7.0,7.0,0.0,3784.0,7.0,0.0
2021-08-30,3873.0,3792.0,81.0,12.0,12.0,0.0,3797.0,13.0,1.0
2021-08-31,3883.0,3800.0,83.0,10.0,8.0,2.0,3805.0,8.0,0.0
2021-09-01,3889.0,3806.0,83.0,6.0,6.0,0.0,3811.0,6.0,0.0
2021-09-02,3901.0,3818.0,83.0,12.0,12.0,0.0,3823.0,12.0,0.0
2021-09-03,3911.0,3828.0,83.0,10.0,10.0,0.0,3833.0,10.0,0.0
2021-09-04,3923.0,3840.0,83.0,12.0,12.0,0.0,3845.0,12.0,0.0
2021-09-05,3940.0,3857.0,83.0,17.0,17.0,0.0,3862.0,17.0,0.0
2021-09-06,3951.0,3868.0,83.0,11.0,11.0,0.0,3873.0,11.0,0.0
2021-09-07,3965.0,3882.0,83.0,14.0,14.0,0.0,3887.0,14.0,0.0
2021-09-08,3975.0,3892.0,83.0,10.0,10.0,0.0,3897.0,10.0,0.0
2021-09-09,3989.0,3906.0,83.0,14.0,14.0,0.0,3911.0,14.0,0.0
2021-09-10,4014.0,3915.0,99.0,25.0,9.0,16.0,3920.0,9.0,0.0
2021-09-11,4028.0,3929.0,99.0,14.0,14.0,0.0,3934.0,14.0,0.0
2021-09-12,4037.0,3938.0,99.0,9.0,9.0,0.0,3943.0,9.0,0.0
2021-09-13,4047.0,3948.0,99.0,10.0,10.0,0.0,3953.0,10.0,0.0
2021-09-14,4062.0,3955.0,107.0,15.0,7.0,8.0,3960.0,7.0,0.0
2021-09-15,4069.0,3961.0,108.0,7.0,6.0,1.0,3966.0,6.0,0.0
2021-09-16,4082.0,3971.0,111.0,13.0,10.0,3.0,3976.0,10.0,0.0
2021-09-17,4086.0,3975.0,111.0,4.0,4.0,0.0,3980.0,4.0,0.0
2021-09-18,4096.0,3985.0,111.0,10.0,10.0,0.0,3990.0,10.0,0.0
2021-09-19,4102.0,3991.0,111.0,6.0,6.0,0.0,3996.0,6.0,0.0
2021-09-20,4107.0,3996.0,111.0,5.0,5.0,0.0,4001.0,5.0,0.0
2021-09-21,4116.0,4001.0,115.0,9.0,5.0,4.0,4006.0,5.0,0.0
2021-09-22,4132.0,4017.0,115.0,16.0,16.0,0.0,4022.0,16.0,0.0
2021-09-23,4138.0,4023.0,115.0,6.0,6.0,0.0,4028.0,6.0,0.0
2021-09-24,4146.0,4031.0,115.0,8.0,8.0,0.0,4036.0,8.0,0.0
2021-09-25,4159.0,4044.0,115.0,13.0,13.0,0.0,4049.0,13.0,0.0
2021-09-26,4164.0,4049.0,115.0,5.0,5.0,0.0,4054.0,5.0,0.0
2021-09-27,4183.0,4055.0,128.0,19.0,6.0,13.0,4060.0,6.0,0.0
2021-09-28,4187.0,4059.0,128.0,4.0,4.0,0.0,4064.0,4.0,0.0
2021-09-29,4201.0,4073.0,128.0,14.0,14.0,0.0,4078.0,14.0,0.0
2021-09-30,4209.0,4081.0,128.0,8.0,8.0,0.0,4086.0,8.0,0.0
2021-10-01,4213.0,4085.0,128.0,4.0,4.0,0.0,4090.0,4.0,0.0
2021-10-02,4227.0,4099.0,128.0,14.0,14.0,0.0,4104.0,14.0,0.0
2021-10-03,4236.0,4108.0,128.0,9.0,9.0,0.0,4113.0,9.0,0.0
2021-10-04,4262.0,4117.0,145.0,26.0,9.0,17.0,4122.0,9.0,0.0
2021-10-05,4273.0,4127.0,146.0,11.0,10.0,1.0,4132.0,10.0,0.0
2021-10-06,4282.0,4136.0,146.0,9.0,9.0,0.0,4141.0,9.0,0.0
2021-10-07,4285.0,4139.0,146.0,3.0,3.0,0.0,4144.0,3.0,0.0
2021-10-08,4288.0,4142.0,146.0,3.0,3.0,0.0,4147.0,3.0,0.0
2021-10-09,4295.0,4149.0,146.0,7.0,7.0,0.0,4154.0,7.0,0.0
2021-10-10,4302.0,4156.0,146.0,7.0,7.0,0.0,4161.0,7.0,0.0
2021-10-11,4312.0,4166.0,146.0,10.0,10.0,0.0,4171.0,10.0,0.0
2021-10-12,4314.0,4168.0,146.0,2.0,2.0,0.0,4173.0,2.0,0.0
2021-10-13,4322.0,4176.0,146.0,8.0,8.0,0.0,4181.0,8.0,0.0
2021-10-14,4329.0,4183.0,146.0,7.0,7.0,0.0,4188.0,7.0,0.0
2021-10-15,4338.0,4192.0,146.0,9.0,9.0,0.0,4197.0,9.0,0.0
2021-10-16,4345.0,4199.0,146.0,7.0,7.0,0.0,4204.0,7.0,0.0
2021-10-17,4349.0,4203.0,146.0,4.0,4.0,0.0,4208.0,4.0,0.0
2021-10-18,4358.0,4212.0,146.0,9.0,9.0,0.0,4217.0,9.0,0.0
2021-10-19,4363.0,4217.0,146.0,5.0,5.0,0.0,4222.0,5.0,0.0
2021-10-20,4367.0,4221.0,146.0,4.0,4.0,0.0,4226.0,4.0,0.0
2021-10-21,4378.0,4232.0,146.0,11.0,11.0,0.0,4237.0,11.0,0.0
2021-10-22,4379.0,4233.0,146.0,1.0,1.0,0.0,4238.0,1.0,0.0
2021-10-23,4387.0,4241.0,146.0,8.0,8.0,0.0,4246.0,8.0,0.0
2021-10-24,4394.0,4248.0,146.0,7.0,7.0,0.0,4253.0,7.0,0.0
2021-10-25,4400.0,4252.0,148.0,6.0,4.0,2.0,4257.0,4.0,0.0
2021-10-26,4405.0,4257.0,148.0,5.0,5.0,0.0,4262.0,5.0,0.0
2021-10-27,4407.0,4259.0,148.0,2.0,2.0,0.0,4264.0,2.0,0.0
2021-10-28,4413.0,4265.0,148.0,6.0,6.0,0.0,4270.0,6.0,0.0
2021-10-29,4414.0,4266.0,148.0,1.0,1.0,0.0,4271.0,1.0,0.0
2021-10-30,4418.0,4270.0,148.0,4.0,4.0,0.0,4275.0,4.0,0.0
2021-10-31,4432.0,4284.0,148.0,14.0,14.0,0.0,4289.0,14.0,0.0
2021-11-01,4438.0,4290.0,148.0,6.0,6.0,0.0,4295.0,6.0,0.0
2021-11-02,4443.0,4295.0,148.0,5.0,5.0,0.0,4300.0,5.0,0.0
2021-11-03,4449.0,4301.0,148.0,6.0,6.0,0.0,4306.0,6.0,0.0
2021-11-04,4462.0,4314.0,148.0,13.0,13.0,0.0,4319.0,13.0,0.0
2021-11-05,4467.0,4319.0,148.0,5.0,5.0,0.0,4324.0,5.0,0.0
2021-11-06,4476.0,4328.0,148.0,9.0,9.0,0.0,4333.0,9.0,0.0
2021-11-07,4481.0,4333.0,148.0,5.0,5.0,0.0,4338.0,5.0,0.0
2021-11-08,4486.0,4338.0,148.0,5.0,5.0,0.0,4343.0,5.0,0.0
2021-11-09,4494.0,4346.0,148.0,8.0,8.0,0.0,4351.0,8.0,0.0
2021-11-10,4502.0,4354.0,148.0,8.0,8.0,0.0,4359.0,8.0,0.0
2021-11-11,4509.0,4361.0,148.0,7.0,7.0,0.0,4366.0,7.0,0.0
2021-11-12,4515.0,4367.0,148.0,6.0,6.0,0.0,4372.0,6.0,0.0
2021-11-13,4520.0,4372.0,148.0,5.0,5.0,0.0,4377.0,5.0,0.0
2021-11-14,4528.0,4380.0,148.0,8.0,8.0,0.0,4385.0,8.0,0.0
2021-11-15,4532.0,4384.0,148.0,4.0,4.0,0.0,4389.0,4.0,0.0
2021-11-16,4539.0,4391.0,148.0,7.0,7.0,0.0,4396.0,7.0,0.0
2021-11-17,4544.0,4396.0,148.0,5.0,5.0,0.0,4401.0,5.0,0.0
2021-11-18,4548.0,4400.0,148.0,4.0,4.0,0.0,4405.0,4.0,0.0
2021-11-19,4554.0,4406.0,148.0,6.0,6.0,0.0,4411.0,6.0,0.0
2021-11-20,4560.0,4412.0,148.0,6.0,6.0,0.0,4417.0,6.0,0.0
2021-11-21,4566.0,4418.0,148.0,6.0,6.0,0.0,4423.0,6.0,0.0
2021-11-22,4571.0,4423.0,148.0,5.0,5.0,0.0,4428.0,5.0,0.0
2021-11-23,4575.0,4427.0,148.0,4.0,4.0,0.0,4432.0,4.0,0.0
2021-11-24,4579.0,4431.0,148.0,4.0,4.0,0.0,4436.0,4.0,0.0
2021-11-25,4586.0,4437.0,149.0,7.0,6.0,1.0,4442.0,6.0,0.0
2021-11-26,4594.0,4445.0,149.0,8.0,8.0,0.0,4450.0,8.0,0.0
2021-11-27,4599.0,4450.0,149.0,5.0,5.0,0.0,4455.0,5.0,0.0
2021-11-28,4611.0,4462.0,149.0,12.0,12.0,0.0,4467.0,12.0,0.0
2021-11-29,4617.0,4468.0,149.0,6.0,6.0,0.0,4473.0,6.0,0.0
2021-11-30,4625.0,4475.0,150.0,8.0,7.0,1.0,4480.0,7.0,0.0
2021-12-01,4629.0,4479.0,150.0,4.0,4.0,0.0,4484.0,4.0,0.0
2021-12-02,4642.0,4492.0,150.0,13.0,13.0,0.0,4497.0,13.0,0.0
2021-12-03,4646.0,4496.0,150.0,4.0,4.0,0.0,4501.0,4.0,0.0
2021-12-04,4657.0,4507.0,150.0,11.0,11.0,0.0,4512.0,11.0,0.0
2021-12-05,4668.0,4518.0,150.0,11.0,11.0,0.0,4523.0,11.0,0.0
2021-12-06,4673.0,4523.0,150.0,5.0,5.0,0.0,4528.0,5.0,0.0
2021-12-07,4685.0,4535.0,150.0,12.0,12.0,0.0,4540.0,12.0,0.0
2021-12-08,4698.0,4548.0,150.0,13.0,13.0,0.0,4553.0,13.0,0.0
2021-12-09,4707.0,4557.0,150.0,9.0,9.0,0.0,4563.0,10.0,1.0
2021-12-10,4713.0,4563.0,150.0,6.0,6.0,0.0,4569.0,6.0,0.0
2021-12-11,4729.0,4579.0,150.0,16.0,16.0,0.0,4585.0,16.0,0.0
2021-12-12,4750.0,4600.0,150.0,21.0,21.0,0.0,4606.0,21.0,0.0
2021-12-13,4761.0,4611.0,150.0,11.0,11.0,0.0,4617.0,11.0,0.0
2021-12-14,4772.0,4622.0,150.0,11.0,11.0,0.0,4628.0,11.0,0.0
2021-12-15,4784.0,4634.0,150.0,12.0,12.0,0.0,4640.0,12.0,0.0
2021-12-16,4810.0,4660.0,150.0,26.0,26.0,0.0,4666.0,26.0,0.0
2021-12-17,4831.0,4681.0,150.0,21.0,21.0,0.0,4687.0,21.0,0.0
2021-12-18,4854.0,4704.0,150.0,23.0,23.0,0.0,4710.0,23.0,0.0
2021-12-19,4879.0,4729.0,150.0,25.0,25.0,0.0,4735.0,25.0,0.0
2021-12-20,4920.0,4770.0,150.0,41.0,41.0,0.0,4776.0,41.0,0.0
2021-12-21,4951.0,4801.0,150.0,31.0,31.0,0.0,4807.0,31.0,0.0
2021-12-22,4992.0,4842.0,150.0,41.0,41.0,0.0,4848.0,41.0,0.0
2021-12-23,5038.0,4888.0,150.0,46.0,46.0,0.0,4894.0,46.0,0.0
2021-12-24,5078.0,4928.0,150.0,40.0,40.0,0.0,4934.0,40.0,0.0
2021-12-25,5133.0,4983.0,150.0,55.0,55.0,0.0,4990.0,56.0,1.0
2021-12-26,5171.0,5021.0,150.0,38.0,38.0,0.0,5028.0,38.0,0.0
2021-12-27,5222.0,5072.0,150.0,51.0,51.0,0.0,5079.0,51.0,0.0
2021-12-28,5291.0,5141.0,150.0,69.0,69.0,0.0,5148.0,69.0,0.0
2021-12-29,5394.0,5244.0,150.0,103.0,103.0,0.0,5251.0,103.0,0.0
2021-12-30,5473.0,5323.0,150.0,79.0,79.0,0.0,5330.0,79.0,0.0
2021-12-31,5543.0,5393.0,150.0,70.0,70.0,0.0,5402.0,72.0,2.0
2022-01-01,5621.0,5471.0,150.0,78.0,78.0,0.0,5480.0,78.0,0.0
2022-01-02,5696.0,5546.0,150.0,75.0,75.0,0.0,5555.0,75.0,0.0
2022-01-03,5804.0,5654.0,150.0,108.0,108.0,0.0,5664.0,109.0,1.0
2022-01-04,5921.0,5771.0,150.0,117.0,117.0,0.0,5781.0,117.0,0.0
2022-01-05,6068.0,5918.0,150.0,147.0,147.0,0.0,5928.0,147.0,0.0
2022-01-06,6242.0,6092.0,150.0,174.0,174.0,0.0,6102.0,174.0,0.0
2022-01-07,6382.0,6232.0,150.0,140.0,140.0,0.0,6242.0,140.0,0.0
2022-01-08,6551.0,6401.0,150.0,169.0,169.0,0.0,6411.0,169.0,0.0
2022-01-09,6722.0,6572.0,150.0,171.0,171.0,0.0,6582.0,171.0,0.0
2022-01-10,6887.0,6737.0,150.0,165.0,165.0,0.0,6747.0,165.0,0.0
2022-01-11,7024.0,6874.0,150.0,137.0,137.0,0.0,6886.0,139.0,2.0
2022-01-12,7216.0,7066.0,150.0,192.0,192.0,0.0,7078.0,192.0,0.0
2022-01-13,7402.0,7252.0,150.0,186.0,186.0,0.0,7264.0,186.0,0.0
2022-01-14,7556.0,7406.0,150.0,154.0,154.0,0.0,7418.0,154.0,0.0
2022-01-15,7668.0,7518.0,150.0,112.0,112.0,0.0,7530.0,112.0,0.0
2022-01-16,7843.0,7674.0,169.0,175.0,156.0,19.0,7686.0,156.0,0.0
2022-01-17,7999.0,7830.0,169.0,156.0,156.0,0.0,7842.0,156.0,0.0
2022-01-18,8099.0,7927.0,172.0,100.0,97.0,3.0,7939.0,97.0,0.0
2022-01-19,8207.0,8035.0,172.0,108.0,108.0,0.0,8047.0,108.0,0.0
2022-01-20,8388.0,8203.0,185.0,181.0,168.0,13.0,8215.0,168.0,0.0
2022-01-21,8520.0,8335.0,185.0,132.0,132.0,0.0,8347.0,132.0,0.0