area,category,vaccine_type,date,dose,cumulative_doses,new_doses
北海道,医療,合計,2021-04-16,1回目,56808,56808.0
北海道,医療,合計,2021-04-16,2回目,35371,35371.0
北海道,医療,合計,2021-04-16,合計,92179,92179.0
北海道,医療,合計,2021-04-23,1回目,72190,15382.0
北海道,医療,合計,2021-04-23,2回目,43675,8304.0
北海道,医療,合計,2021-04-23,合計,115865,23686.0
北海道,医療,合計,2021-04-30,1回目,95871,23681.0
北海道,医療,合計,2021-04-30,2回目,50237,6562.0
北海道,医療,合計,2021-04-30,合計,146108,30243.0
北海道,医療,合計,2021-05-07,1回目,110357,14486.0
北海道,医療,合計,2021-05-07,2回目,54265,4028.0
北海道,医療,合計,2021-05-07,合計,164622,18514.0
北海道,医療,合計,2021-05-21,1回目,174981,64624.0
北海道,医療,合計,2021-05-21,2回目,91717,37452.0
北海道,医療,合計,2021-05-21,合計,266698,102076.0
北海道,医療,合計,2021-05-28,1回目,206716,31735.0
北海道,医療,合計,2021-05-28,2回目,106538,14821.0
北海道,医療,合計,2021-05-28,合計,313254,46556.0
北海道,医療,合計,2021-06-04,1回目,230646,23930.0
北海道,医療,合計,2021-06-04,2回目,133919,27381.0
北海道,医療,合計,2021-06-04,合計,364565,51311.0
北海道,医療,合計,2021-06-11,1回目,250086,19440.0
北海道,医療,合計,2021-06-11,2回目,170532,36613.0
北海道,医療,合計,2021-06-11,合計,420618,56053.0
北海道,医療,合計,2021-06-18,1回目,271936,21850.0
北海道,医療,合計,2021-06-18,2回目,207168,36636.0
北海道,医療,合計,2021-06-18,合計,479104,58486.0
北海道,医療,合計,2021-06-25,1回目,288261,16325.0
北海道,医療,合計,2021-06-25,2回目,230183,23015.0
北海道,医療,合計,2021-06-25,合計,518444,39340.0
北海道,医療,合計,2021-07-02,1回目,300156,11895.0
北海道,医療,合計,2021-07-02,2回目,248079,17896.0
北海道,医療,合計,2021-07-02,合計,548235,29791.0
北海道,医療,合計,2021-07-12,1回目,314908,14752.0
北海道,医療,合計,2021-07-12,2回目,265398,17319.0
北海道,医療,合計,2021-07-12,合計,580306,32071.0
北海道,医療,合計,2021-07-19,1回目,322374,7466.0
北海道,医療,合計,2021-07-19,2回目,277680,12282.0
北海道,医療,合計,2021-07-19,合計,600054,19748.0
北海道,医療,合計,2021-07-26,1回目,326461,4087.0
北海道,医療,合計,2021-07-26,2回目,286222,8542.0
北海道,医療,合計,2021-07-26,合計,612683,12629.0
北海道,医療,合計,2021-07-30,1回目,329121,2660.0
北海道,医療,合計,2021-07-30,2回目,292889,6667.0
北海道,医療,合計,2021-07-30,合計,622010,9327.0
青森県,医療,合計,2021-04-16,1回目,13239,13239.0
青森県,医療,合計,2021-04-16,2回目,7565,7565.0
青森県,医療,合計,2021-04-16,合計,20804,20804.0
青森県,医療,合計,2021-04-23,1回目,18443,5204.0
青森県,医療,合計,2021-04-23,2回目,9899,2334.0
青森県,医療,合計,2021-04-23,合計,28342,7538.0
青森県,医療,合計,2021-04-30,1回目,26937,8494.0
青森県,医療,合計,2021-04-30,2回目,11509,1610.0
青森県,医療,合計,2021-04-30,合計,38446,10104.0
青森県,医療,合計,2021-05-07,1回目,30210,3273.0
青森県,医療,合計,2021-05-07,2回目,12861,1352.0
青森県,医療,合計,2021-05-07,合計,43071,4625.0
青森県,医療,合計,2021-05-21,1回目,40638,10428.0
青森県,医療,合計,2021-05-21,2回目,26152,13291.0
青森県,医療,合計,2021-05-21,合計,66790,23719.0
青森県,医療,合計,2021-05-28,1回目,47256,6618.0
青森県,医療,合計,2021-05-28,2回目,29051,2899.0
青森県,医療,合計,2021-05-28,合計,76307,9517.0
青森県,医療,合計,2021-06-04,1回目,52994,5738.0
青森県,医療,合計,2021-06-04,2回目,33886,4835.0
青森県,医療,合計,2021-06-04,合計,86880,10573.0
青森県,医療,合計,2021-06-11,1回目,54745,1751.0
青森県,医療,合計,2021-06-11,2回目,38689,4803.0
青森県,医療,合計,2021-06-11,合計,93434,6554.0
青森県,医療,合計,2021-06-18,1回目,57799,3054.0
青森県,医療,合計,2021-06-18,2回目,44814,6125.0
青森県,医療,合計,2021-06-18,合計,102613,9179.0
青森県,医療,合計,2021-06-25,1回目,60309,2510.0
青森県,医療,合計,2021-06-25,2回目,49502,4688.0
青森県,医療,合計,2021-06-25,合計,109811,7198.0
青森県,医療,合計,2021-07-02,1回目,62375,2066.0
青森県,医療,合計,2021-07-02,2回目,52313,2811.0
青森県,医療,合計,2021-07-02,合計,114688,4877.0
青森県,医療,合計,2021-07-12,1回目,64273,1898.0
青森県,医療,合計,2021-07-12,2回目,54764,2451.0
青森県,医療,合計,2021-07-12,合計,119037,4349.0
青森県,医療,合計,2021-07-19,1回目,66819,2546.0
青森県,医療,合計,2021-07-19,2回目,58263,3499.0
青森県,医療,合計,2021-07-19,合計,125082,6045.0
青森県,医療,合計,2021-07-26,1回目,67229,410.0
青森県,医療,合計,2021-07-26,2回目,59009,746.0
青森県,医療,合計,2021-07-26,合計,126238,1156.0
青森県,医療,合計,2021-07-30,1回目,67672,443.0
青森県,医療,合計,2021-07-30,2回目,59963,954.0
青森県,医療,合計,2021-07-30,合計,127635,1397.0
岩手県,医療,合計,2021-04-16,1回目,12800,12800.0
岩手県,医療,合計,2021-04-16,2回目,8726,8726.0
岩手県,医療,合計,2021-04-16,合計,21526,21526.0
岩手県,医療,合計,2021-04-23,1回目,21793,8993.0
岩手県,医療,合計,2021-04-23,2回目,9282,556.0
岩手県,医療,合計,2021-04-23,合計,31075,9549.0
岩手県,医療,合計,2021-04-30,1回目,30022,8229.0
岩手県,医療,合計,2021-04-30,2回目,10604,1322.0
岩手県,医療,合計,2021-04-30,合計,40626,9551.0
岩手県,医療,合計,2021-05-07,1回目,37849,7827.0
岩手県,医療,合計,2021-05-07,2回目,11794,1190.0
岩手県,医療,合計,2021-05-07,合計,49643,9017.0
岩手県,医療,合計,2021-05-21,1回目,46590,8741.0
岩手県,医療,合計,2021-05-21,2回目,30423,18629.0
岩手県,医療,合計,2021-05-21,合計,77013,27370.0
岩手県,医療,合計,2021-05-28,1回目,50604,4014.0
岩手県,医療,合計,2021-05-28,2回目,37527,7104.0
岩手県,医療,合計,2021-05-28,合計,88131,11118.0
岩手県,医療,合計,2021-06-04,1回目,52630,2026.0
岩手県,医療,合計,2021-06-04,2回目,42209,4682.0
岩手県,医療,合計,2021-06-04,合計,94839,6708.0
岩手県,医療,合計,2021-06-11,1回目,55915,3285.0
岩手県,医療,合計,2021-06-11,2回目,46111,3902.0
岩手県,医療,合計,2021-06-11,合計,102026,7187.0
岩手県,医療,合計,2021-06-18,1回目,60241,4326.0
岩手県,医療,合計,2021-06-18,2回目,49491,3380.0
岩手県,医療,合計,2021-06-18,合計,109732,7706.0
岩手県,医療,合計,2021-06-25,1回目,63542,3301.0
岩手県,医療,合計,2021-06-25,2回目,53158,3667.0
岩手県,医療,合計,2021-06-25,合計,116700,6968.0
岩手県,医療,合計,2021-07-02,1回目,65515,1973.0
岩手県,医療,合計,2021-07-02,2回目,56692,3534.0
岩手県,医療,合計,2021-07-02,合計,122207,5507.0
岩手県,医療,合計,2021-07-12,1回目,69608,4093.0
岩手県,医療,合計,2021-07-12,2回目,59398,2706.0
岩手県,医療,合計,2021-07-12,合計,129006,6799.0
岩手県,医療,合計,2021-07-19,1回目,71386,1778.0
岩手県,医療,合計,2021-07-19,2回目,61173,1775.0
岩手県,医療,合計,2021-07-19,合計,132559,3553.0
岩手県,医療,合計,2021-07-26,1回目,71972,586.0
岩手県,医療,合計,2021-07-26,2回目,62381,1208.0
岩手県,医療,合計,2021-07-26,合計,134353,1794.0
岩手県,医療,合計,2021-07-30,1回目,72438,466.0
岩手県,医療,合計,2021-07-30,2回目,63902,1521.0
岩手県,医療,合計,2021-07-30,合計,136340,1987.0
宮城県,医療,合計,2021-04-16,1回目,20463,20463.0
宮城県,医療,合計,2021-04-16,2回目,14760,14760.0
宮城県,医療,合計,2021-04-16,合計,35223,35223.0
宮城県,医療,合計,2021-04-23,1回目,33082,12619.0
宮城県,医療,合計,2021-04-23,2回目,16881,2121.0
宮城県,医療,合計,2021-04-23,合計,49963,14740.0
宮城県,医療,合計,2021-04-30,1回目,48260,15178.0
宮城県,医療,合計,2021-04-30,2回目,18886,2005.0
宮城県,医療,合計,2021-04-30,合計,67146,17183.0
宮城県,医療,合計,2021-05-07,1回目,54120,5860.0
宮城県,医療,合計,2021-05-07,2回目,19941,1055.0
宮城県,医療,合計,2021-05-07,合計,74061,6915.0
宮城県,医療,合計,2021-05-21,1回目,75248,21128.0
宮城県,医療,合計,2021-05-21,2回目,45059,25118.0
宮城県,医療,合計,2021-05-21,合計,120307,46246.0
宮城県,医療,合計,2021-05-28,1回目,83554,8306.0
宮城県,医療,合計,2021-05-28,2回目,52429,7370.0
宮城県,医療,合計,2021-05-28,合計,135983,15676.0
宮城県,医療,合計,2021-06-04,1回目,91100,7546.0
宮城県,医療,合計,2021-06-04,2回目,63736,11307.0
宮城県,医療,合計,2021-06-04,合計,154836,18853.0
宮城県,医療,合計,2021-06-11,1回目,102204,11104.0
宮城県,医療,合計,2021-06-11,2回目,74608,10872.0
宮城県,医療,合計,2021-06-11,合計,176812,21976.0
宮城県,医療,合計,2021-06-18,1回目,118341,16137.0
宮城県,医療,合計,2021-06-18,2回目,80931,6323.0
宮城県,医療,合計,2021-06-18,合計,199272,22460.0
宮城県,医療,合計,2021-06-25,1回目,131598,13257.0
宮城県,医療,合計,2021-06-25,2回目,87850,6919.0
宮城県,医療,合計,2021-06-25,合計,219448,20176.0
宮城県,医療,合計,2021-07-02,1回目,135464,3866.0
宮城県,医療,合計,2021-07-02,2回目,93672,5822.0
宮城県,医療,合計,2021-07-02,合計,229136,9688.0
宮城県,医療,合計,2021-07-12,1回目,141687,6223.0
宮城県,医療,合計,2021-07-12,2回目,105788,12116.0
宮城県,医療,合計,2021-07-12,合計,247475,18339.0
宮城県,医療,合計,2021-07-19,1回目,145638,3951.0
宮城県,医療,合計,2021-07-19,2回目,117285,11497.0
宮城県,医療,合計,2021-07-19,合計,262923,15448.0
宮城県,医療,合計,2021-07-26,1回目,148498,2860.0
宮城県,医療,合計,2021-07-26,2回目,125038,7753.0
宮城県,医療,合計,2021-07-26,合計,273536,10613.0
宮城県,医療,合計,2021-07-30,1回目,151012,2514.0
宮城県,医療,合計,2021-07-30,2回目,128246,3208.0
宮城県,医療,合計,2021-07-30,合計,279258,5722.0
秋田県,医療,合計,2021-04-16,1回目,11795,11795.0
秋田県,医療,合計,2021-04-16,2回目,7145,7145.0
秋田県,医療,合計,2021-04-16,合計,18940,18940.0
秋田県,医療,合計,2021-04-23,1回目,18213,6418.0
秋田県,医療,合計,2021-04-23,2回目,8291,1146.0
秋田県,医療,合計,2021-04-23,合計,26504,7564.0
秋田県,医療,合計,2021-04-30,1回目,23819,5606.0
秋田県,医療,合計,2021-04-30,2回目,10871,2580.0
秋田県,医療,合計,2021-04-30,合計,34690,8186.0
秋田県,医療,合計,2021-05-07,1回目,24963,1144.0
秋田県,医療,合計,2021-05-07,2回目,11830,959.0
秋田県,医療,合計,2021-05-07,合計,36793,2103.0
秋田県,医療,合計,2021-05-21,1回目,31983,7020.0
秋田県,医療,合計,2021-05-21,2回目,23625,11795.0
秋田県,医療,合計,2021-05-21,合計,55608,18815.0
秋田県,医療,合計,2021-05-28,1回目,37115,5132.0
秋田県,医療,合計,2021-05-28,2回目,24610,985.0
秋田県,医療,合計,2021-05-28,合計,61725,6117.0
秋田県,医療,合計,2021-06-04,1回目,40879,3764.0
秋田県,医療,合計,2021-06-04,2回目,28160,3550.0
秋田県,医療,合計,2021-06-04,合計,69039,7314.0
秋田県,医療,合計,2021-06-11,1回目,43880,3001.0
秋田県,医療,合計,2021-06-11,2回目,32338,4178.0
秋田県,医療,合計,2021-06-11,合計,76218,7179.0
秋田県,医療,合計,2021-06-18,1回目,45599,1719.0
秋田県,医療,合計,2021-06-18,2回目,36221,3883.0
秋田県,医療,合計,2021-06-18,合計,81820,5602.0
秋田県,医療,合計,2021-06-25,1回目,49178,3579.0
秋田県,医療,合計,2021-06-25,2回目,39794,3573.0
秋田県,医療,合計,2021-06-25,合計,88972,7152.0
秋田県,医療,合計,2021-07-02,1回目,51758,2580.0
秋田県,医療,合計,2021-07-02,2回目,40623,829.0
秋田県,医療,合計,2021-07-02,合計,92381,3409.0
秋田県,医療,合計,2021-07-12,1回目,54610,2852.0
秋田県,医療,合計,2021-07-12,2回目,44011,3388.0
秋田県,医療,合計,2021-07-12,合計,98621,6240.0
秋田県,医療,合計,2021-07-19,1回目,56343,1733.0
秋田県,医療,合計,2021-07-19,2回目,47787,3776.0
秋田県,医療,合計,2021-07-19,合計,104130,5509.0
秋田県,医療,合計,2021-07-26,1回目,57053,710.0
秋田県,医療,合計,2021-07-26,2回目,49484,1697.0
秋田県,医療,合計,2021-07-26,合計,106537,2407.0
秋田県,医療,合計,2021-07-30,1回目,57783,730.0
秋田県,医療,合計,2021-07-30,2回目,52185,2701.0
秋田県,医療,合計,2021-07-30,合計,109968,3431.0
山形県,医療,合計,2021-04-16,1回目,13314,13314.0
山形県,医療,合計,2021-04-16,2回目,8168,8168.0
山形県,医療,合計,2021-04-16,合計,21482,21482.0
山形県,医療,合計,2021-04-23,1回目,17544,4230.0
山形県,医療,合計,2021-04-23,2回目,9520,1352.0
山形県,医療,合計,2021-04-23,合計,27064,5582.0
山形県,医療,合計,2021-04-30,1回目,26320,8776.0
山形県,医療,合計,2021-04-30,2回目,11652,2132.0
山形県,医療,合計,2021-04-30,合計,37972,10908.0
山形県,医療,合計,2021-05-07,1回目,30693,4373.0
山形県,医療,合計,2021-05-07,2回目,12934,1282.0
山形県,医療,合計,2021-05-07,合計,43627,5655.0
山形県,医療,合計,2021-05-21,1回目,38741,8048.0
山形県,医療,合計,2021-05-21,2回目,24600,11666.0
山形県,医療,合計,2021-05-21,合計,63341,19714.0
山形県,医療,合計,2021-05-28,1回目,44796,6055.0
山形県,医療,合計,2021-05-28,2回目,31362,6762.0
山形県,医療,合計,2021-05-28,合計,76158,12817.0
山形県,医療,合計,2021-06-04,1回目,48395,3599.0
山形県,医療,合計,2021-06-04,2回目,36450,5088.0
山形県,医療,合計,2021-06-04,合計,84845,8687.0
山形県,医療,合計,2021-06-11,1回目,50547,2152.0
山形県,医療,合計,2021-06-11,2回目,40425,3975.0
山形県,医療,合計,2021-06-11,合計,90972,6127.0
山形県,医療,合計,2021-06-18,1回目,52480,1933.0
山形県,医療,合計,2021-06-18,2回目,43101,2676.0
山形県,医療,合計,2021-06-18,合計,95581,4609.0
山形県,医療,合計,2021-06-25,1回目,53942,1462.0
山形県,医療,合計,2021-06-25,2回目,46185,3084.0
山形県,医療,合計,2021-06-25,合計,100127,4546.0
山形県,医療,合計,2021-07-02,1回目,55104,1162.0
山形県,医療,合計,2021-07-02,2回目,48295,2110.0
山形県,医療,合計,2021-07-02,合計,103399,3272.0
山形県,医療,合計,2021-07-12,1回目,57616,2512.0
山形県,医療,合計,2021-07-12,2回目,50738,2443.0
山形県,医療,合計,2021-07-12,合計,108354,4955.0
山形県,医療,合計,2021-07-19,1回目,58503,887.0
山形県,医療,合計,2021-07-19,2回目,52157,1419.0
山形県,医療,合計,2021-07-19,合計,110660,2306.0
山形県,医療,合計,2021-07-26,1回目,59058,555.0
山形県,医療,合計,2021-07-26,2回目,53404,1247.0
山形県,医療,合計,2021-07-26,合計,112462,1802.0
山形県,医療,合計,2021-07-30,1回目,59511,453.0
山形県,医療,合計,2021-07-30,2回目,55047,1643.0
山形県,医療,合計,2021-07-30,合計,114558,2096.0
福島県,医療,合計,2021-04-16,1回目,18322,18322.0
福島県,医療,合計,2021-04-16,2回目,11096,11096.0
福島県,医療,合計,2021-04-16,合計,29418,29418.0
福島県,医療,合計,2021-04-23,1回目,24287,5965.0
福島県,医療,合計,2021-04-23,2回目,13741,2645.0
福島県,医療,合計,2021-04-23,合計,38028,8610.0
福島県,医療,合計,2021-04-30,1回目,38649,14362.0
福島県,医療,合計,2021-04-30,2回目,16968,3227.0
福島県,医療,合計,2021-04-30,合計,55617,17589.0
福島県,医療,合計,2021-05-07,1回目,46232,7583.0
福島県,医療,合計,2021-05-07,2回目,18410,1442.0
福島県,医療,合計,2021-05-07,合計,64642,9025.0
福島県,医療,合計,2021-05-21,1回目,62448,16216.0
福島県,医療,合計,2021-05-21,2回目,36148,17738.0
福島県,医療,合計,2021-05-21,合計,98596,33954.0
福島県,医療,合計,2021-05-28,1回目,69717,7269.0
福島県,医療,合計,2021-05-28,2回目,46393,10245.0
福島県,医療,合計,2021-05-28,合計,116110,17514.0
福島県,医療,合計,2021-06-04,1回目,77667,7950.0
福島県,医療,合計,2021-06-04,2回目,58307,11914.0
福島県,医療,合計,2021-06-04,合計,135974,19864.0
福島県,医療,合計,2021-06-11,1回目,84704,7037.0
福島県,医療,合計,2021-06-11,2回目,66491,8184.0
福島県,医療,合計,2021-06-11,合計,151195,15221.0
福島県,医療,合計,2021-06-18,1回目,88224,3520.0
福島県,医療,合計,2021-06-18,2回目,71337,4846.0
福島県,医療,合計,2021-06-18,合計,159561,8366.0
福島県,医療,合計,2021-06-25,1回目,93105,4881.0
福島県,医療,合計,2021-06-25,2回目,75296,3959.0
福島県,医療,合計,2021-06-25,合計,168401,8840.0
福島県,医療,合計,2021-07-02,1回目,96477,3372.0
福島県,医療,合計,2021-07-02,2回目,82682,7386.0
福島県,医療,合計,2021-07-02,合計,179159,10758.0
福島県,医療,合計,2021-07-12,1回目,99621,3144.0
福島県,医療,合計,2021-07-12,2回目,87763,5081.0
福島県,医療,合計,2021-07-12,合計,187384,8225.0
福島県,医療,合計,2021-07-19,1回目,103523,3902.0
福島県,医療,合計,2021-07-19,2回目,92544,4781.0
福島県,医療,合計,2021-07-19,合計,196067,8683.0
福島県,医療,合計,2021-07-26,1回目,104647,1124.0
福島県,医療,合計,2021-07-26,2回目,95097,2553.0
福島県,医療,合計,2021-07-26,合計,199744,3677.0
福島県,医療,合計,2021-07-30,1回目,105214,567.0
福島県,医療,合計,2021-07-30,2回目,96909,1812.0
福島県,医療,合計,2021-07-30,合計,202123,2379.0
茨城県,医療,合計,2021-04-16,1回目,26364,26364.0
茨城県,医療,合計,2021-04-16,2回目,17191,17191.0
茨城県,医療,合計,2021-04-16,合計,43555,43555.0
茨城県,医療,合計,2021-04-23,1回目,40370,14006.0
茨城県,医療,合計,2021-04-23,2回目,20340,3149.0
茨城県,医療,合計,2021-04-23,合計,60710,17155.0
茨城県,医療,合計,2021-04-30,1回目,57446,17076.0
茨城県,医療,合計,2021-04-30,2回目,24221,3881.0
茨城県,医療,合計,2021-04-30,合計,81667,20957.0
茨城県,医療,合計,2021-05-07,1回目,65786,8340.0
茨城県,医療,合計,2021-05-07,2回目,25787,1566.0
茨城県,医療,合計,2021-05-07,合計,91573,9906.0
茨城県,医療,合計,2021-05-21,1回目,92277,26491.0
茨城県,医療,合計,2021-05-21,2回目,54649,28862.0
茨城県,医療,合計,2021-05-21,合計,146926,55353.0
茨城県,医療,合計,2021-05-28,1回目,103831,11554.0
茨城県,医療,合計,2021-05-28,2回目,64421,9772.0
茨城県,医療,合計,2021-05-28,合計,168252,21326.0
茨城県,医療,合計,2021-06-04,1回目,112541,8710.0
茨城県,医療,合計,2021-06-04,2回目,75529,11108.0
茨城県,医療,合計,2021-06-04,合計,188070,19818.0
茨城県,医療,合計,2021-06-11,1回目,120823,8282.0
茨城県,医療,合計,2021-06-11,2回目,89192,13663.0
茨城県,医療,合計,2021-06-11,合計,210015,21945.0
茨城県,医療,合計,2021-06-18,1回目,126602,5779.0
茨城県,医療,合計,2021-06-18,2回目,98670,9478.0
茨城県,医療,合計,2021-06-18,合計,225272,15257.0
茨城県,医療,合計,2021-06-25,1回目,131033,4431.0
茨城県,医療,合計,2021-06-25,2回目,103961,5291.0
茨城県,医療,合計,2021-06-25,合計,234994,9722.0
茨城県,医療,合計,2021-07-02,1回目,135551,4518.0
茨城県,医療,合計,2021-07-02,2回目,110564,6603.0
茨城県,医療,合計,2021-07-02,合計,246115,11121.0
茨城県,医療,合計,2021-07-12,1回目,140623,5072.0
茨城県,医療,合計,2021-07-12,2回目,117228,6664.0
茨城県,医療,合計,2021-07-12,合計,257851,11736.0
茨城県,医療,合計,2021-07-19,1回目,142629,2006.0
茨城県,医療,合計,2021-07-19,2回目,122191,4963.0
茨城県,医療,合計,2021-07-19,合計,264820,6969.0
茨城県,医療,合計,2021-07-26,1回目,143672,1043.0
茨城県,医療,合計,2021-07-26,2回目,124498,2307.0
茨城県,医療,合計,2021-07-26,合計,268170,3350.0
茨城県,医療,合計,2021-07-30,1回目,145190,1518.0
茨城県,医療,合計,2021-07-30,2回目,127183,2685.0
茨城県,医療,合計,2021-07-30,合計,272373,4203.0
栃木県,医療,合計,2021-04-16,1回目,17766,17766.0
栃木県,医療,合計,2021-04-16,2回目,11995,11995.0
栃木県,医療,合計,2021-04-16,合計,29761,29761.0
栃木県,医療,合計,2021-04-23,1回目,28116,10350.0
栃木県,医療,合計,2021-04-23,2回目,14716,2721.0
栃木県,医療,合計,2021-04-23,合計,42832,13071.0
栃木県,医療,合計,2021-04-30,1回目,40441,12325.0
栃木県,医療,合計,2021-04-30,2回目,17174,2458.0
栃木県,医療,合計,2021-04-30,合計,57615,14783.0
栃木県,医療,合計,2021-05-07,1回目,45934,5493.0
栃木県,医療,合計,2021-05-07,2回目,17641,467.0
栃木県,医療,合計,2021-05-07,合計,63575,5960.0
栃木県,医療,合計,2021-05-21,1回目,58072,12138.0
栃木県,医療,合計,2021-05-21,2回目,38834,21193.0
栃木県,医療,合計,2021-05-21,合計,96906,33331.0
栃木県,医療,合計,2021-05-28,1回目,63455,5383.0
栃木県,医療,合計,2021-05-28,2回目,44161,5327.0
栃木県,医療,合計,2021-05-28,合計,107616,10710.0
栃木県,医療,合計,2021-06-04,1回目,67783,4328.0
栃木県,医療,合計,2021-06-04,2回目,52327,8166.0
栃木県,医療,合計,2021-06-04,合計,120110,12494.0
栃木県,医療,合計,2021-06-11,1回目,73225,5442.0
栃木県,医療,合計,2021-06-11,2回目,56851,4524.0
栃木県,医療,合計,2021-06-11,合計,130076,9966.0
栃木県,医療,合計,2021-06-18,1回目,75749,2524.0
栃木県,医療,合計,2021-06-18,2回目,60079,3228.0
栃木県,医療,合計,2021-06-18,合計,135828,5752.0
栃木県,医療,合計,2021-06-25,1回目,77455,1706.0
栃木県,医療,合計,2021-06-25,2回目,62856,2777.0
栃木県,医療,合計,2021-06-25,合計,140311,4483.0
栃木県,医療,合計,2021-07-02,1回目,79482,2027.0
栃木県,医療,合計,2021-07-02,2回目,67881,5025.0
栃木県,医療,合計,2021-07-02,合計,147363,7052.0
栃木県,医療,合計,2021-07-12,1回目,81839,2357.0
栃木県,医療,合計,2021-07-12,2回目,71421,3540.0
栃木県,医療,合計,2021-07-12,合計,153260,5897.0
栃木県,医療,合計,2021-07-19,1回目,83586,1747.0
栃木県,医療,合計,2021-07-19,2回目,73454,2033.0
栃木県,医療,合計,2021-07-19,合計,157040,3780.0
栃木県,医療,合計,2021-07-26,1回目,84294,708.0
栃木県,医療,合計,2021-07-26,2回目,74550,1096.0
栃木県,医療,合計,2021-07-26,合計,158844,1804.0
栃木県,医療,合計,2021-07-30,1回目,85170,876.0
栃木県,医療,合計,2021-07-30,2回目,75566,1016.0
栃木県,医療,合計,2021-07-30,合計,160736,1892.0
群馬県,医療,合計,2021-04-16,1回目,19586,19586.0
群馬県,医療,合計,2021-04-16,2回目,11749,11749.0
群馬県,医療,合計,2021-04-16,合計,31335,31335.0
群馬県,医療,合計,2021-04-23,1回目,28812,9226.0
群馬県,医療,合計,2021-04-23,2回目,15249,3500.0
群馬県,医療,合計,2021-04-23,合計,44061,12726.0
群馬県,医療,合計,2021-04-30,1回目,43152,14340.0
群馬県,医療,合計,2021-04-30,2回目,17659,2410.0
群馬県,医療,合計,2021-04-30,合計,60811,16750.0
群馬県,医療,合計,2021-05-07,1回目,47455,4303.0
群馬県,医療,合計,2021-05-07,2回目,19084,1425.0
群馬県,医療,合計,2021-05-07,合計,66539,5728.0
群馬県,医療,合計,2021-05-21,1回目,63057,15602.0
群馬県,医療,合計,2021-05-21,2回目,39847,20763.0
群馬県,医療,合計,2021-05-21,合計,102904,36365.0
群馬県,医療,合計,2021-05-28,1回目,73969,10912.0
群馬県,医療,合計,2021-05-28,2回目,45821,5974.0
群馬県,医療,合計,2021-05-28,合計,119790,16886.0
群馬県,医療,合計,2021-06-04,1回目,80590,6621.0
群馬県,医療,合計,2021-06-04,2回目,52781,6960.0
群馬県,医療,合計,2021-06-04,合計,133371,13581.0
群馬県,医療,合計,2021-06-11,1回目,86669,6079.0
群馬県,医療,合計,2021-06-11,2回目,60715,7934.0
群馬県,医療,合計,2021-06-11,合計,147384,14013.0
群馬県,医療,合計,2021-06-18,1回目,90271,3602.0
群馬県,医療,合計,2021-06-18,2回目,68352,7637.0
群馬県,医療,合計,2021-06-18,合計,158623,11239.0
群馬県,医療,合計,2021-06-25,1回目,94374,4103.0
群馬県,医療,合計,2021-06-25,2回目,75026,6674.0
群馬県,医療,合計,2021-06-25,合計,169400,10777.0
群馬県,医療,合計,2021-07-02,1回目,97079,2705.0
群馬県,医療,合計,2021-07-02,2回目,79836,4810.0
群馬県,医療,合計,2021-07-02,合計,176915,7515.0
群馬県,医療,合計,2021-07-12,1回目,100123,3044.0
群馬県,医療,合計,2021-07-12,2回目,82886,3050.0
群馬県,医療,合計,2021-07-12,合計,183009,6094.0
群馬県,医療,合計,2021-07-19,1回目,100666,543.0
群馬県,医療,合計,2021-07-19,2回目,85499,2613.0
群馬県,医療,合計,2021-07-19,合計,186165,3156.0
群馬県,医療,合計,2021-07-26,1回目,103301,2635.0
群馬県,医療,合計,2021-07-26,2回目,87787,2288.0
群馬県,医療,合計,2021-07-26,合計,191088,4923.0
群馬県,医療,合計,2021-07-30,1回目,104105,804.0
群馬県,医療,合計,2021-07-30,2回目,89498,1711.0
群馬県,医療,合計,2021-07-30,合計,193603,2515.0
埼玉県,医療,合計,2021-04-16,1回目,52044,52044.0
埼玉県,医療,合計,2021-04-16,2回目,29693,29693.0
埼玉県,医療,合計,2021-04-16,合計,81737,81737.0
埼玉県,医療,合計,2021-04-23,1回目,85296,33252.0
埼玉県,医療,合計,2021-04-23,2回目,37892,8199.0
埼玉県,医療,合計,2021-04-23,合計,123188,41451.0
埼玉県,医療,合計,2021-04-30,1回目,122806,37510.0
埼玉県,医療,合計,2021-04-30,2回目,47250,9358.0
埼玉県,医療,合計,2021-04-30,合計,170056,46868.0
埼玉県,医療,合計,2021-05-07,1回目,144470,21664.0
埼玉県,医療,合計,2021-05-07,2回目,51885,4635.0
埼玉県,医療,合計,2021-05-07,合計,196355,26299.0
埼玉県,医療,合計,2021-05-21,1回目,197042,52572.0
埼玉県,医療,合計,2021-05-21,2回目,124096,72211.0
埼玉県,医療,合計,2021-05-21,合計,321138,124783.0
埼玉県,医療,合計,2021-05-28,1回目,217373,20331.0
埼玉県,医療,合計,2021-05-28,2回目,147112,23016.0
埼玉県,医療,合計,2021-05-28,合計,364485,43347.0
埼玉県,医療,合計,2021-06-04,1回目,234491,17118.0
埼玉県,医療,合計,2021-06-04,2回目,172567,25455.0
埼玉県,医療,合計,2021-06-04,合計,407058,42573.0
埼玉県,医療,合計,2021-06-11,1回目,248222,13731.0
埼玉県,医療,合計,2021-06-11,2回目,193981,21414.0
埼玉県,医療,合計,2021-06-11,合計,442203,35145.0
埼玉県,医療,合計,2021-06-18,1回目,264078,15856.0
埼玉県,医療,合計,2021-06-18,2回目,211884,17903.0
埼玉県,医療,合計,2021-06-18,合計,475962,33759.0
埼玉県,医療,合計,2021-06-25,1回目,278469,14391.0
埼玉県,医療,合計,2021-06-25,2回目,226412,14528.0
埼玉県,医療,合計,2021-06-25,合計,504881,28919.0
埼玉県,医療,合計,2021-07-02,1回目,286035,7566.0
埼玉県,医療,合計,2021-07-02,2回目,237431,11019.0
埼玉県,医療,合計,2021-07-02,合計,523466,18585.0
埼玉県,医療,合計,2021-07-12,1回目,297370,11335.0
埼玉県,医療,合計,2021-07-12,2回目,249762,12331.0
埼玉県,医療,合計,2021-07-12,合計,547132,23666.0
埼玉県,医療,合計,2021-07-19,1回目,306550,9180.0
埼玉県,医療,合計,2021-07-19,2回目,260644,10882.0
埼玉県,医療,合計,2021-07-19,合計,567194,20062.0
埼玉県,医療,合計,2021-07-26,1回目,312262,5712.0
埼玉県,医療,合計,2021-07-26,2回目,268532,7888.0
埼玉県,医療,合計,2021-07-26,合計,580794,13600.0
埼玉県,医療,合計,2021-07-30,1回目,316629,4367.0
埼玉県,医療,合計,2021-07-30,2回目,277556,9024.0
埼玉県,医療,合計,2021-07-30,合計,594185,13391.0
千葉県,医療,合計,2021-04-16,1回目,49198,49198.0
千葉県,医療,合計,2021-04-16,2回目,32533,32533.0
千葉県,医療,合計,2021-04-16,合計,81731,81731.0
千葉県,医療,合計,2021-04-23,1回目,70266,21068.0
千葉県,医療,合計,2021-04-23,2回目,36920,4387.0
千葉県,医療,合計,2021-04-23,合計,107186,25455.0
千葉県,医療,合計,2021-04-30,1回目,102528,32262.0
千葉県,医療,合計,2021-04-30,2回目,42707,5787.0
千葉県,医療,合計,2021-04-30,合計,145235,38049.0
千葉県,医療,合計,2021-05-07,1回目,115257,12729.0
千葉県,医療,合計,2021-05-07,2回目,45589,2882.0
千葉県,医療,合計,2021-05-07,合計,160846,15611.0
千葉県,医療,合計,2021-05-21,1回目,160839,45582.0
千葉県,医療,合計,2021-05-21,2回目,96489,50900.0
千葉県,医療,合計,2021-05-21,合計,257328,96482.0
千葉県,医療,合計,2021-05-28,1回目,182851,22012.0
千葉県,医療,合計,2021-05-28,2回目,112996,16507.0
千葉県,医療,合計,2021-05-28,合計,295847,38519.0
千葉県,医療,合計,2021-06-04,1回目,202019,19168.0
千葉県,医療,合計,2021-06-04,2回目,132821,19825.0
千葉県,医療,合計,2021-06-04,合計,334840,38993.0
千葉県,医療,合計,2021-06-11,1回目,220375,18356.0
千葉県,医療,合計,2021-06-11,2回目,158230,25409.0
千葉県,医療,合計,2021-06-11,合計,378605,43765.0
千葉県,医療,合計,2021-06-18,1回目,234137,13762.0
千葉県,医療,合計,2021-06-18,2回目,175956,17726.0
千葉県,医療,合計,2021-06-18,合計,410093,31488.0
千葉県,医療,合計,2021-06-25,1回目,246606,12469.0
千葉県,医療,合計,2021-06-25,2回目,192370,16414.0
千葉県,医療,合計,2021-06-25,合計,438976,28883.0
千葉県,医療,合計,2021-07-02,1回目,253947,7341.0
千葉県,医療,合計,2021-07-02,2回目,206141,13771.0
千葉県,医療,合計,2021-07-02,合計,460088,21112.0
千葉県,医療,合計,2021-07-12,1回目,262092,8145.0
千葉県,医療,合計,2021-07-12,2回目,218769,12628.0
千葉県,医療,合計,2021-07-12,合計,480861,20773.0
千葉県,医療,合計,2021-07-19,1回目,267056,4964.0
千葉県,医療,合計,2021-07-19,2回目,229000,10231.0
千葉県,医療,合計,2021-07-19,合計,496056,15195.0
千葉県,医療,合計,2021-07-26,1回目,269512,2456.0
千葉県,医療,合計,2021-07-26,2回目,234361,5361.0
千葉県,医療,合計,2021-07-26,合計,503873,7817.0
千葉県,医療,合計,2021-07-30,1回目,270761,1249.0
千葉県,医療,合計,2021-07-30,2回目,239619,5258.0
千葉県,医療,合計,2021-07-30,合計,510380,6507.0
東京都,医療,合計,2021-04-16,1回目,117683,117683.0
東京都,医療,合計,2021-04-16,2回目,63168,63168.0
東京都,医療,合計,2021-04-16,合計,180851,180851.0
東京都,医療,合計,2021-04-23,1回目,173280,55597.0
東京都,医療,合計,2021-04-23,2回目,81233,18065.0
東京都,医療,合計,2021-04-23,合計,254513,73662.0
東京都,医療,合計,2021-04-30,1回目,251192,77912.0
東京都,医療,合計,2021-04-30,2回目,102813,21580.0
東京都,医療,合計,2021-04-30,合計,354005,99492.0
東京都,医療,合計,2021-05-07,1回目,290463,39271.0
東京都,医療,合計,2021-05-07,2回目,114520,11707.0
東京都,医療,合計,2021-05-07,合計,404983,50978.0
東京都,医療,合計,2021-05-21,1回目,386025,95562.0
東京都,医療,合計,2021-05-21,2回目,245905,131385.0
東京都,医療,合計,2021-05-21,合計,631930,226947.0
東京都,医療,合計,2021-05-28,1回目,439082,53057.0
東京都,医療,合計,2021-05-28,2回目,298431,52526.0
東京都,医療,合計,2021-05-28,合計,737513,105583.0
東京都,医療,合計,2021-06-04,1回目,469872,30790.0
東京都,医療,合計,2021-06-04,2回目,345083,46652.0
東京都,医療,合計,2021-06-04,合計,814955,77442.0
東京都,医療,合計,2021-06-11,1回目,502186,32314.0
東京都,医療,合計,2021-06-11,2回目,386558,41475.0
東京都,医療,合計,2021-06-11,合計,888744,73789.0
東京都,医療,合計,2021-06-18,1回目,529040,26854.0
東京都,医療,合計,2021-06-18,2回目,418358,31800.0
東京都,医療,合計,2021-06-18,合計,947398,58654.0
東京都,医療,合計,2021-06-25,1回目,548036,18996.0
東京都,医療,合計,2021-06-25,2回目,446873,28515.0
東京都,医療,合計,2021-06-25,合計,994909,47511.0
東京都,医療,合計,2021-07-02,1回目,570744,22708.0
東京都,医療,合計,2021-07-02,2回目,477433,30560.0
東京都,医療,合計,2021-07-02,合計,1048177,53268.0
東京都,医療,合計,2021-07-12,1回目,589802,19058.0
東京都,医療,合計,2021-07-12,2回目,501618,24185.0
東京都,医療,合計,2021-07-12,合計,1091420,43243.0
東京都,医療,合計,2021-07-19,1回目,600150,10348.0
東京都,医療,合計,2021-07-19,2回目,522690,21072.0
東京都,医療,合計,2021-07-19,合計,1122840,31420.0
東京都,医療,合計,2021-07-26,1回目,606764,6614.0
東京都,医療,合計,2021-07-26,2回目,537780,15090.0
東京都,医療,合計,2021-07-26,合計,1144544,21704.0
東京都,医療,合計,2021-07-30,1回目,610484,3720.0
東京都,医療,合計,2021-07-30,2回目,545945,8165.0
東京都,医療,合計,2021-07-30,合計,1156429,11885.0
神奈川県,医療,合計,2021-04-16,1回目,50264,50264.0
神奈川県,医療,合計,2021-04-16,2回目,28998,28998.0
神奈川県,医療,合計,2021-04-16,合計,79262,79262.0
神奈川県,医療,合計,2021-04-23,1回目,79039,28775.0
神奈川県,医療,合計,2021-04-23,2回目,34719,5721.0
神奈川県,医療,合計,2021-04-23,合計,113758,34496.0
神奈川県,医療,合計,2021-04-30,1回目,135263,56224.0
神奈川県,医療,合計,2021-04-30,2回目,40390,5671.0
神奈川県,医療,合計,2021-04-30,合計,175653,61895.0
神奈川県,医療,合計,2021-05-07,1回目,167971,32708.0
神奈川県,医療,合計,2021-05-07,2回目,47723,7333.0
神奈川県,医療,合計,2021-05-07,合計,215694,40041.0
神奈川県,医療,合計,2021-05-21,1回目,229503,61532.0
神奈川県,医療,合計,2021-05-21,2回目,131780,84057.0
神奈川県,医療,合計,2021-05-21,合計,361283,145589.0
神奈川県,医療,合計,2021-05-28,1回目,258774,29271.0
神奈川県,医療,合計,2021-05-28,2回目,169710,37930.0
神奈川県,医療,合計,2021-05-28,合計,428484,67201.0
神奈川県,医療,合計,2021-06-04,1回目,288694,29920.0
神奈川県,医療,合計,2021-06-04,2回目,203344,33634.0
神奈川県,医療,合計,2021-06-04,合計,492038,63554.0
神奈川県,医療,合計,2021-06-11,1回目,312476,23782.0
神奈川県,医療,合計,2021-06-11,2回目,228644,25300.0
神奈川県,医療,合計,2021-06-11,合計,541120,49082.0
神奈川県,医療,合計,2021-06-18,1回目,331804,19328.0
神奈川県,医療,合計,2021-06-18,2回目,251843,23199.0
神奈川県,医療,合計,2021-06-18,合計,583647,42527.0
神奈川県,医療,合計,2021-06-25,1回目,346183,14379.0
神奈川県,医療,合計,2021-06-25,2回目,286363,34520.0
神奈川県,医療,合計,2021-06-25,合計,632546,48899.0
神奈川県,医療,合計,2021-07-02,1回目,360112,13929.0
神奈川県,医療,合計,2021-07-02,2回目,299471,13108.0
神奈川県,医療,合計,2021-07-02,合計,659583,27037.0
神奈川県,医療,合計,2021-07-12,1回目,372043,11931.0
神奈川県,医療,合計,2021-07-12,2回目,320003,20532.0
神奈川県,医療,合計,2021-07-12,合計,692046,32463.0
神奈川県,医療,合計,2021-07-19,1回目,384341,12298.0
神奈川県,医療,合計,2021-07-19,2回目,332919,12916.0
神奈川県,医療,合計,2021-07-19,合計,717260,25214.0
神奈川県,医療,合計,2021-07-26,1回目,389647,5306.0
神奈川県,医療,合計,2021-07-26,2回目,341269,8350.0
神奈川県,医療,合計,2021-07-26,合計,730916,13656.0
神奈川県,医療,合計,2021-07-30,1回目,396406,6759.0
神奈川県,医療,合計,2021-07-30,2回目,348055,6786.0
神奈川県,医療,合計,2021-07-30,合計,744461,13545.0
新潟県,医療,合計,2021-04-16,1回目,22757,22757.0
新潟県,医療,合計,2021-04-16,2回目,11211,11211.0
新潟県,医療,合計,2021-04-16,合計,33968,33968.0
新潟県,医療,合計,2021-04-23,1回目,35419,12662.0
新潟県,医療,合計,2021-04-23,2回目,14331,3120.0
新潟県,医療,合計,2021-04-23,合計,49750,15782.0
新潟県,医療,合計,2021-04-30,1回目,50097,14678.0
新潟県,医療,合計,2021-04-30,2回目,18256,3925.0
新潟県,医療,合計,2021-04-30,合計,68353,18603.0
新潟県,医療,合計,2021-05-07,1回目,56252,6155.0
新潟県,医療,合計,2021-05-07,2回目,20418,2162.0
新潟県,医療,合計,2021-05-07,合計,76670,8317.0
新潟県,医療,合計,2021-05-21,1回目,66971,10719.0
新潟県,医療,合計,2021-05-21,2回目,48783,28365.0
新潟県,医療,合計,2021-05-21,合計,115754,39084.0
新潟県,医療,合計,2021-05-28,1回目,74293,7322.0
新潟県,医療,合計,2021-05-28,2回目,53982,5199.0
新潟県,医療,合計,2021-05-28,合計,128275,12521.0
新潟県,医療,合計,2021-06-04,1回目,81818,7525.0
新潟県,医療,合計,2021-06-04,2回目,59342,5360.0
新潟県,医療,合計,2021-06-04,合計,141160,12885.0
新潟県,医療,合計,2021-06-11,1回目,91384,9566.0
新潟県,医療,合計,2021-06-11,2回目,64948,5606.0
新潟県,医療,合計,2021-06-11,合計,156332,15172.0
新潟県,医療,合計,2021-06-18,1回目,96436,5052.0
新潟県,医療,合計,2021-06-18,2回目,72212,7264.0
新潟県,医療,合計,2021-06-18,合計,168648,12316.0
新潟県,医療,合計,2021-06-25,1回目,104531,8095.0
新潟県,医療,合計,2021-06-25,2回目,78649,6437.0
新潟県,医療,合計,2021-06-25,合計,183180,14532.0
新潟県,医療,合計,2021-07-02,1回目,109995,5464.0
新潟県,医療,合計,2021-07-02,2回目,84449,5800.0
新潟県,医療,合計,2021-07-02,合計,194444,11264.0
新潟県,医療,合計,2021-07-12,1回目,115106,5111.0
新潟県,医療,合計,2021-07-12,2回目,88331,3882.0
新潟県,医療,合計,2021-07-12,合計,203437,8993.0
新潟県,医療,合計,2021-07-19,1回目,118113,3007.0
新潟県,医療,合計,2021-07-19,2回目,92704,4373.0
新潟県,医療,合計,2021-07-19,合計,210817,7380.0
新潟県,医療,合計,2021-07-26,1回目,120067,1954.0
新潟県,医療,合計,2021-07-26,2回目,95460,2756.0
新潟県,医療,合計,2021-07-26,合計,215527,4710.0
新潟県,医療,合計,2021-07-30,1回目,120665,598.0
新潟県,医療,合計,2021-07-30,2回目,98712,3252.0
新潟県,医療,合計,2021-07-30,合計,219377,3850.0
富山県,医療,合計,2021-04-16,1回目,12278,12278.0
富山県,医療,合計,2021-04-16,2回目,8088,8088.0
富山県,医療,合計,2021-04-16,合計,20366,20366.0
富山県,医療,合計,2021-04-23,1回目,18351,6073.0
富山県,医療,合計,2021-04-23,2回目,9053,965.0
富山県,医療,合計,2021-04-23,合計,27404,7038.0
富山県,医療,合計,2021-04-30,1回目,28104,9753.0
富山県,医療,合計,2021-04-30,2回目,10519,1466.0
富山県,医療,合計,2021-04-30,合計,38623,11219.0
富山県,医療,合計,2021-05-07,1回目,30794,2690.0
富山県,医療,合計,2021-05-07,2回目,11961,1442.0
富山県,医療,合計,2021-05-07,合計,42755,4132.0
富山県,医療,合計,2021-05-21,1回目,38495,7701.0
富山県,医療,合計,2021-05-21,2回目,26440,14479.0
富山県,医療,合計,2021-05-21,合計,64935,22180.0
富山県,医療,合計,2021-05-28,1回目,43375,4880.0
富山県,医療,合計,2021-05-28,2回目,29744,3304.0
富山県,医療,合計,2021-05-28,合計,73119,8184.0
富山県,医療,合計,2021-06-04,1回目,45526,2151.0
富山県,医療,合計,2021-06-04,2回目,33800,4056.0
富山県,医療,合計,2021-06-04,合計,79326,6207.0
富山県,医療,合計,2021-06-11,1回目,47392,1866.0
富山県,医療,合計,2021-06-11,2回目,36621,2821.0
富山県,医療,合計,2021-06-11,合計,84013,4687.0
富山県,医療,合計,2021-06-18,1回目,49858,2466.0
富山県,医療,合計,2021-06-18,2回目,40507,3886.0
富山県,医療,合計,2021-06-18,合計,90365,6352.0
富山県,医療,合計,2021-06-25,1回目,51826,1968.0
富山県,医療,合計,2021-06-25,2回目,44231,3724.0
富山県,医療,合計,2021-06-25,合計,96057,5692.0
富山県,医療,合計,2021-07-02,1回目,53562,1736.0
富山県,医療,合計,2021-07-02,2回目,46675,2444.0
富山県,医療,合計,2021-07-02,合計,100237,4180.0
富山県,医療,合計,2021-07-12,1回目,54203,641.0
富山県,医療,合計,2021-07-12,2回目,48764,2089.0
富山県,医療,合計,2021-07-12,合計,102967,2730.0
富山県,医療,合計,2021-07-19,1回目,55662,1459.0
富山県,医療,合計,2021-07-19,2回目,50215,1451.0
富山県,医療,合計,2021-07-19,合計,105877,2910.0
富山県,医療,合計,2021-07-26,1回目,56101,439.0
富山県,医療,合計,2021-07-26,2回目,51277,1062.0
富山県,医療,合計,2021-07-26,合計,107378,1501.0
富山県,医療,合計,2021-07-30,1回目,56053,-48.0
富山県,医療,合計,2021-07-30,2回目,52314,1037.0
富山県,医療,合計,2021-07-30,合計,108367,989.0
石川県,医療,合計,2021-04-16,1回目,12267,12267.0
石川県,医療,合計,2021-04-16,2回目,5878,5878.0
石川県,医療,合計,2021-04-16,合計,18145,18145.0
石川県,医療,合計,2021-04-23,1回目,20988,8721.0
石川県,医療,合計,2021-04-23,2回目,8966,3088.0
石川県,医療,合計,2021-04-23,合計,29954,11809.0
石川県,医療,合計,2021-04-30,1回目,29327,8339.0
石川県,医療,合計,2021-04-30,2回目,10501,1535.0
石川県,医療,合計,2021-04-30,合計,39828,9874.0
石川県,医療,合計,2021-05-07,1回目,33285,3958.0
石川県,医療,合計,2021-05-07,2回目,11115,614.0
石川県,医療,合計,2021-05-07,合計,44400,4572.0
石川県,医療,合計,2021-05-21,1回目,41724,8439.0
石川県,医療,合計,2021-05-21,2回目,29895,18780.0
石川県,医療,合計,2021-05-21,合計,71619,27219.0
石川県,医療,合計,2021-05-28,1回目,46070,4346.0
石川県,医療,合計,2021-05-28,2回目,33078,3183.0
石川県,医療,合計,2021-05-28,合計,79148,7529.0
石川県,医療,合計,2021-06-04,1回目,51549,5479.0
石川県,医療,合計,2021-06-04,2回目,36686,3608.0
石川県,医療,合計,2021-06-04,合計,88235,9087.0
石川県,医療,合計,2021-06-11,1回目,55800,4251.0
石川県,医療,合計,2021-06-11,2回目,41602,4916.0
石川県,医療,合計,2021-06-11,合計,97402,9167.0
石川県,医療,合計,2021-06-18,1回目,57788,1988.0
石川県,医療,合計,2021-06-18,2回目,45163,3561.0
石川県,医療,合計,2021-06-18,合計,102951,5549.0
石川県,医療,合計,2021-06-25,1回目,60602,2814.0
石川県,医療,合計,2021-06-25,2回目,48910,3747.0
石川県,医療,合計,2021-06-25,合計,109512,6561.0
石川県,医療,合計,2021-07-02,1回目,62367,1765.0
石川県,医療,合計,2021-07-02,2回目,53383,4473.0
石川県,医療,合計,2021-07-02,合計,115750,6238.0
石川県,医療,合計,2021-07-12,1回目,64457,2090.0
石川県,医療,合計,2021-07-12,2回目,56480,3097.0
石川県,医療,合計,2021-07-12,合計,120937,5187.0
石川県,医療,合計,2021-07-19,1回目,65653,1196.0
石川県,医療,合計,2021-07-19,2回目,58339,1859.0
石川県,医療,合計,2021-07-19,合計,123992,3055.0
石川県,医療,合計,2021-07-26,1回目,66720,1067.0
石川県,医療,合計,2021-07-26,2回目,59940,1601.0
石川県,医療,合計,2021-07-26,合計,126660,2668.0
石川県,医療,合計,2021-07-30,1回目,66996,276.0
石川県,医療,合計,2021-07-30,2回目,60847,907.0
石川県,医療,合計,2021-07-30,合計,127843,1183.0
福井県,医療,合計,2021-04-16,1回目,8172,8172.0
福井県,医療,合計,2021-04-16,2回目,5317,5317.0
福井県,医療,合計,2021-04-16,合計,13489,13489.0
福井県,医療,合計,2021-04-23,1回目,15162,6990.0
福井県,医療,合計,2021-04-23,2回目,6199,882.0
福井県,医療,合計,2021-04-23,合計,21361,7872.0
福井県,医療,合計,2021-04-30,1回目,25871,10709.0
福井県,医療,合計,2021-04-30,2回目,7132,933.0
福井県,医療,合計,2021-04-30,合計,33003,11642.0
福井県,医療,合計,2021-05-07,1回目,28972,3101.0
福井県,医療,合計,2021-05-07,2回目,7887,755.0
福井県,医療,合計,2021-05-07,合計,36859,3856.0
福井県,医療,合計,2021-05-21,1回目,36322,7350.0
福井県,医療,合計,2021-05-21,2回目,24032,16145.0
福井県,医療,合計,2021-05-21,合計,60354,23495.0
福井県,医療,合計,2021-05-28,1回目,37429,1107.0
福井県,医療,合計,2021-05-28,2回目,28856,4824.0
福井県,医療,合計,2021-05-28,合計,66285,5931.0
福井県,医療,合計,2021-06-04,1回目,40693,3264.0
福井県,医療,合計,2021-06-04,2回目,33297,4441.0
福井県,医療,合計,2021-06-04,合計,73990,7705.0
福井県,医療,合計,2021-06-11,1回目,42535,1842.0
福井県,医療,合計,2021-06-11,2回目,36387,3090.0
福井県,医療,合計,2021-06-11,合計,78922,4932.0
福井県,医療,合計,2021-06-18,1回目,43859,1324.0
福井県,医療,合計,2021-06-18,2回目,38739,2352.0
福井県,医療,合計,2021-06-18,合計,82598,3676.0
福井県,医療,合計,2021-06-25,1回目,44945,1086.0
福井県,医療,合計,2021-06-25,2回目,40221,1482.0
福井県,医療,合計,2021-06-25,合計,85166,2568.0
福井県,医療,合計,2021-07-02,1回目,47295,2350.0
福井県,医療,合計,2021-07-02,2回目,41540,1319.0
福井県,医療,合計,2021-07-02,合計,88835,3669.0
福井県,医療,合計,2021-07-12,1回目,48301,1006.0
福井県,医療,合計,2021-07-12,2回目,42396,856.0
福井県,医療,合計,2021-07-12,合計,90697,1862.0
福井県,医療,合計,2021-07-19,1回目,48481,180.0
福井県,医療,合計,2021-07-19,2回目,43268,872.0
福井県,医療,合計,2021-07-19,合計,91749,1052.0
福井県,医療,合計,2021-07-26,1回目,48464,-17.0
福井県,医療,合計,2021-07-26,2回目,45090,1822.0
福井県,医療,合計,2021-07-26,合計,93554,1805.0
福井県,医療,合計,2021-07-30,1回目,48565,101.0
福井県,医療,合計,2021-07-30,2回目,45831,741.0
福井県,医療,合計,2021-07-30,合計,94396,842.0
山梨県,医療,合計,2021-04-16,1回目,7423,7423.0
山梨県,医療,合計,2021-04-16,2回目,5336,5336.0
山梨県,医療,合計,2021-04-16,合計,12759,12759.0
山梨県,医療,合計,2021-04-23,1回目,9229,1806.0
山梨県,医療,合計,2021-04-23,2回目,6223,887.0
山梨県,医療,合計,2021-04-23,合計,15452,2693.0
山梨県,医療,合計,2021-04-30,1回目,14809,5580.0
山梨県,医療,合計,2021-04-30,2回目,7480,1257.0
山梨県,医療,合計,2021-04-30,合計,22289,6837.0
山梨県,医療,合計,2021-05-07,1回目,16466,1657.0
山梨県,医療,合計,2021-05-07,2回目,7809,329.0
山梨県,医療,合計,2021-05-07,合計,24275,1986.0
山梨県,医療,合計,2021-05-21,1回目,26774,10308.0
山梨県,医療,合計,2021-05-21,2回目,14854,7045.0
山梨県,医療,合計,2021-05-21,合計,41628,17353.0
山梨県,医療,合計,2021-05-28,1回目,29958,3184.0
山梨県,医療,合計,2021-05-28,2回目,16809,1955.0
山梨県,医療,合計,2021-05-28,合計,46767,5139.0
山梨県,医療,合計,2021-06-04,1回目,32796,2838.0
山梨県,医療,合計,2021-06-04,2回目,21299,4490.0
山梨県,医療,合計,2021-06-04,合計,54095,7328.0
山梨県,医療,合計,2021-06-11,1回目,34598,1802.0
山梨県,医療,合計,2021-06-11,2回目,25959,4660.0
山梨県,医療,合計,2021-06-11,合計,60557,6462.0
山梨県,医療,合計,2021-06-18,1回目,35504,906.0
山梨県,医療,合計,2021-06-18,2回目,28568,2609.0
山梨県,医療,合計,2021-06-18,合計,64072,3515.0
山梨県,医療,合計,2021-06-25,1回目,37195,1691.0
山梨県,医療,合計,2021-06-25,2回目,30474,1906.0
山梨県,医療,合計,2021-06-25,合計,67669,3597.0
山梨県,医療,合計,2021-07-02,1回目,41395,4200.0
山梨県,医療,合計,2021-07-02,2回目,33421,2947.0
山梨県,医療,合計,2021-07-02,合計,74816,7147.0
山梨県,医療,合計,2021-07-12,1回目,42726,1331.0
山梨県,医療,合計,2021-07-12,2回目,34787,1366.0
山梨県,医療,合計,2021-07-12,合計,77513,2697.0
山梨県,医療,合計,2021-07-19,1回目,43821,1095.0
山梨県,医療,合計,2021-07-19,2回目,36353,1566.0
山梨県,医療,合計,2021-07-19,合計,80174,2661.0
山梨県,医療,合計,2021-07-26,1回目,44169,348.0
山梨県,医療,合計,2021-07-26,2回目,37248,895.0
山梨県,医療,合計,2021-07-26,合計,81417,1243.0
山梨県,医療,合計,2021-07-30,1回目,42589,-1580.0
山梨県,医療,合計,2021-07-30,2回目,38081,833.0
山梨県,医療,合計,2021-07-30,合計,80670,-747.0
長野県,医療,合計,2021-04-16,1回目,20499,20499.0
長野県,医療,合計,2021-04-16,2回目,10391,10391.0
長野県,医療,合計,2021-04-16,合計,30890,30890.0
長野県,医療,合計,2021-04-23,1回目,30323,9824.0
長野県,医療,合計,2021-04-23,2回目,13030,2639.0
長野県,医療,合計,2021-04-23,合計,43353,12463.0
長野県,医療,合計,2021-04-30,1回目,42792,12469.0
長野県,医療,合計,2021-04-30,2回目,15816,2786.0
長野県,医療,合計,2021-04-30,合計,58608,15255.0
長野県,医療,合計,2021-05-07,1回目,49713,6921.0
長野県,医療,合計,2021-05-07,2回目,17471,1655.0
長野県,医療,合計,2021-05-07,合計,67184,8576.0
長野県,医療,合計,2021-05-21,1回目,65573,15860.0
長野県,医療,合計,2021-05-21,2回目,42375,24904.0
長野県,医療,合計,2021-05-21,合計,107948,40764.0
長野県,医療,合計,2021-05-28,1回目,72223,6650.0
長野県,医療,合計,2021-05-28,2回目,47775,5400.0
長野県,医療,合計,2021-05-28,合計,119998,12050.0
長野県,医療,合計,2021-06-04,1回目,77494,5271.0
長野県,医療,合計,2021-06-04,2回目,56250,8475.0
長野県,医療,合計,2021-06-04,合計,133744,13746.0
長野県,医療,合計,2021-06-11,1回目,82515,5021.0
長野県,医療,合計,2021-06-11,2回目,64343,8093.0
長野県,医療,合計,2021-06-11,合計,146858,13114.0
長野県,医療,合計,2021-06-18,1回目,86426,3911.0
長野県,医療,合計,2021-06-18,2回目,71062,6719.0
長野県,医療,合計,2021-06-18,合計,157488,10630.0
長野県,医療,合計,2021-06-25,1回目,88915,2489.0
長野県,医療,合計,2021-06-25,2回目,74355,3293.0
長野県,医療,合計,2021-06-25,合計,163270,5782.0
長野県,医療,合計,2021-07-02,1回目,92902,3987.0
長野県,医療,合計,2021-07-02,2回目,78928,4573.0
長野県,医療,合計,2021-07-02,合計,171830,8560.0
長野県,医療,合計,2021-07-12,1回目,100392,7490.0
長野県,医療,合計,2021-07-12,2回目,84075,5147.0
長野県,医療,合計,2021-07-12,合計,184467,12637.0
長野県,医療,合計,2021-07-19,1回目,103044,2652.0
長野県,医療,合計,2021-07-19,2回目,88185,4110.0
長野県,医療,合計,2021-07-19,合計,191229,6762.0
長野県,医療,合計,2021-07-26,1回目,103991,947.0
長野県,医療,合計,2021-07-26,2回目,89761,1576.0
長野県,医療,合計,2021-07-26,合計,193752,2523.0
長野県,医療,合計,2021-07-30,1回目,104803,812.0
長野県,医療,合計,2021-07-30,2回目,91606,1845.0
長野県,医療,合計,2021-07-30,合計,196409,2657.0
岐阜県,医療,合計,2021-04-16,1回目,19189,19189.0
岐阜県,医療,合計,2021-04-16,2回目,10444,10444.0
岐阜県,医療,合計,2021-04-16,合計,29633,29633.0
岐阜県,医療,合計,2021-04-23,1回目,30334,11145.0
岐阜県,医療,合計,2021-04-23,2回目,14158,3714.0
岐阜県,医療,合計,2021-04-23,合計,44492,14859.0
岐阜県,医療,合計,2021-04-30,1回目,42162,11828.0
岐阜県,医療,合計,2021-04-30,2回目,17979,3821.0
岐阜県,医療,合計,2021-04-30,合計,60141,15649.0
岐阜県,医療,合計,2021-05-07,1回目,46302,4140.0
岐阜県,医療,合計,2021-05-07,2回目,19026,1047.0
岐阜県,医療,合計,2021-05-07,合計,65328,5187.0
岐阜県,医療,合計,2021-05-21,1回目,67526,21224.0
岐阜県,医療,合計,2021-05-21,2回目,41181,22155.0
岐阜県,医療,合計,2021-05-21,合計,108707,43379.0
岐阜県,医療,合計,2021-05-28,1回目,78639,11113.0
岐阜県,医療,合計,2021-05-28,2回目,47063,5882.0
岐阜県,医療,合計,2021-05-28,合計,125702,16995.0
岐阜県,医療,合計,2021-06-04,1回目,86332,7693.0
岐阜県,医療,合計,2021-06-04,2回目,56492,9429.0
岐阜県,医療,合計,2021-06-04,合計,142824,17122.0
岐阜県,医療,合計,2021-06-11,1回目,91059,4727.0
岐阜県,医療,合計,2021-06-11,2回目,68566,12074.0
岐阜県,医療,合計,2021-06-11,合計,159625,16801.0
岐阜県,医療,合計,2021-06-18,1回目,94128,3069.0
岐阜県,医療,合計,2021-06-18,2回目,78081,9515.0
岐阜県,医療,合計,2021-06-18,合計,172209,12584.0
岐阜県,医療,合計,2021-06-25,1回目,96278,2150.0
岐阜県,医療,合計,2021-06-25,2回目,84688,6607.0
岐阜県,医療,合計,2021-06-25,合計,180966,8757.0
岐阜県,医療,合計,2021-07-02,1回目,98037,1759.0
岐阜県,医療,合計,2021-07-02,2回目,89443,4755.0
岐阜県,医療,合計,2021-07-02,合計,187480,6514.0
岐阜県,医療,合計,2021-07-12,1回目,101035,2998.0
岐阜県,医療,合計,2021-07-12,2回目,92087,2644.0
岐阜県,医療,合計,2021-07-12,合計,193122,5642.0
岐阜県,医療,合計,2021-07-19,1回目,102967,1932.0
岐阜県,医療,合計,2021-07-19,2回目,94117,2030.0
岐阜県,医療,合計,2021-07-19,合計,197084,3962.0
岐阜県,医療,合計,2021-07-26,1回目,103651,684.0
岐阜県,医療,合計,2021-07-26,2回目,95872,1755.0
岐阜県,医療,合計,2021-07-26,合計,199523,2439.0
岐阜県,医療,合計,2021-07-30,1回目,104076,425.0
岐阜県,医療,合計,2021-07-30,2回目,98051,2179.0
岐阜県,医療,合計,2021-07-30,合計,202127,2604.0
静岡県,医療,合計,2021-04-16,1回目,28524,28524.0
静岡県,医療,合計,2021-04-16,2回目,15454,15454.0
静岡県,医療,合計,2021-04-16,合計,43978,43978.0
静岡県,医療,合計,2021-04-23,1回目,43626,15102.0
静岡県,医療,合計,2021-04-23,2回目,21369,5915.0
静岡県,医療,合計,2021-04-23,合計,64995,21017.0
静岡県,医療,合計,2021-04-30,1回目,70574,26948.0
静岡県,医療,合計,2021-04-30,2回目,25510,4141.0
静岡県,医療,合計,2021-04-30,合計,96084,31089.0
静岡県,医療,合計,2021-05-07,1回目,79212,8638.0
静岡県,医療,合計,2021-05-07,2回目,27317,1807.0
静岡県,医療,合計,2021-05-07,合計,106529,10445.0
静岡県,医療,合計,2021-05-21,1回目,104286,25074.0
静岡県,医療,合計,2021-05-21,2回目,61870,34553.0
静岡県,医療,合計,2021-05-21,合計,166156,59627.0
静岡県,医療,合計,2021-05-28,1回目,111745,7459.0
静岡県,医療,合計,2021-05-28,2回目,70522,8652.0
静岡県,医療,合計,2021-05-28,合計,182267,16111.0
静岡県,医療,合計,2021-06-04,1回目,120178,8433.0
静岡県,医療,合計,2021-06-04,2回目,82166,11644.0
静岡県,医療,合計,2021-06-04,合計,202344,20077.0
静岡県,医療,合計,2021-06-11,1回目,131075,10897.0
静岡県,医療,合計,2021-06-11,2回目,97789,15623.0
静岡県,医療,合計,2021-06-11,合計,228864,26520.0
静岡県,医療,合計,2021-06-18,1回目,137860,6785.0
静岡県,医療,合計,2021-06-18,2回目,106142,8353.0
静岡県,医療,合計,2021-06-18,合計,244002,15138.0
静岡県,医療,合計,2021-06-25,1回目,148385,10525.0
静岡県,医療,合計,2021-06-25,2回目,116733,10591.0
静岡県,医療,合計,2021-06-25,合計,265118,21116.0
静岡県,医療,合計,2021-07-02,1回目,152513,4128.0
静岡県,医療,合計,2021-07-02,2回目,125294,8561.0
静岡県,医療,合計,2021-07-02,合計,277807,12689.0
静岡県,医療,合計,2021-07-12,1回目,158292,5779.0
静岡県,医療,合計,2021-07-12,2回目,132859,7565.0
静岡県,医療,合計,2021-07-12,合計,291151,13344.0
静岡県,医療,合計,2021-07-19,1回目,161594,3302.0
静岡県,医療,合計,2021-07-19,2回目,139090,6231.0
静岡県,医療,合計,2021-07-19,合計,300684,9533.0
静岡県,医療,合計,2021-07-26,1回目,162098,504.0
静岡県,医療,合計,2021-07-26,2回目,142907,3817.0
静岡県,医療,合計,2021-07-26,合計,305005,4321.0
静岡県,医療,合計,2021-07-30,1回目,163684,1586.0
静岡県,医療,合計,2021-07-30,2回目,147344,4437.0
静岡県,医療,合計,2021-07-30,合計,311028,6023.0
愛知県,医療,合計,2021-04-16,1回目,56349,56349.0
愛知県,医療,合計,2021-04-16,2回目,29392,29392.0
愛知県,医療,合計,2021-04-16,合計,85741,85741.0
愛知県,医療,合計,2021-04-23,1回目,99994,43645.0
愛知県,医療,合計,2021-04-23,2回目,37069,7677.0
愛知県,医療,合計,2021-04-23,合計,137063,51322.0
愛知県,医療,合計,2021-04-30,1回目,155262,55268.0
愛知県,医療,合計,2021-04-30,2回目,46122,9053.0
愛知県,医療,合計,2021-04-30,合計,201384,64321.0
愛知県,医療,合計,2021-05-07,1回目,178287,23025.0
愛知県,医療,合計,2021-05-07,2回目,54206,8084.0
愛知県,医療,合計,2021-05-07,合計,232493,31109.0
愛知県,医療,合計,2021-05-21,1回目,226345,48058.0
愛知県,医療,合計,2021-05-21,2回目,144268,90062.0
愛知県,医療,合計,2021-05-21,合計,370613,138120.0
愛知県,医療,合計,2021-05-28,1回目,245761,19416.0
愛知県,医療,合計,2021-05-28,2回目,171153,26885.0
愛知県,医療,合計,2021-05-28,合計,416914,46301.0
愛知県,医療,合計,2021-06-04,1回目,263732,17971.0
愛知県,医療,合計,2021-06-04,2回目,194555,23402.0
愛知県,医療,合計,2021-06-04,合計,458287,41373.0
愛知県,医療,合計,2021-06-11,1回目,278391,14659.0
愛知県,医療,合計,2021-06-11,2回目,215039,20484.0
愛知県,医療,合計,2021-06-11,合計,493430,35143.0
愛知県,医療,合計,2021-06-18,1回目,295653,17262.0
愛知県,医療,合計,2021-06-18,2回目,234332,19293.0
愛知県,医療,合計,2021-06-18,合計,529985,36555.0
愛知県,医療,合計,2021-06-25,1回目,306798,11145.0
愛知県,医療,合計,2021-06-25,2回目,247833,13501.0
愛知県,医療,合計,2021-06-25,合計,554631,24646.0
愛知県,医療,合計,2021-07-02,1回目,317543,10745.0
愛知県,医療,合計,2021-07-02,2回目,260407,12574.0
愛知県,医療,合計,2021-07-02,合計,577950,23319.0
愛知県,医療,合計,2021-07-12,1回目,325107,7564.0
愛知県,医療,合計,2021-07-12,2回目,269111,8704.0
愛知県,医療,合計,2021-07-12,合計,594218,16268.0
愛知県,医療,合計,2021-07-19,1回目,360988,35881.0
愛知県,医療,合計,2021-07-19,2回目,285732,16621.0
愛知県,医療,合計,2021-07-19,合計,646720,52502.0
愛知県,医療,合計,2021-07-26,1回目,374666,13678.0
愛知県,医療,合計,2021-07-26,2回目,299952,14220.0
愛知県,医療,合計,2021-07-26,合計,674618,27898.0
愛知県,医療,合計,2021-07-30,1回目,377735,3069.0
愛知県,医療,合計,2021-07-30,2回目,305867,5915.0
愛知県,医療,合計,2021-07-30,合計,683602,8984.0
三重県,医療,合計,2021-04-16,1回目,18255,18255.0
三重県,医療,合計,2021-04-16,2回目,12043,12043.0
三重県,医療,合計,2021-04-16,合計,30298,30298.0
三重県,医療,合計,2021-04-23,1回目,28421,10166.0
三重県,医療,合計,2021-04-23,2回目,12722,679.0
三重県,医療,合計,2021-04-23,合計,41143,10845.0
三重県,医療,合計,2021-04-30,1回目,39872,11451.0
三重県,医療,合計,2021-04-30,2回目,14359,1637.0
三重県,医療,合計,2021-04-30,合計,54231,13088.0
三重県,医療,合計,2021-05-07,1回目,45350,5478.0
三重県,医療,合計,2021-05-07,2回目,16971,2612.0
三重県,医療,合計,2021-05-07,合計,62321,8090.0
三重県,医療,合計,2021-05-21,1回目,59471,14121.0
三重県,医療,合計,2021-05-21,2回目,39203,22232.0
三重県,医療,合計,2021-05-21,合計,98674,36353.0
三重県,医療,合計,2021-05-28,1回目,65128,5657.0
三重県,医療,合計,2021-05-28,2回目,45090,5887.0
三重県,医療,合計,2021-05-28,合計,110218,11544.0
三重県,医療,合計,2021-06-04,1回目,70084,4956.0
三重県,医療,合計,2021-06-04,2回目,52925,7835.0
三重県,医療,合計,2021-06-04,合計,123009,12791.0
三重県,医療,合計,2021-06-11,1回目,73826,3742.0
三重県,医療,合計,2021-06-11,2回目,59322,6397.0
三重県,医療,合計,2021-06-11,合計,133148,10139.0
三重県,医療,合計,2021-06-18,1回目,78609,4783.0
三重県,医療,合計,2021-06-18,2回目,66646,7324.0
三重県,医療,合計,2021-06-18,合計,145255,12107.0
三重県,医療,合計,2021-06-25,1回目,81526,2917.0
三重県,医療,合計,2021-06-25,2回目,70836,4190.0
三重県,医療,合計,2021-06-25,合計,152362,7107.0
三重県,医療,合計,2021-07-02,1回目,83102,1576.0
三重県,医療,合計,2021-07-02,2回目,73687,2851.0
三重県,医療,合計,2021-07-02,合計,156789,4427.0
三重県,医療,合計,2021-07-12,1回目,85649,2547.0
三重県,医療,合計,2021-07-12,2回目,76600,2913.0
三重県,医療,合計,2021-07-12,合計,162249,5460.0
三重県,医療,合計,2021-07-19,1回目,87688,2039.0
三重県,医療,合計,2021-07-19,2回目,78512,1912.0
三重県,医療,合計,2021-07-19,合計,166200,3951.0
三重県,医療,合計,2021-07-26,1回目,88551,863.0
三重県,医療,合計,2021-07-26,2回目,79595,1083.0
三重県,医療,合計,2021-07-26,合計,168146,1946.0
三重県,医療,合計,2021-07-30,1回目,89383,832.0
三重県,医療,合計,2021-07-30,2回目,81345,1750.0
三重県,医療,合計,2021-07-30,合計,170728,2582.0
滋賀県,医療,合計,2021-04-16,1回目,12071,12071.0
滋賀県,医療,合計,2021-04-16,2回目,7927,7927.0
滋賀県,医療,合計,2021-04-16,合計,19998,19998.0
滋賀県,医療,合計,2021-04-23,1回目,18440,6369.0
滋賀県,医療,合計,2021-04-23,2回目,9861,1934.0
滋賀県,医療,合計,2021-04-23,合計,28301,8303.0
滋賀県,医療,合計,2021-04-30,1回目,27262,8822.0
滋賀県,医療,合計,2021-04-30,2回目,10279,418.0
滋賀県,医療,合計,2021-04-30,合計,37541,9240.0
滋賀県,医療,合計,2021-05-07,1回目,35145,7883.0
滋賀県,医療,合計,2021-05-07,2回目,12517,2238.0
滋賀県,医療,合計,2021-05-07,合計,47662,10121.0
滋賀県,医療,合計,2021-05-21,1回目,42724,7579.0
滋賀県,医療,合計,2021-05-21,2回目,28402,15885.0
滋賀県,医療,合計,2021-05-21,合計,71126,23464.0
滋賀県,医療,合計,2021-05-28,1回目,46622,3898.0
滋賀県,医療,合計,2021-05-28,2回目,32157,3755.0
滋賀県,医療,合計,2021-05-28,合計,78779,7653.0
滋賀県,医療,合計,2021-06-04,1回目,51309,4687.0
滋賀県,医療,合計,2021-06-04,2回目,35310,3153.0
滋賀県,医療,合計,2021-06-04,合計,86619,7840.0
滋賀県,医療,合計,2021-06-11,1回目,53175,1866.0
滋賀県,医療,合計,2021-06-11,2回目,40552,5242.0
滋賀県,医療,合計,2021-06-11,合計,93727,7108.0
滋賀県,医療,合計,2021-06-18,1回目,54310,1135.0
滋賀県,医療,合計,2021-06-18,2回目,44721,4169.0
滋賀県,医療,合計,2021-06-18,合計,99031,5304.0
滋賀県,医療,合計,2021-06-25,1回目,56116,1806.0
滋賀県,医療,合計,2021-06-25,2回目,47284,2563.0
滋賀県,医療,合計,2021-06-25,合計,103400,4369.0
滋賀県,医療,合計,2021-07-02,1回目,57988,1872.0
滋賀県,医療,合計,2021-07-02,2回目,51347,4063.0
滋賀県,医療,合計,2021-07-02,合計,109335,5935.0
滋賀県,医療,合計,2021-07-12,1回目,60155,2167.0
滋賀県,医療,合計,2021-07-12,2回目,53262,1915.0
滋賀県,医療,合計,2021-07-12,合計,113417,4082.0
滋賀県,医療,合計,2021-07-19,1回目,61947,1792.0
滋賀県,医療,合計,2021-07-19,2回目,54427,1165.0
滋賀県,医療,合計,2021-07-19,合計,116374,2957.0
滋賀県,医療,合計,2021-07-26,1回目,62577,630.0
滋賀県,医療,合計,2021-07-26,2回目,55774,1347.0
滋賀県,医療,合計,2021-07-26,合計,118351,1977.0
滋賀県,医療,合計,2021-07-30,1回目,63126,549.0
滋賀県,医療,合計,2021-07-30,2回目,58028,2254.0
滋賀県,医療,合計,2021-07-30,合計,121154,2803.0
京都府,医療,合計,2021-04-16,1回目,25009,25009.0
京都府,医療,合計,2021-04-16,2回目,15339,15339.0
京都府,医療,合計,2021-04-16,合計,40348,40348.0
京都府,医療,合計,2021-04-23,1回目,35096,10087.0
京都府,医療,合計,2021-04-23,2回目,17610,2271.0
京都府,医療,合計,2021-04-23,合計,52706,12358.0
京都府,医療,合計,2021-04-30,1回目,54241,19145.0
京都府,医療,合計,2021-04-30,2回目,19751,2141.0
京都府,医療,合計,2021-04-30,合計,73992,21286.0
京都府,医療,合計,2021-05-07,1回目,62704,8463.0
京都府,医療,合計,2021-05-07,2回目,23050,3299.0
京都府,医療,合計,2021-05-07,合計,85754,11762.0
京都府,医療,合計,2021-05-21,1回目,80917,18213.0
京都府,医療,合計,2021-05-21,2回目,52533,29483.0
京都府,医療,合計,2021-05-21,合計,133450,47696.0
京都府,医療,合計,2021-05-28,1回目,91588,10671.0
京都府,医療,合計,2021-05-28,2回目,61398,8865.0
京都府,医療,合計,2021-05-28,合計,152986,19536.0
京都府,医療,合計,2021-06-04,1回目,101351,9763.0
京都府,医療,合計,2021-06-04,2回目,70122,8724.0
京都府,医療,合計,2021-06-04,合計,171473,18487.0
京都府,医療,合計,2021-06-11,1回目,111112,9761.0
京都府,医療,合計,2021-06-11,2回目,80107,9985.0
京都府,医療,合計,2021-06-11,合計,191219,19746.0
京都府,医療,合計,2021-06-18,1回目,117051,5939.0
京都府,医療,合計,2021-06-18,2回目,89188,9081.0
京都府,医療,合計,2021-06-18,合計,206239,15020.0
京都府,医療,合計,2021-06-25,1回目,121810,4759.0
京都府,医療,合計,2021-06-25,2回目,98918,9730.0
京都府,医療,合計,2021-06-25,合計,220728,14489.0
京都府,医療,合計,2021-07-02,1回目,130666,8856.0
京都府,医療,合計,2021-07-02,2回目,105636,6718.0
京都府,医療,合計,2021-07-02,合計,236302,15574.0
京都府,医療,合計,2021-07-12,1回目,134197,3531.0
京都府,医療,合計,2021-07-12,2回目,111382,5746.0
京都府,医療,合計,2021-07-12,合計,245579,9277.0
京都府,医療,合計,2021-07-19,1回目,139232,5035.0
京都府,医療,合計,2021-07-19,2回目,115365,3983.0
京都府,医療,合計,2021-07-19,合計,254597,9018.0
京都府,医療,合計,2021-07-26,1回目,139984,752.0
京都府,医療,合計,2021-07-26,2回目,118962,3597.0
京都府,医療,合計,2021-07-26,合計,258946,4349.0
京都府,医療,合計,2021-07-30,1回目,141663,1679.0
京都府,医療,合計,2021-07-30,2回目,121151,2189.0
京都府,医療,合計,2021-07-30,合計,262814,3868.0
大阪府,医療,合計,2021-04-16,1回目,83193,83193.0
大阪府,医療,合計,2021-04-16,2回目,48792,48792.0
大阪府,医療,合計,2021-04-16,合計,131985,131985.0
大阪府,医療,合計,2021-04-23,1回目,105584,22391.0
大阪府,医療,合計,2021-04-23,2回目,60646,11854.0
大阪府,医療,合計,2021-04-23,合計,166230,34245.0
大阪府,医療,合計,2021-04-30,1回目,138627,33043.0
大阪府,医療,合計,2021-04-30,2回目,72240,11594.0
大阪府,医療,合計,2021-04-30,合計,210867,44637.0
大阪府,医療,合計,2021-05-07,1回目,155198,16571.0
大阪府,医療,合計,2021-05-07,2回目,78492,6252.0
大阪府,医療,合計,2021-05-07,合計,233690,22823.0
大阪府,医療,合計,2021-05-21,1回目,232809,77611.0
大阪府,医療,合計,2021-05-21,2回目,137779,59287.0
大阪府,医療,合計,2021-05-21,合計,370588,136898.0
大阪府,医療,合計,2021-05-28,1回目,261035,28226.0
大阪府,医療,合計,2021-05-28,2回目,157512,19733.0
大阪府,医療,合計,2021-05-28,合計,418547,47959.0
大阪府,医療,合計,2021-06-04,1回目,294234,33199.0
大阪府,医療,合計,2021-06-04,2回目,196131,38619.0
大阪府,医療,合計,2021-06-04,合計,490365,71818.0
大阪府,医療,合計,2021-06-11,1回目,321849,27615.0
大阪府,医療,合計,2021-06-11,2回目,224605,28474.0
大阪府,医療,合計,2021-06-11,合計,546454,56089.0
大阪府,医療,合計,2021-06-18,1回目,342279,20430.0
大阪府,医療,合計,2021-06-18,2回目,249446,24841.0
大阪府,医療,合計,2021-06-18,合計,591725,45271.0
大阪府,医療,合計,2021-06-25,1回目,360286,18007.0
大阪府,医療,合計,2021-06-25,2回目,281776,32330.0
大阪府,医療,合計,2021-06-25,合計,642062,50337.0
大阪府,医療,合計,2021-07-02,1回目,374362,14076.0
大阪府,医療,合計,2021-07-02,2回目,306557,24781.0
大阪府,医療,合計,2021-07-02,合計,680919,38857.0
大阪府,医療,合計,2021-07-12,1回目,389647,15285.0
大阪府,医療,合計,2021-07-12,2回目,328859,22302.0
大阪府,医療,合計,2021-07-12,合計,718506,37587.0
大阪府,医療,合計,2021-07-19,1回目,402721,13074.0
大阪府,医療,合計,2021-07-19,2回目,347272,18413.0
大阪府,医療,合計,2021-07-19,合計,749993,31487.0
大阪府,医療,合計,2021-07-26,1回目,408707,5986.0
大阪府,医療,合計,2021-07-26,2回目,357065,9793.0
大阪府,医療,合計,2021-07-26,合計,765772,15779.0
大阪府,医療,合計,2021-07-30,1回目,419978,11271.0
大阪府,医療,合計,2021-07-30,2回目,368871,11806.0
大阪府,医療,合計,2021-07-30,合計,788849,23077.0
兵庫県,医療,合計,2021-04-16,1回目,51262,51262.0
兵庫県,医療,合計,2021-04-16,2回目,24378,24378.0
兵庫県,医療,合計,2021-04-16,合計,75640,75640.0
兵庫県,医療,合計,2021-04-23,1回目,67822,16560.0
兵庫県,医療,合計,2021-04-23,2回目,30084,5706.0
兵庫県,医療,合計,2021-04-23,合計,97906,22266.0
兵庫県,医療,合計,2021-04-30,1回目,85999,18177.0
兵庫県,医療,合計,2021-04-30,2回目,35570,5486.0
兵庫県,医療,合計,2021-04-30,合計,121569,23663.0
兵庫県,医療,合計,2021-05-07,1回目,104267,18268.0
兵庫県,医療,合計,2021-05-07,2回目,45689,10119.0
兵庫県,医療,合計,2021-05-07,合計,149956,28387.0
兵庫県,医療,合計,2021-05-21,1回目,149314,45047.0
兵庫県,医療,合計,2021-05-21,2回目,83783,38094.0
兵庫県,医療,合計,2021-05-21,合計,233097,83141.0
兵庫県,医療,合計,2021-05-28,1回目,164233,14919.0
兵庫県,医療,合計,2021-05-28,2回目,99299,15516.0
兵庫県,医療,合計,2021-05-28,合計,263532,30435.0
兵庫県,医療,合計,2021-06-04,1回目,179969,15736.0
兵庫県,医療,合計,2021-06-04,2回目,118886,19587.0
兵庫県,医療,合計,2021-06-04,合計,298855,35323.0
兵庫県,医療,合計,2021-06-11,1回目,214176,34207.0
兵庫県,医療,合計,2021-06-11,2回目,153619,34733.0
兵庫県,医療,合計,2021-06-11,合計,367795,68940.0
兵庫県,医療,合計,2021-06-18,1回目,223402,9226.0
兵庫県,医療,合計,2021-06-18,2回目,169071,15452.0
兵庫県,医療,合計,2021-06-18,合計,392473,24678.0
兵庫県,医療,合計,2021-06-25,1回目,236228,12826.0
兵庫県,医療,合計,2021-06-25,2回目,191498,22427.0
兵庫県,医療,合計,2021-06-25,合計,427726,35253.0
兵庫県,医療,合計,2021-07-02,1回目,246288,10060.0
兵庫県,医療,合計,2021-07-02,2回目,207469,15971.0
兵庫県,医療,合計,2021-07-02,合計,453757,26031.0
兵庫県,医療,合計,2021-07-12,1回目,256762,10474.0
兵庫県,医療,合計,2021-07-12,2回目,222101,14632.0
兵庫県,医療,合計,2021-07-12,合計,478863,25106.0
兵庫県,医療,合計,2021-07-19,1回目,261788,5026.0
兵庫県,医療,合計,2021-07-19,2回目,229105,7004.0
兵庫県,医療,合計,2021-07-19,合計,490893,12030.0
兵庫県,医療,合計,2021-07-26,1回目,263496,1708.0
兵庫県,医療,合計,2021-07-26,2回目,232857,3752.0
兵庫県,医療,合計,2021-07-26,合計,496353,5460.0
兵庫県,医療,合計,2021-07-30,1回目,265713,2217.0
兵庫県,医療,合計,2021-07-30,2回目,238112,5255.0
兵庫県,医療,合計,2021-07-30,合計,503825,7472.0
奈良県,医療,合計,2021-04-16,1回目,11527,11527.0
奈良県,医療,合計,2021-04-16,2回目,8760,8760.0
奈良県,医療,合計,2021-04-16,合計,20287,20287.0
奈良県,医療,合計,2021-04-23,1回目,17507,5980.0
奈良県,医療,合計,2021-04-23,2回目,9436,676.0
奈良県,医療,合計,2021-04-23,合計,26943,6656.0
奈良県,医療,合計,2021-04-30,1回目,31447,13940.0
奈良県,医療,合計,2021-04-30,2回目,10311,875.0
奈良県,医療,合計,2021-04-30,合計,41758,14815.0
奈良県,医療,合計,2021-05-07,1回目,35925,4478.0
奈良県,医療,合計,2021-05-07,2回目,11187,876.0
奈良県,医療,合計,2021-05-07,合計,47112,5354.0
奈良県,医療,合計,2021-05-21,1回目,48009,12084.0
奈良県,医療,合計,2021-05-21,2回目,28894,17707.0
奈良県,医療,合計,2021-05-21,合計,76903,29791.0
奈良県,医療,合計,2021-05-28,1回目,54540,6531.0
奈良県,医療,合計,2021-05-28,2回目,37641,8747.0
奈良県,医療,合計,2021-05-28,合計,92181,15278.0
奈良県,医療,合計,2021-06-04,1回目,57854,3314.0
奈良県,医療,合計,2021-06-04,2回目,44846,7205.0
奈良県,医療,合計,2021-06-04,合計,102700,10519.0
奈良県,医療,合計,2021-06-11,1回目,61075,3221.0
奈良県,医療,合計,2021-06-11,2回目,51123,6277.0
奈良県,医療,合計,2021-06-11,合計,112198,9498.0
奈良県,医療,合計,2021-06-18,1回目,63850,2775.0
奈良県,医療,合計,2021-06-18,2回目,54127,3004.0
奈良県,医療,合計,2021-06-18,合計,117977,5779.0
奈良県,医療,合計,2021-06-25,1回目,66222,2372.0
奈良県,医療,合計,2021-06-25,2回目,56594,2467.0
奈良県,医療,合計,2021-06-25,合計,122816,4839.0
奈良県,医療,合計,2021-07-02,1回目,68789,2567.0
奈良県,医療,合計,2021-07-02,2回目,60103,3509.0
奈良県,医療,合計,2021-07-02,合計,128892,6076.0
奈良県,医療,合計,2021-07-12,1回目,70554,1765.0
奈良県,医療,合計,2021-07-12,2回目,62766,2663.0
奈良県,医療,合計,2021-07-12,合計,133320,4428.0
奈良県,医療,合計,2021-07-19,1回目,71475,921.0
奈良県,医療,合計,2021-07-19,2回目,64611,1845.0
奈良県,医療,合計,2021-07-19,合計,136086,2766.0
奈良県,医療,合計,2021-07-26,1回目,71807,332.0
奈良県,医療,合計,2021-07-26,2回目,65628,1017.0
奈良県,医療,合計,2021-07-26,合計,137435,1349.0
奈良県,医療,合計,2021-07-30,1回目,71939,132.0
奈良県,医療,合計,2021-07-30,2回目,66188,560.0
奈良県,医療,合計,2021-07-30,合計,138127,692.0
和歌山県,医療,合計,2021-04-16,1回目,11670,11670.0
和歌山県,医療,合計,2021-04-16,2回目,6679,6679.0
和歌山県,医療,合計,2021-04-16,合計,18349,18349.0
和歌山県,医療,合計,2021-04-23,1回目,18367,6697.0
和歌山県,医療,合計,2021-04-23,2回目,8680,2001.0
和歌山県,医療,合計,2021-04-23,合計,27047,8698.0
和歌山県,医療,合計,2021-04-30,1回目,26207,7840.0
和歌山県,医療,合計,2021-04-30,2回目,10796,2116.0
和歌山県,医療,合計,2021-04-30,合計,37003,9956.0
和歌山県,医療,合計,2021-05-07,1回目,28574,2367.0
和歌山県,医療,合計,2021-05-07,2回目,11627,831.0
和歌山県,医療,合計,2021-05-07,合計,40201,3198.0
和歌山県,医療,合計,2021-05-21,1回目,35328,6754.0
和歌山県,医療,合計,2021-05-21,2回目,24681,13054.0
和歌山県,医療,合計,2021-05-21,合計,60009,19808.0
和歌山県,医療,合計,2021-05-28,1回目,39834,4506.0
和歌山県,医療,合計,2021-05-28,2回目,28222,3541.0
和歌山県,医療,合計,2021-05-28,合計,68056,8047.0
和歌山県,医療,合計,2021-06-04,1回目,42635,2801.0
和歌山県,医療,合計,2021-06-04,2回目,31378,3156.0
和歌山県,医療,合計,2021-06-04,合計,74013,5957.0
和歌山県,医療,合計,2021-06-11,1回目,44860,2225.0
和歌山県,医療,合計,2021-06-11,2回目,34333,2955.0
和歌山県,医療,合計,2021-06-11,合計,79193,5180.0
和歌山県,医療,合計,2021-06-18,1回目,46504,1644.0
和歌山県,医療,合計,2021-06-18,2回目,38365,4032.0
和歌山県,医療,合計,2021-06-18,合計,84869,5676.0
和歌山県,医療,合計,2021-06-25,1回目,48116,1612.0
和歌山県,医療,合計,2021-06-25,2回目,40589,2224.0
和歌山県,医療,合計,2021-06-25,合計,88705,3836.0
和歌山県,医療,合計,2021-07-02,1回目,50461,2345.0
和歌山県,医療,合計,2021-07-02,2回目,42746,2157.0
和歌山県,医療,合計,2021-07-02,合計,93207,4502.0
和歌山県,医療,合計,2021-07-12,1回目,52297,1836.0
和歌山県,医療,合計,2021-07-12,2回目,44829,2083.0
和歌山県,医療,合計,2021-07-12,合計,97126,3919.0
和歌山県,医療,合計,2021-07-19,1回目,53230,933.0
和歌山県,医療,合計,2021-07-19,2回目,46488,1659.0
和歌山県,医療,合計,2021-07-19,合計,99718,2592.0
和歌山県,医療,合計,2021-07-26,1回目,53614,384.0
和歌山県,医療,合計,2021-07-26,2回目,47385,897.0
和歌山県,医療,合計,2021-07-26,合計,100999,1281.0
和歌山県,医療,合計,2021-07-30,1回目,53764,150.0
和歌山県,医療,合計,2021-07-30,2回目,48225,840.0
和歌山県,医療,合計,2021-07-30,合計,101989,990.0
鳥取県,医療,合計,2021-04-16,1回目,7429,7429.0
鳥取県,医療,合計,2021-04-16,2回目,6249,6249.0
鳥取県,医療,合計,2021-04-16,合計,13678,13678.0
鳥取県,医療,合計,2021-04-23,1回目,11523,4094.0
鳥取県,医療,合計,2021-04-23,2回目,6638,389.0
鳥取県,医療,合計,2021-04-23,合計,18161,4483.0
鳥取県,医療,合計,2021-04-30,1回目,17517,5994.0
鳥取県,医療,合計,2021-04-30,2回目,7015,377.0
鳥取県,医療,合計,2021-04-30,合計,24532,6371.0
鳥取県,医療,合計,2021-05-07,1回目,17980,463.0
鳥取県,医療,合計,2021-05-07,2回目,7057,42.0
鳥取県,医療,合計,2021-05-07,合計,25037,505.0
鳥取県,医療,合計,2021-05-21,1回目,19495,1515.0
鳥取県,医療,合計,2021-05-21,2回目,14465,7408.0
鳥取県,医療,合計,2021-05-21,合計,33960,8923.0
鳥取県,医療,合計,2021-05-28,1回目,20393,898.0
鳥取県,医療,合計,2021-05-28,2回目,15485,1020.0
鳥取県,医療,合計,2021-05-28,合計,35878,1918.0
鳥取県,医療,合計,2021-06-04,1回目,26504,6111.0
鳥取県,医療,合計,2021-06-04,2回目,19978,4493.0
鳥取県,医療,合計,2021-06-04,合計,46482,10604.0
鳥取県,医療,合計,2021-06-11,1回目,28076,1572.0
鳥取県,医療,合計,2021-06-11,2回目,21203,1225.0
鳥取県,医療,合計,2021-06-11,合計,49279,2797.0
鳥取県,医療,合計,2021-06-18,1回目,29236,1160.0
鳥取県,医療,合計,2021-06-18,2回目,21848,645.0
鳥取県,医療,合計,2021-06-18,合計,51084,1805.0
鳥取県,医療,合計,2021-06-25,1回目,30786,1550.0
鳥取県,医療,合計,2021-06-25,2回目,25080,3232.0
鳥取県,医療,合計,2021-06-25,合計,55866,4782.0
鳥取県,医療,合計,2021-07-02,1回目,31569,783.0
鳥取県,医療,合計,2021-07-02,2回目,28054,2974.0
鳥取県,医療,合計,2021-07-02,合計,59623,3757.0
鳥取県,医療,合計,2021-07-12,1回目,32385,816.0
鳥取県,医療,合計,2021-07-12,2回目,29106,1052.0
鳥取県,医療,合計,2021-07-12,合計,61491,1868.0
鳥取県,医療,合計,2021-07-19,1回目,33094,709.0
鳥取県,医療,合計,2021-07-19,2回目,29912,806.0
鳥取県,医療,合計,2021-07-19,合計,63006,1515.0
鳥取県,医療,合計,2021-07-26,1回目,33443,349.0
鳥取県,医療,合計,2021-07-26,2回目,30375,463.0
鳥取県,医療,合計,2021-07-26,合計,63818,812.0
鳥取県,医療,合計,2021-07-30,1回目,33734,291.0
鳥取県,医療,合計,2021-07-30,2回目,31073,698.0
鳥取県,医療,合計,2021-07-30,合計,64807,989.0
島根県,医療,合計,2021-04-16,1回目,7602,7602.0
島根県,医療,合計,2021-04-16,2回目,4969,4969.0
島根県,医療,合計,2021-04-16,合計,12571,12571.0
島根県,医療,合計,2021-04-23,1回目,12180,4578.0
島根県,医療,合計,2021-04-23,2回目,5996,1027.0
島根県,医療,合計,2021-04-23,合計,18176,5605.0
島根県,医療,合計,2021-04-30,1回目,17773,5593.0
島根県,医療,合計,2021-04-30,2回目,7033,1037.0
島根県,医療,合計,2021-04-30,合計,24806,6630.0
島根県,医療,合計,2021-05-07,1回目,20664,2891.0
島根県,医療,合計,2021-05-07,2回目,7340,307.0
島根県,医療,合計,2021-05-07,合計,28004,3198.0
島根県,医療,合計,2021-05-21,1回目,27862,7198.0
島根県,医療,合計,2021-05-21,2回目,17507,10167.0
島根県,医療,合計,2021-05-21,合計,45369,17365.0
島根県,医療,合計,2021-05-28,1回目,31669,3807.0
島根県,医療,合計,2021-05-28,2回目,19299,1792.0
島根県,医療,合計,2021-05-28,合計,50968,5599.0
島根県,医療,合計,2021-06-04,1回目,34789,3120.0
島根県,医療,合計,2021-06-04,2回目,22272,2973.0
島根県,医療,合計,2021-06-04,合計,57061,6093.0
島根県,医療,合計,2021-06-11,1回目,35857,1068.0
島根県,医療,合計,2021-06-11,2回目,25050,2778.0
島根県,医療,合計,2021-06-11,合計,60907,3846.0
島根県,医療,合計,2021-06-18,1回目,36921,1064.0
島根県,医療,合計,2021-06-18,2回目,29235,4185.0
島根県,医療,合計,2021-06-18,合計,66156,5249.0
島根県,医療,合計,2021-06-25,1回目,37736,815.0
島根県,医療,合計,2021-06-25,2回目,31376,2141.0
島根県,医療,合計,2021-06-25,合計,69112,2956.0
島根県,医療,合計,2021-07-02,1回目,38480,744.0
島根県,医療,合計,2021-07-02,2回目,32426,1050.0
島根県,医療,合計,2021-07-02,合計,70906,1794.0
島根県,医療,合計,2021-07-12,1回目,39181,701.0
島根県,医療,合計,2021-07-12,2回目,33191,765.0
島根県,医療,合計,2021-07-12,合計,72372,1466.0
島根県,医療,合計,2021-07-19,1回目,40092,911.0
島根県,医療,合計,2021-07-19,2回目,33819,628.0
島根県,医療,合計,2021-07-19,合計,73911,1539.0
島根県,医療,合計,2021-07-26,1回目,40380,288.0
島根県,医療,合計,2021-07-26,2回目,34445,626.0
島根県,医療,合計,2021-07-26,合計,74825,914.0
島根県,医療,合計,2021-07-30,1回目,40916,536.0
島根県,医療,合計,2021-07-30,2回目,35051,606.0
島根県,医療,合計,2021-07-30,合計,75967,1142.0
岡山県,医療,合計,2021-04-16,1回目,19447,19447.0
岡山県,医療,合計,2021-04-16,2回目,12708,12708.0
岡山県,医療,合計,2021-04-16,合計,32155,32155.0
岡山県,医療,合計,2021-04-23,1回目,30699,11252.0
岡山県,医療,合計,2021-04-23,2回目,13933,1225.0
岡山県,医療,合計,2021-04-23,合計,44632,12477.0
岡山県,医療,合計,2021-04-30,1回目,46026,15327.0
岡山県,医療,合計,2021-04-30,2回目,16655,2722.0
岡山県,医療,合計,2021-04-30,合計,62681,18049.0
岡山県,医療,合計,2021-05-07,1回目,51696,5670.0
岡山県,医療,合計,2021-05-07,2回目,17297,642.0
岡山県,医療,合計,2021-05-07,合計,68993,6312.0
岡山県,医療,合計,2021-05-21,1回目,72730,21034.0
岡山県,医療,合計,2021-05-21,2回目,41319,24022.0
岡山県,医療,合計,2021-05-21,合計,114049,45056.0
岡山県,医療,合計,2021-05-28,1回目,84431,11701.0
岡山県,医療,合計,2021-05-28,2回目,47390,6071.0
岡山県,医療,合計,2021-05-28,合計,131821,17772.0
岡山県,医療,合計,2021-06-04,1回目,92469,8038.0
岡山県,医療,合計,2021-06-04,2回目,62633,15243.0
岡山県,医療,合計,2021-06-04,合計,155102,23281.0
岡山県,医療,合計,2021-06-11,1回目,101209,8740.0
岡山県,医療,合計,2021-06-11,2回目,72277,9644.0
岡山県,医療,合計,2021-06-11,合計,173486,18384.0
岡山県,医療,合計,2021-06-18,1回目,105731,4522.0
岡山県,医療,合計,2021-06-18,2回目,82380,10103.0
岡山県,医療,合計,2021-06-18,合計,188111,14625.0
岡山県,医療,合計,2021-06-25,1回目,113583,7852.0
岡山県,医療,合計,2021-06-25,2回目,89629,7249.0
岡山県,医療,合計,2021-06-25,合計,203212,15101.0
岡山県,医療,合計,2021-07-02,1回目,119242,5659.0
岡山県,医療,合計,2021-07-02,2回目,95941,6312.0
岡山県,医療,合計,2021-07-02,合計,215183,11971.0
岡山県,医療,合計,2021-07-12,1回目,128064,8822.0
岡山県,医療,合計,2021-07-12,2回目,99767,3826.0
岡山県,医療,合計,2021-07-12,合計,227831,12648.0
岡山県,医療,合計,2021-07-19,1回目,131852,3788.0
岡山県,医療,合計,2021-07-19,2回目,104931,5164.0
岡山県,医療,合計,2021-07-19,合計,236783,8952.0
岡山県,医療,合計,2021-07-26,1回目,132677,825.0
岡山県,医療,合計,2021-07-26,2回目,109349,4418.0
岡山県,医療,合計,2021-07-26,合計,242026,5243.0
岡山県,医療,合計,2021-07-30,1回目,132914,237.0
岡山県,医療,合計,2021-07-30,2回目,112545,3196.0
岡山県,医療,合計,2021-07-30,合計,245459,3433.0
広島県,医療,合計,2021-04-16,1回目,29083,29083.0
広島県,医療,合計,2021-04-16,2回目,18390,18390.0
広島県,医療,合計,2021-04-16,合計,47473,47473.0
広島県,医療,合計,2021-04-23,1回目,46109,17026.0
広島県,医療,合計,2021-04-23,2回目,21223,2833.0
広島県,医療,合計,2021-04-23,合計,67332,19859.0
広島県,医療,合計,2021-04-30,1回目,69739,23630.0
広島県,医療,合計,2021-04-30,2回目,25089,3866.0
広島県,医療,合計,2021-04-30,合計,94828,27496.0
広島県,医療,合計,2021-05-07,1回目,76197,6458.0
広島県,医療,合計,2021-05-07,2回目,27099,2010.0
広島県,医療,合計,2021-05-07,合計,103296,8468.0
広島県,医療,合計,2021-05-21,1回目,99244,23047.0
広島県,医療,合計,2021-05-21,2回目,65536,38437.0
広島県,医療,合計,2021-05-21,合計,164780,61484.0
広島県,医療,合計,2021-05-28,1回目,110281,11037.0
広島県,医療,合計,2021-05-28,2回目,74091,8555.0
広島県,医療,合計,2021-05-28,合計,184372,19592.0
広島県,医療,合計,2021-06-04,1回目,119343,9062.0
広島県,医療,合計,2021-06-04,2回目,84724,10633.0
広島県,医療,合計,2021-06-04,合計,204067,19695.0
広島県,医療,合計,2021-06-11,1回目,125863,6520.0
広島県,医療,合計,2021-06-11,2回目,93741,9017.0
広島県,医療,合計,2021-06-11,合計,219604,15537.0
広島県,医療,合計,2021-06-18,1回目,134869,9006.0
広島県,医療,合計,2021-06-18,2回目,105611,11870.0
広島県,医療,合計,2021-06-18,合計,240480,20876.0
広島県,医療,合計,2021-06-25,1回目,142529,7660.0
広島県,医療,合計,2021-06-25,2回目,112862,7251.0
広島県,医療,合計,2021-06-25,合計,255391,14911.0
広島県,医療,合計,2021-07-02,1回目,148042,5513.0
広島県,医療,合計,2021-07-02,2回目,120630,7768.0
広島県,医療,合計,2021-07-02,合計,268672,13281.0
広島県,医療,合計,2021-07-12,1回目,148368,326.0
広島県,医療,合計,2021-07-12,2回目,128208,7578.0
広島県,医療,合計,2021-07-12,合計,276576,7904.0
広島県,医療,合計,2021-07-19,1回目,154792,6424.0
広島県,医療,合計,2021-07-19,2回目,133915,5707.0
広島県,医療,合計,2021-07-19,合計,288707,12131.0
広島県,医療,合計,2021-07-26,1回目,156214,1422.0
広島県,医療,合計,2021-07-26,2回目,136702,2787.0
広島県,医療,合計,2021-07-26,合計,292916,4209.0
広島県,医療,合計,2021-07-30,1回目,166219,10005.0
広島県,医療,合計,2021-07-30,2回目,150896,14194.0
広島県,医療,合計,2021-07-30,合計,317115,24199.0
山口県,医療,合計,2021-04-16,1回目,20539,20539.0
山口県,医療,合計,2021-04-16,2回目,15188,15188.0
山口県,医療,合計,2021-04-16,合計,35727,35727.0
山口県,医療,合計,2021-04-23,1回目,25814,5275.0
山口県,医療,合計,2021-04-23,2回目,16832,1644.0
山口県,医療,合計,2021-04-23,合計,42646,6919.0
山口県,医療,合計,2021-04-30,1回目,42490,16676.0
山口県,医療,合計,2021-04-30,2回目,18766,1934.0
山口県,医療,合計,2021-04-30,合計,61256,18610.0
山口県,医療,合計,2021-05-07,1回目,45438,2948.0
山口県,医療,合計,2021-05-07,2回目,20090,1324.0
山口県,医療,合計,2021-05-07,合計,65528,4272.0
山口県,医療,合計,2021-05-21,1回目,59625,14187.0
山口県,医療,合計,2021-05-21,2回目,38650,18560.0
山口県,医療,合計,2021-05-21,合計,98275,32747.0
山口県,医療,合計,2021-05-28,1回目,66468,6843.0
山口県,医療,合計,2021-05-28,2回目,49659,11009.0
山口県,医療,合計,2021-05-28,合計,116127,17852.0
山口県,医療,合計,2021-06-04,1回目,70745,4277.0
山口県,医療,合計,2021-06-04,2回目,54319,4660.0
山口県,医療,合計,2021-06-04,合計,125064,8937.0
山口県,医療,合計,2021-06-11,1回目,75115,4370.0
山口県,医療,合計,2021-06-11,2回目,59588,5269.0
山口県,医療,合計,2021-06-11,合計,134703,9639.0
山口県,医療,合計,2021-06-18,1回目,79042,3927.0
山口県,医療,合計,2021-06-18,2回目,65012,5424.0
山口県,医療,合計,2021-06-18,合計,144054,9351.0
山口県,医療,合計,2021-06-25,1回目,82396,3354.0
山口県,医療,合計,2021-06-25,2回目,68656,3644.0
山口県,医療,合計,2021-06-25,合計,151052,6998.0
山口県,医療,合計,2021-07-02,1回目,85906,3510.0
山口県,医療,合計,2021-07-02,2回目,72029,3373.0
山口県,医療,合計,2021-07-02,合計,157935,6883.0
山口県,医療,合計,2021-07-12,1回目,91283,5377.0
山口県,医療,合計,2021-07-12,2回目,76143,4114.0
山口県,医療,合計,2021-07-12,合計,167426,9491.0
山口県,医療,合計,2021-07-19,1回目,98012,6729.0
山口県,医療,合計,2021-07-19,2回目,78635,2492.0
山口県,医療,合計,2021-07-19,合計,176647,9221.0
山口県,医療,合計,2021-07-26,1回目,99832,1820.0
山口県,医療,合計,2021-07-26,2回目,79923,1288.0
山口県,医療,合計,2021-07-26,合計,179755,3108.0
山口県,医療,合計,2021-07-30,1回目,101685,1853.0
山口県,医療,合計,2021-07-30,2回目,83946,4023.0
山口県,医療,合計,2021-07-30,合計,185631,5876.0
徳島県,医療,合計,2021-04-16,1回目,9715,9715.0
徳島県,医療,合計,2021-04-16,2回目,7173,7173.0
徳島県,医療,合計,2021-04-16,合計,16888,16888.0
徳島県,医療,合計,2021-04-23,1回目,17125,7410.0
徳島県,医療,合計,2021-04-23,2回目,7888,715.0
徳島県,医療,合計,2021-04-23,合計,25013,8125.0
徳島県,医療,合計,2021-04-30,1回目,26533,9408.0
徳島県,医療,合計,2021-04-30,2回目,8857,969.0
徳島県,医療,合計,2021-04-30,合計,35390,10377.0
徳島県,医療,合計,2021-05-07,1回目,29576,3043.0
徳島県,医療,合計,2021-05-07,2回目,9441,584.0
徳島県,医療,合計,2021-05-07,合計,39017,3627.0
徳島県,医療,合計,2021-05-21,1回目,37554,7978.0
徳島県,医療,合計,2021-05-21,2回目,25541,16100.0
徳島県,医療,合計,2021-05-21,合計,63095,24078.0
徳島県,医療,合計,2021-05-28,1回目,39894,2340.0
徳島県,医療,合計,2021-05-28,2回目,29269,3728.0
徳島県,医療,合計,2021-05-28,合計,69163,6068.0
徳島県,医療,合計,2021-06-04,1回目,42656,2762.0
徳島県,医療,合計,2021-06-04,2回目,31830,2561.0
徳島県,医療,合計,2021-06-04,合計,74486,5323.0
徳島県,医療,合計,2021-06-11,1回目,45726,3070.0
徳島県,医療,合計,2021-06-11,2回目,36942,5112.0
徳島県,医療,合計,2021-06-11,合計,82668,8182.0
徳島県,医療,合計,2021-06-18,1回目,47228,1502.0
徳島県,医療,合計,2021-06-18,2回目,39440,2498.0
徳島県,医療,合計,2021-06-18,合計,86668,4000.0
徳島県,医療,合計,2021-06-25,1回目,47824,596.0
徳島県,医療,合計,2021-06-25,2回目,41408,1968.0
徳島県,医療,合計,2021-06-25,合計,89232,2564.0
徳島県,医療,合計,2021-07-02,1回目,49592,1768.0
徳島県,医療,合計,2021-07-02,2回目,44332,2924.0
徳島県,医療,合計,2021-07-02,合計,93924,4692.0
徳島県,医療,合計,2021-07-12,1回目,50341,749.0
徳島県,医療,合計,2021-07-12,2回目,45136,804.0
徳島県,医療,合計,2021-07-12,合計,95477,1553.0
徳島県,医療,合計,2021-07-19,1回目,50925,584.0
徳島県,医療,合計,2021-07-19,2回目,45788,652.0
徳島県,医療,合計,2021-07-19,合計,96713,1236.0
徳島県,医療,合計,2021-07-26,1回目,51217,292.0
徳島県,医療,合計,2021-07-26,2回目,46263,475.0
徳島県,医療,合計,2021-07-26,合計,97480,767.0
徳島県,医療,合計,2021-07-30,1回目,51317,100.0
徳島県,医療,合計,2021-07-30,2回目,46926,663.0
徳島県,医療,合計,2021-07-30,合計,98243,763.0
香川県,医療,合計,2021-04-16,1回目,13091,13091.0
香川県,医療,合計,2021-04-16,2回目,6338,6338.0
香川県,医療,合計,2021-04-16,合計,19429,19429.0
香川県,医療,合計,2021-04-23,1回目,17431,4340.0
香川県,医療,合計,2021-04-23,2回目,8075,1737.0
香川県,医療,合計,2021-04-23,合計,25506,6077.0
香川県,医療,合計,2021-04-30,1回目,23436,6005.0
香川県,医療,合計,2021-04-30,2回目,10786,2711.0
香川県,医療,合計,2021-04-30,合計,34222,8716.0
香川県,医療,合計,2021-05-07,1回目,26037,2601.0
香川県,医療,合計,2021-05-07,2回目,12617,1831.0
香川県,医療,合計,2021-05-07,合計,38654,4432.0
香川県,医療,合計,2021-05-21,1回目,33520,7483.0
香川県,医療,合計,2021-05-21,2回目,22839,10222.0
香川県,医療,合計,2021-05-21,合計,56359,17705.0
香川県,医療,合計,2021-05-28,1回目,39215,5695.0
香川県,医療,合計,2021-05-28,2回目,26812,3973.0
香川県,医療,合計,2021-05-28,合計,66027,9668.0
香川県,医療,合計,2021-06-04,1回目,41435,2220.0
香川県,医療,合計,2021-06-04,2回目,30111,3299.0
香川県,医療,合計,2021-06-04,合計,71546,5519.0
香川県,医療,合計,2021-06-11,1回目,43903,2468.0
香川県,医療,合計,2021-06-11,2回目,33742,3631.0
香川県,医療,合計,2021-06-11,合計,77645,6099.0
香川県,医療,合計,2021-06-18,1回目,46638,2735.0
香川県,医療,合計,2021-06-18,2回目,38069,4327.0
香川県,医療,合計,2021-06-18,合計,84707,7062.0
香川県,医療,合計,2021-06-25,1回目,48383,1745.0
香川県,医療,合計,2021-06-25,2回目,40269,2200.0
香川県,医療,合計,2021-06-25,合計,88652,3945.0
香川県,医療,合計,2021-07-02,1回目,50594,2211.0
香川県,医療,合計,2021-07-02,2回目,42750,2481.0
香川県,医療,合計,2021-07-02,合計,93344,4692.0
香川県,医療,合計,2021-07-12,1回目,52316,1722.0
香川県,医療,合計,2021-07-12,2回目,45136,2386.0
香川県,医療,合計,2021-07-12,合計,97452,4108.0
香川県,医療,合計,2021-07-19,1回目,53526,1210.0
香川県,医療,合計,2021-07-19,2回目,47455,2319.0
香川県,医療,合計,2021-07-19,合計,100981,3529.0
香川県,医療,合計,2021-07-26,1回目,54342,816.0
香川県,医療,合計,2021-07-26,2回目,48947,1492.0
香川県,医療,合計,2021-07-26,合計,103289,2308.0
香川県,医療,合計,2021-07-30,1回目,54695,353.0
香川県,医療,合計,2021-07-30,2回目,50142,1195.0
香川県,医療,合計,2021-07-30,合計,104837,1548.0
愛媛県,医療,合計,2021-04-16,1回目,14468,14468.0
愛媛県,医療,合計,2021-04-16,2回目,9762,9762.0
愛媛県,医療,合計,2021-04-16,合計,24230,24230.0
愛媛県,医療,合計,2021-04-23,1回目,24625,10157.0
愛媛県,医療,合計,2021-04-23,2回目,11510,1748.0
愛媛県,医療,合計,2021-04-23,合計,36135,11905.0
愛媛県,医療,合計,2021-04-30,1回目,40769,16144.0
愛媛県,医療,合計,2021-04-30,2回目,13506,1996.0
愛媛県,医療,合計,2021-04-30,合計,54275,18140.0
愛媛県,医療,合計,2021-05-07,1回目,45291,4522.0
愛媛県,医療,合計,2021-05-07,2回目,14975,1469.0
愛媛県,医療,合計,2021-05-07,合計,60266,5991.0
愛媛県,医療,合計,2021-05-21,1回目,55591,10300.0
愛媛県,医療,合計,2021-05-21,2回目,41230,26255.0
愛媛県,医療,合計,2021-05-21,合計,96821,36555.0
愛媛県,医療,合計,2021-05-28,1回目,62309,6718.0
愛媛県,医療,合計,2021-05-28,2回目,46522,5292.0
愛媛県,医療,合計,2021-05-28,合計,108831,12010.0
愛媛県,医療,合計,2021-06-04,1回目,65718,3409.0
愛媛県,医療,合計,2021-06-04,2回目,50150,3628.0
愛媛県,医療,合計,2021-06-04,合計,115868,7037.0
愛媛県,医療,合計,2021-06-11,1回目,70247,4529.0
愛媛県,医療,合計,2021-06-11,2回目,54892,4742.0
愛媛県,医療,合計,2021-06-11,合計,125139,9271.0
愛媛県,医療,合計,2021-06-18,1回目,73823,3576.0
愛媛県,医療,合計,2021-06-18,2回目,61539,6647.0
愛媛県,医療,合計,2021-06-18,合計,135362,10223.0
愛媛県,医療,合計,2021-06-25,1回目,76706,2883.0
愛媛県,医療,合計,2021-06-25,2回目,64057,2518.0
愛媛県,医療,合計,2021-06-25,合計,140763,5401.0
愛媛県,医療,合計,2021-07-02,1回目,78956,2250.0
愛媛県,医療,合計,2021-07-02,2回目,67860,3803.0
愛媛県,医療,合計,2021-07-02,合計,146816,6053.0
愛媛県,医療,合計,2021-07-12,1回目,79878,922.0
愛媛県,医療,合計,2021-07-12,2回目,71620,3760.0
愛媛県,医療,合計,2021-07-12,合計,151498,4682.0
愛媛県,医療,合計,2021-07-19,1回目,80669,791.0
愛媛県,医療,合計,2021-07-19,2回目,74272,2652.0
愛媛県,医療,合計,2021-07-19,合計,154941,3443.0
愛媛県,医療,合計,2021-07-26,1回目,81438,769.0
愛媛県,医療,合計,2021-07-26,2回目,75800,1528.0
愛媛県,医療,合計,2021-07-26,合計,157238,2297.0
愛媛県,医療,合計,2021-07-30,1回目,81880,442.0
愛媛県,医療,合計,2021-07-30,2回目,76925,1125.0
愛媛県,医療,合計,2021-07-30,合計,158805,1567.0
高知県,医療,合計,2021-04-16,1回目,12400,12400.0
高知県,医療,合計,2021-04-16,2回目,6842,6842.0
高知県,医療,合計,2021-04-16,合計,19242,19242.0
高知県,医療,合計,2021-04-23,1回目,16818,4418.0
高知県,医療,合計,2021-04-23,2回目,9709,2867.0
高知県,医療,合計,2021-04-23,合計,26527,7285.0
高知県,医療,合計,2021-04-30,1回目,22888,6070.0
高知県,医療,合計,2021-04-30,2回目,11714,2005.0
高知県,医療,合計,2021-04-30,合計,34602,8075.0
高知県,医療,合計,2021-05-07,1回目,24006,1118.0
高知県,医療,合計,2021-05-07,2回目,13109,1395.0
高知県,医療,合計,2021-05-07,合計,37115,2513.0
高知県,医療,合計,2021-05-21,1回目,30463,6457.0
高知県,医療,合計,2021-05-21,2回目,22324,9215.0
高知県,医療,合計,2021-05-21,合計,52787,15672.0
高知県,医療,合計,2021-05-28,1回目,33314,2851.0
高知県,医療,合計,2021-05-28,2回目,25695,3371.0
高知県,医療,合計,2021-05-28,合計,59009,6222.0
高知県,医療,合計,2021-06-04,1回目,35218,1904.0
高知県,医療,合計,2021-06-04,2回目,28491,2796.0
高知県,医療,合計,2021-06-04,合計,63709,4700.0
高知県,医療,合計,2021-06-11,1回目,36208,990.0
高知県,医療,合計,2021-06-11,2回目,30337,1846.0
高知県,医療,合計,2021-06-11,合計,66545,2836.0
高知県,医療,合計,2021-06-18,1回目,37803,1595.0
高知県,医療,合計,2021-06-18,2回目,32402,2065.0
高知県,医療,合計,2021-06-18,合計,70205,3660.0
高知県,医療,合計,2021-06-25,1回目,39972,2169.0
高知県,医療,合計,2021-06-25,2回目,34885,2483.0
高知県,医療,合計,2021-06-25,合計,74857,4652.0
高知県,医療,合計,2021-07-02,1回目,42205,2233.0
高知県,医療,合計,2021-07-02,2回目,36649,1764.0
高知県,医療,合計,2021-07-02,合計,78854,3997.0
高知県,医療,合計,2021-07-12,1回目,42903,698.0
高知県,医療,合計,2021-07-12,2回目,38412,1763.0
高知県,医療,合計,2021-07-12,合計,81315,2461.0
高知県,医療,合計,2021-07-19,1回目,43529,626.0
高知県,医療,合計,2021-07-19,2回目,40133,1721.0
高知県,医療,合計,2021-07-19,合計,83662,2347.0
高知県,医療,合計,2021-07-26,1回目,43793,264.0
高知県,医療,合計,2021-07-26,2回目,41518,1385.0
高知県,医療,合計,2021-07-26,合計,85311,1649.0
高知県,医療,合計,2021-07-30,1回目,44293,500.0
高知県,医療,合計,2021-07-30,2回目,41787,269.0
高知県,医療,合計,2021-07-30,合計,86080,769.0
福岡県,医療,合計,2021-04-16,1回目,49874,49874.0
福岡県,医療,合計,2021-04-16,2回目,31150,31150.0
福岡県,医療,合計,2021-04-16,合計,81024,81024.0
福岡県,医療,合計,2021-04-23,1回目,65686,15812.0
福岡県,医療,合計,2021-04-23,2回目,43738,12588.0
福岡県,医療,合計,2021-04-23,合計,109424,28400.0
福岡県,医療,合計,2021-04-30,1回目,96417,30731.0
福岡県,医療,合計,2021-04-30,2回目,49501,5763.0
福岡県,医療,合計,2021-04-30,合計,145918,36494.0
福岡県,医療,合計,2021-05-07,1回目,109771,13354.0
福岡県,医療,合計,2021-05-07,2回目,52865,3364.0
福岡県,医療,合計,2021-05-07,合計,162636,16718.0
福岡県,医療,合計,2021-05-21,1回目,165794,56023.0
福岡県,医療,合計,2021-05-21,2回目,90688,37823.0
福岡県,医療,合計,2021-05-21,合計,256482,93846.0
福岡県,医療,合計,2021-05-28,1回目,204875,39081.0
福岡県,医療,合計,2021-05-28,2回目,111621,20933.0
福岡県,医療,合計,2021-05-28,合計,316496,60014.0
福岡県,医療,合計,2021-06-04,1回目,225874,20999.0
福岡県,医療,合計,2021-06-04,2回目,139322,27701.0
福岡県,医療,合計,2021-06-04,合計,365196,48700.0
福岡県,医療,合計,2021-06-11,1回目,236175,10301.0
福岡県,医療,合計,2021-06-11,2回目,166396,27074.0
福岡県,医療,合計,2021-06-11,合計,402571,37375.0
福岡県,医療,合計,2021-06-18,1回目,242630,6455.0
福岡県,医療,合計,2021-06-18,2回目,192370,25974.0
福岡県,医療,合計,2021-06-18,合計,435000,32429.0
福岡県,医療,合計,2021-06-25,1回目,250988,8358.0
福岡県,医療,合計,2021-06-25,2回目,206332,13962.0
福岡県,医療,合計,2021-06-25,合計,457320,22320.0
福岡県,医療,合計,2021-07-02,1回目,255725,4737.0
福岡県,医療,合計,2021-07-02,2回目,213942,7610.0
福岡県,医療,合計,2021-07-02,合計,469667,12347.0
福岡県,医療,合計,2021-07-12,1回目,261995,6270.0
福岡県,医療,合計,2021-07-12,2回目,227043,13101.0
福岡県,医療,合計,2021-07-12,合計,489038,19371.0
福岡県,医療,合計,2021-07-19,1回目,266090,4095.0
福岡県,医療,合計,2021-07-19,2回目,234266,7223.0
福岡県,医療,合計,2021-07-19,合計,500356,11318.0
福岡県,医療,合計,2021-07-26,1回目,278055,11965.0
福岡県,医療,合計,2021-07-26,2回目,237685,3419.0
福岡県,医療,合計,2021-07-26,合計,515740,15384.0
福岡県,医療,合計,2021-07-30,1回目,284356,6301.0
福岡県,医療,合計,2021-07-30,2回目,240578,2893.0
福岡県,医療,合計,2021-07-30,合計,524934,9194.0
佐賀県,医療,合計,2021-04-16,1回目,14437,14437.0
佐賀県,医療,合計,2021-04-16,2回目,10220,10220.0
佐賀県,医療,合計,2021-04-16,合計,24657,24657.0
佐賀県,医療,合計,2021-04-23,1回目,21354,6917.0
佐賀県,医療,合計,2021-04-23,2回目,10372,152.0
佐賀県,医療,合計,2021-04-23,合計,31726,7069.0
佐賀県,医療,合計,2021-04-30,1回目,30237,8883.0
佐賀県,医療,合計,2021-04-30,2回目,12117,1745.0
佐賀県,医療,合計,2021-04-30,合計,42354,10628.0
佐賀県,医療,合計,2021-05-07,1回目,32839,2602.0
佐賀県,医療,合計,2021-05-07,2回目,13448,1331.0
佐賀県,医療,合計,2021-05-07,合計,46287,3933.0
佐賀県,医療,合計,2021-05-21,1回目,41439,8600.0
佐賀県,医療,合計,2021-05-21,2回目,28810,15362.0
佐賀県,医療,合計,2021-05-21,合計,70249,23962.0
佐賀県,医療,合計,2021-05-28,1回目,46010,4571.0
佐賀県,医療,合計,2021-05-28,2回目,32391,3581.0
佐賀県,医療,合計,2021-05-28,合計,78401,8152.0
佐賀県,医療,合計,2021-06-04,1回目,47762,1752.0
佐賀県,医療,合計,2021-06-04,2回目,35883,3492.0
佐賀県,医療,合計,2021-06-04,合計,83645,5244.0
佐賀県,医療,合計,2021-06-11,1回目,51276,3514.0
佐賀県,医療,合計,2021-06-11,2回目,39523,3640.0
佐賀県,医療,合計,2021-06-11,合計,90799,7154.0
佐賀県,医療,合計,2021-06-18,1回目,52670,1394.0
佐賀県,医療,合計,2021-06-18,2回目,42226,2703.0
佐賀県,医療,合計,2021-06-18,合計,94896,4097.0
佐賀県,医療,合計,2021-06-25,1回目,55429,2759.0
佐賀県,医療,合計,2021-06-25,2回目,47831,5605.0
佐賀県,医療,合計,2021-06-25,合計,103260,8364.0
佐賀県,医療,合計,2021-07-02,1回目,57466,2037.0
佐賀県,医療,合計,2021-07-02,2回目,50617,2786.0
佐賀県,医療,合計,2021-07-02,合計,108083,4823.0
佐賀県,医療,合計,2021-07-12,1回目,58790,1324.0
佐賀県,医療,合計,2021-07-12,2回目,51837,1220.0
佐賀県,医療,合計,2021-07-12,合計,110627,2544.0
佐賀県,医療,合計,2021-07-19,1回目,59666,876.0
佐賀県,医療,合計,2021-07-19,2回目,53099,1262.0
佐賀県,医療,合計,2021-07-19,合計,112765,2138.0
佐賀県,医療,合計,2021-07-26,1回目,60047,381.0
佐賀県,医療,合計,2021-07-26,2回目,54701,1602.0
佐賀県,医療,合計,2021-07-26,合計,114748,1983.0
佐賀県,医療,合計,2021-07-30,1回目,60085,38.0
佐賀県,医療,合計,2021-07-30,2回目,55961,1260.0
佐賀県,医療,合計,2021-07-30,合計,116046,1298.0
長崎県,医療,合計,2021-04-16,1回目,20861,20861.0
長崎県,医療,合計,2021-04-16,2回目,12000,12000.0
長崎県,医療,合計,2021-04-16,合計,32861,32861.0
長崎県,医療,合計,2021-04-23,1回目,28099,7238.0
長崎県,医療,合計,2021-04-23,2回目,15233,3233.0
長崎県,医療,合計,2021-04-23,合計,43332,10471.0
長崎県,医療,合計,2021-04-30,1回目,40013,11914.0
長崎県,医療,合計,2021-04-30,2回目,18983,3750.0
長崎県,医療,合計,2021-04-30,合計,58996,15664.0
長崎県,医療,合計,2021-05-07,1回目,44904,4891.0
長崎県,医療,合計,2021-05-07,2回目,20308,1325.0
長崎県,医療,合計,2021-05-07,合計,65212,6216.0
長崎県,医療,合計,2021-05-21,1回目,57758,12854.0
長崎県,医療,合計,2021-05-21,2回目,38493,18185.0
長崎県,医療,合計,2021-05-21,合計,96251,31039.0
長崎県,医療,合計,2021-05-28,1回目,63593,5835.0
長崎県,医療,合計,2021-05-28,2回目,44549,6056.0
長崎県,医療,合計,2021-05-28,合計,108142,11891.0
長崎県,医療,合計,2021-06-04,1回目,67408,3815.0
長崎県,医療,合計,2021-06-04,2回目,50318,5769.0
長崎県,医療,合計,2021-06-04,合計,117726,9584.0
長崎県,医療,合計,2021-06-11,1回目,68681,1273.0
長崎県,医療,合計,2021-06-11,2回目,55771,5453.0
長崎県,医療,合計,2021-06-11,合計,124452,6726.0
長崎県,医療,合計,2021-06-18,1回目,71646,2965.0
長崎県,医療,合計,2021-06-18,2回目,61829,6058.0
長崎県,医療,合計,2021-06-18,合計,133475,9023.0
長崎県,医療,合計,2021-06-25,1回目,74673,3027.0
長崎県,医療,合計,2021-06-25,2回目,64844,3015.0
長崎県,医療,合計,2021-06-25,合計,139517,6042.0
長崎県,医療,合計,2021-07-02,1回目,75654,981.0
長崎県,医療,合計,2021-07-02,2回目,66143,1299.0
長崎県,医療,合計,2021-07-02,合計,141797,2280.0
長崎県,医療,合計,2021-07-12,1回目,77754,2100.0
長崎県,医療,合計,2021-07-12,2回目,69323,3180.0
長崎県,医療,合計,2021-07-12,合計,147077,5280.0
長崎県,医療,合計,2021-07-19,1回目,78610,856.0
長崎県,医療,合計,2021-07-19,2回目,70036,713.0
長崎県,医療,合計,2021-07-19,合計,148646,1569.0
長崎県,医療,合計,2021-07-26,1回目,78936,326.0
長崎県,医療,合計,2021-07-26,2回目,70479,443.0
長崎県,医療,合計,2021-07-26,合計,149415,769.0
長崎県,医療,合計,2021-07-30,1回目,80004,1068.0
長崎県,医療,合計,2021-07-30,2回目,71175,696.0
長崎県,医療,合計,2021-07-30,合計,151179,1764.0
熊本県,医療,合計,2021-04-16,1回目,27955,27955.0
熊本県,医療,合計,2021-04-16,2回目,17591,17591.0
熊本県,医療,合計,2021-04-16,合計,45546,45546.0
熊本県,医療,合計,2021-04-23,1回目,35782,7827.0
熊本県,医療,合計,2021-04-23,2回目,20554,2963.0
熊本県,医療,合計,2021-04-23,合計,56336,10790.0
熊本県,医療,合計,2021-04-30,1回目,53481,17699.0
熊本県,医療,合計,2021-04-30,2回目,24968,4414.0
熊本県,医療,合計,2021-04-30,合計,78449,22113.0
熊本県,医療,合計,2021-05-07,1回目,60846,7365.0
熊本県,医療,合計,2021-05-07,2回目,26443,1475.0
熊本県,医療,合計,2021-05-07,合計,87289,8840.0
熊本県,医療,合計,2021-05-21,1回目,78330,17484.0
熊本県,医療,合計,2021-05-21,2回目,46437,19994.0
熊本県,医療,合計,2021-05-21,合計,124767,37478.0
熊本県,医療,合計,2021-05-28,1回目,85298,6968.0
熊本県,医療,合計,2021-05-28,2回目,53515,7078.0
熊本県,医療,合計,2021-05-28,合計,138813,14046.0
熊本県,医療,合計,2021-06-04,1回目,88275,2977.0
熊本県,医療,合計,2021-06-04,2回目,63396,9881.0
熊本県,医療,合計,2021-06-04,合計,151671,12858.0
熊本県,医療,合計,2021-06-11,1回目,91307,3032.0
熊本県,医療,合計,2021-06-11,2回目,70811,7415.0
熊本県,医療,合計,2021-06-11,合計,162118,10447.0
熊本県,医療,合計,2021-06-18,1回目,95762,4455.0
熊本県,医療,合計,2021-06-18,2回目,83317,12506.0
熊本県,医療,合計,2021-06-18,合計,179079,16961.0
熊本県,医療,合計,2021-06-25,1回目,110650,14888.0
熊本県,医療,合計,2021-06-25,2回目,100431,17114.0
熊本県,医療,合計,2021-06-25,合計,211081,32002.0
熊本県,医療,合計,2021-07-02,1回目,117825,7175.0
熊本県,医療,合計,2021-07-02,2回目,108089,7658.0
熊本県,医療,合計,2021-07-02,合計,225914,14833.0
熊本県,医療,合計,2021-07-12,1回目,119579,1754.0
熊本県,医療,合計,2021-07-12,2回目,110590,2501.0
熊本県,医療,合計,2021-07-12,合計,230169,4255.0
熊本県,医療,合計,2021-07-19,1回目,120233,654.0
熊本県,医療,合計,2021-07-19,2回目,112047,1457.0
熊本県,医療,合計,2021-07-19,合計,232280,2111.0
熊本県,医療,合計,2021-07-26,1回目,120709,476.0
熊本県,医療,合計,2021-07-26,2回目,112651,604.0
熊本県,医療,合計,2021-07-26,合計,233360,1080.0
熊本県,医療,合計,2021-07-30,1回目,121032,323.0
熊本県,医療,合計,2021-07-30,2回目,113165,514.0
熊本県,医療,合計,2021-07-30,合計,234197,837.0
大分県,医療,合計,2021-04-16,1回目,15035,15035.0
大分県,医療,合計,2021-04-16,2回目,10973,10973.0
大分県,医療,合計,2021-04-16,合計,26008,26008.0
大分県,医療,合計,2021-04-23,1回目,24933,9898.0
大分県,医療,合計,2021-04-23,2回目,11785,812.0
大分県,医療,合計,2021-04-23,合計,36718,10710.0
大分県,医療,合計,2021-04-30,1回目,35436,10503.0
大分県,医療,合計,2021-04-30,2回目,12937,1152.0
大分県,医療,合計,2021-04-30,合計,48373,11655.0
大分県,医療,合計,2021-05-07,1回目,38970,3534.0
大分県,医療,合計,2021-05-07,2回目,13485,548.0
大分県,医療,合計,2021-05-07,合計,52455,4082.0
大分県,医療,合計,2021-05-21,1回目,47980,9010.0
大分県,医療,合計,2021-05-21,2回目,33870,20385.0
大分県,医療,合計,2021-05-21,合計,81850,29395.0
大分県,医療,合計,2021-05-28,1回目,53021,5041.0
大分県,医療,合計,2021-05-28,2回目,39612,5742.0
大分県,医療,合計,2021-05-28,合計,92633,10783.0
大分県,医療,合計,2021-06-04,1回目,56683,3662.0
大分県,医療,合計,2021-06-04,2回目,46583,6971.0
大分県,医療,合計,2021-06-04,合計,103266,10633.0
大分県,医療,合計,2021-06-11,1回目,59779,3096.0
大分県,医療,合計,2021-06-11,2回目,52346,5763.0
大分県,医療,合計,2021-06-11,合計,112125,8859.0
大分県,医療,合計,2021-06-18,1回目,62039,2260.0
大分県,医療,合計,2021-06-18,2回目,55596,3250.0
大分県,医療,合計,2021-06-18,合計,117635,5510.0
大分県,医療,合計,2021-06-25,1回目,64218,2179.0
大分県,医療,合計,2021-06-25,2回目,57379,1783.0
大分県,医療,合計,2021-06-25,合計,121597,3962.0
大分県,医療,合計,2021-07-02,1回目,66202,1984.0
大分県,医療,合計,2021-07-02,2回目,58680,1301.0
大分県,医療,合計,2021-07-02,合計,124882,3285.0
大分県,医療,合計,2021-07-12,1回目,69458,3256.0
大分県,医療,合計,2021-07-12,2回目,60041,1361.0
大分県,医療,合計,2021-07-12,合計,129499,4617.0
大分県,医療,合計,2021-07-19,1回目,71817,2359.0
大分県,医療,合計,2021-07-19,2回目,61741,1700.0
大分県,医療,合計,2021-07-19,合計,133558,4059.0
大分県,医療,合計,2021-07-26,1回目,73151,1334.0
大分県,医療,合計,2021-07-26,2回目,63174,1433.0
大分県,医療,合計,2021-07-26,合計,136325,2767.0
大分県,医療,合計,2021-07-30,1回目,73914,763.0
大分県,医療,合計,2021-07-30,2回目,65211,2037.0
大分県,医療,合計,2021-07-30,合計,139125,2800.0
宮崎県,医療,合計,2021-04-16,1回目,14957,14957.0
宮崎県,医療,合計,2021-04-16,2回目,9506,9506.0
宮崎県,医療,合計,2021-04-16,合計,24463,24463.0
宮崎県,医療,合計,2021-04-23,1回目,21896,6939.0
宮崎県,医療,合計,2021-04-23,2回目,11958,2452.0
宮崎県,医療,合計,2021-04-23,合計,33854,9391.0
宮崎県,医療,合計,2021-04-30,1回目,29929,8033.0
宮崎県,医療,合計,2021-04-30,2回目,13831,1873.0
宮崎県,医療,合計,2021-04-30,合計,43760,9906.0
宮崎県,医療,合計,2021-05-07,1回目,32851,2922.0
宮崎県,医療,合計,2021-05-07,2回目,14388,557.0
宮崎県,医療,合計,2021-05-07,合計,47239,3479.0
宮崎県,医療,合計,2021-05-21,1回目,39725,6874.0
宮崎県,医療,合計,2021-05-21,2回目,28362,13974.0
宮崎県,医療,合計,2021-05-21,合計,68087,20848.0
宮崎県,医療,合計,2021-05-28,1回目,45941,6216.0
宮崎県,医療,合計,2021-05-28,2回目,30917,2555.0
宮崎県,医療,合計,2021-05-28,合計,76858,8771.0
宮崎県,医療,合計,2021-06-04,1回目,48976,3035.0
宮崎県,医療,合計,2021-06-04,2回目,33880,2963.0
宮崎県,医療,合計,2021-06-04,合計,82856,5998.0
宮崎県,医療,合計,2021-06-11,1回目,51355,2379.0
宮崎県,医療,合計,2021-06-11,2回目,38451,4571.0
宮崎県,医療,合計,2021-06-11,合計,89806,6950.0
宮崎県,医療,合計,2021-06-18,1回目,53704,2349.0
宮崎県,医療,合計,2021-06-18,2回目,43941,5490.0
宮崎県,医療,合計,2021-06-18,合計,97645,7839.0
宮崎県,医療,合計,2021-06-25,1回目,56067,2363.0
宮崎県,医療,合計,2021-06-25,2回目,47316,3375.0
宮崎県,医療,合計,2021-06-25,合計,103383,5738.0
宮崎県,医療,合計,2021-07-02,1回目,57559,1492.0
宮崎県,医療,合計,2021-07-02,2回目,49156,1840.0
宮崎県,医療,合計,2021-07-02,合計,106715,3332.0
宮崎県,医療,合計,2021-07-12,1回目,58433,874.0
宮崎県,医療,合計,2021-07-12,2回目,51604,2448.0
宮崎県,医療,合計,2021-07-12,合計,110037,3322.0
宮崎県,医療,合計,2021-07-19,1回目,60197,1764.0
宮崎県,医療,合計,2021-07-19,2回目,52914,1310.0
宮崎県,医療,合計,2021-07-19,合計,113111,3074.0
宮崎県,医療,合計,2021-07-26,1回目,61273,1076.0
宮崎県,医療,合計,2021-07-26,2回目,54416,1502.0
宮崎県,医療,合計,2021-07-26,合計,115689,2578.0
宮崎県,医療,合計,2021-07-30,1回目,61886,613.0
宮崎県,医療,合計,2021-07-30,2回目,55916,1500.0
宮崎県,医療,合計,2021-07-30,合計,117802,2113.0
鹿児島県,医療,合計,2021-04-16,1回目,21689,21689.0
鹿児島県,医療,合計,2021-04-16,2回目,14758,14758.0
鹿児島県,医療,合計,2021-04-16,合計,36447,36447.0
鹿児島県,医療,合計,2021-04-23,1回目,33865,12176.0
鹿児島県,医療,合計,2021-04-23,2回目,17031,2273.0
鹿児島県,医療,合計,2021-04-23,合計,50896,14449.0
鹿児島県,医療,合計,2021-04-30,1回目,48427,14562.0
鹿児島県,医療,合計,2021-04-30,2回目,18159,1128.0
鹿児島県,医療,合計,2021-04-30,合計,66586,15690.0
鹿児島県,医療,合計,2021-05-07,1回目,54420,5993.0
鹿児島県,医療,合計,2021-05-07,2回目,19248,1089.0
鹿児島県,医療,合計,2021-05-07,合計,73668,7082.0
鹿児島県,医療,合計,2021-05-21,1回目,70529,16109.0
鹿児島県,医療,合計,2021-05-21,2回目,46970,27722.0
鹿児島県,医療,合計,2021-05-21,合計,117499,43831.0
鹿児島県,医療,合計,2021-05-28,1回目,76134,5605.0
鹿児島県,医療,合計,2021-05-28,2回目,52689,5719.0
鹿児島県,医療,合計,2021-05-28,合計,128823,11324.0
鹿児島県,医療,合計,2021-06-04,1回目,82563,6429.0
鹿児島県,医療,合計,2021-06-04,2回目,57710,5021.0
鹿児島県,医療,合計,2021-06-04,合計,140273,11450.0
鹿児島県,医療,合計,2021-06-11,1回目,88985,6422.0
鹿児島県,医療,合計,2021-06-11,2回目,66992,9282.0
鹿児島県,医療,合計,2021-06-11,合計,155977,15704.0
鹿児島県,医療,合計,2021-06-18,1回目,93344,4359.0
鹿児島県,医療,合計,2021-06-18,2回目,73299,6307.0
鹿児島県,医療,合計,2021-06-18,合計,166643,10666.0
鹿児島県,医療,合計,2021-06-25,1回目,98225,4881.0
鹿児島県,医療,合計,2021-06-25,2回目,79137,5838.0
鹿児島県,医療,合計,2021-06-25,合計,177362,10719.0
鹿児島県,医療,合計,2021-07-02,1回目,101497,3272.0
鹿児島県,医療,合計,2021-07-02,2回目,83861,4724.0
鹿児島県,医療,合計,2021-07-02,合計,185358,7996.0
鹿児島県,医療,合計,2021-07-12,1回目,104157,2660.0
鹿児島県,医療,合計,2021-07-12,2回目,88406,4545.0
鹿児島県,医療,合計,2021-07-12,合計,192563,7205.0
鹿児島県,医療,合計,2021-07-19,1回目,107582,3425.0
鹿児島県,医療,合計,2021-07-19,2回目,92299,3893.0
鹿児島県,医療,合計,2021-07-19,合計,199881,7318.0
鹿児島県,医療,合計,2021-07-26,1回目,108296,714.0
鹿児島県,医療,合計,2021-07-26,2回目,94031,1732.0
鹿児島県,医療,合計,2021-07-26,合計,202327,2446.0
鹿児島県,医療,合計,2021-07-30,1回目,109133,837.0
鹿児島県,医療,合計,2021-07-30,2回目,95738,1707.0
鹿児島県,医療,合計,2021-07-30,合計,204871,2544.0
沖縄県,医療,合計,2021-04-16,1回目,19673,19673.0
沖縄県,医療,合計,2021-04-16,2回目,10992,10992.0
沖縄県,医療,合計,2021-04-16,合計,30665,30665.0
沖縄県,医療,合計,2021-04-23,1回目,25171,5498.0
沖縄県,医療,合計,2021-04-23,2回目,14464,3472.0
沖縄県,医療,合計,2021-04-23,合計,39635,8970.0
沖縄県,医療,合計,2021-04-30,1回目,33452,8281.0
沖縄県,医療,合計,2021-04-30,2回目,17519,3055.0
沖縄県,医療,合計,2021-04-30,合計,50971,11336.0
沖縄県,医療,合計,2021-05-07,1回目,36373,2921.0
沖縄県,医療,合計,2021-05-07,2回目,18896,1377.0
沖縄県,医療,合計,2021-05-07,合計,55269,4298.0
沖縄県,医療,合計,2021-05-21,1回目,47740,11367.0
沖縄県,医療,合計,2021-05-21,2回目,31638,12742.0
沖縄県,医療,合計,2021-05-21,合計,79378,24109.0
沖縄県,医療,合計,2021-05-28,1回目,50762,3022.0
沖縄県,医療,合計,2021-05-28,2回目,35329,3691.0
沖縄県,医療,合計,2021-05-28,合計,86091,6713.0
沖縄県,医療,合計,2021-06-04,1回目,54078,3316.0
沖縄県,医療,合計,2021-06-04,2回目,40125,4796.0
沖縄県,医療,合計,2021-06-04,合計,94203,8112.0
沖縄県,医療,合計,2021-06-11,1回目,56183,2105.0
沖縄県,医療,合計,2021-06-11,2回目,44731,4606.0
沖縄県,医療,合計,2021-06-11,合計,100914,6711.0
沖縄県,医療,合計,2021-06-18,1回目,59252,3069.0
沖縄県,医療,合計,2021-06-18,2回目,47393,2662.0
沖縄県,医療,合計,2021-06-18,合計,106645,5731.0
沖縄県,医療,合計,2021-06-25,1回目,61868,2616.0
沖縄県,医療,合計,2021-06-25,2回目,49602,2209.0
沖縄県,医療,合計,2021-06-25,合計,111470,4825.0
沖縄県,医療,合計,2021-07-02,1回目,64290,2422.0
沖縄県,医療,合計,2021-07-02,2回目,53126,3524.0
沖縄県,医療,合計,2021-07-02,合計,117416,5946.0
沖縄県,医療,合計,2021-07-12,1回目,67817,3527.0
沖縄県,医療,合計,2021-07-12,2回目,55914,2788.0
沖縄県,医療,合計,2021-07-12,合計,123731,6315.0
沖縄県,医療,合計,2021-07-19,1回目,69682,1865.0
沖縄県,医療,合計,2021-07-19,2回目,57770,1856.0
沖縄県,医療,合計,2021-07-19,合計,127452,3721.0
沖縄県,医療,合計,2021-07-26,1回目,70218,536.0
沖縄県,医療,合計,2021-07-26,2回目,59344,1574.0
沖縄県,医療,合計,2021-07-26,合計,129562,2110.0
沖縄県,医療,合計,2021-07-30,1回目,71873,1655.0
沖縄県,医療,合計,2021-07-30,2回目,61780,2436.0
沖縄県,医療,合計,2021-07-30,合計,133653,4091.0
全国,医療,合計,2021-04-16,1回目,1198346,1198346.0
全国,医療,合計,2021-04-16,2回目,718396,718396.0
全国,医療,合計,2021-04-16,合計,1916742,1916742.0
全国,医療,合計,2021-04-23,1回目,1764504,566158.0
全国,医療,合計,2021-04-23,2回目,878734,160338.0
全国,医療,合計,2021-04-23,合計,2643238,726496.0
全国,医療,合計,2021-04-30,1回目,2579922,815418.0
全国,医療,合計,2021-04-30,2回目,1042998,164264.0
全国,医療,合計,2021-04-30,合計,3622920,979682.0
全国,医療,合計,2021-05-07,1回目,2946065,366143.0
全国,医療,合計,2021-05-07,2回目,1149113,106115.0
全国,医療,合計,2021-05-07,合計,4095178,472258.0
全国,医療,合計,2021-05-21,1回目,3965411,1019346.0
全国,医療,合計,2021-05-21,2回目,2472976,1323863.0
全国,医療,合計,2021-05-21,合計,6438387,2343209.0
全国,医療,合計,2021-05-28,1回目,4455174,489763.0
全国,医療,合計,2021-05-28,2回目,2905708,432732.0
全国,医療,合計,2021-05-28,合計,7360882,922495.0
全国,医療,合計,2021-06-04,1回目,4848351,393177.0
全国,医療,合計,2021-06-04,2回目,3406329,500621.0
全国,医療,合計,2021-06-04,合計,8254680,893798.0
全国,医療,合計,2021-06-11,1回目,5206824,358473.0
全国,医療,合計,2021-06-11,2回目,3901073,494744.0
全国,医療,合計,2021-06-11,合計,9107897,853217.0
全国,医療,合計,2021-06-18,1回目,5492156,285332.0
全国,医療,合計,2021-06-18,2回目,4320082,419009.0
全国,医療,合計,2021-06-18,合計,9812238,704341.0
全国,医療,合計,2021-06-25,1回目,5763903,271747.0
全国,医療,合計,2021-06-25,2回目,4690512,370430.0
全国,医療,合計,2021-06-25,合計,10454415,642177.0
全国,医療,合計,2021-07-02,1回目,5977868,213965.0
全国,医療,合計,2021-07-02,2回目,4986483,295971.0
全国,医療,合計,2021-07-02,合計,10964351,509936.0
全国,医療,合計,2021-07-12,1回目,6187797,209929.0
全国,医療,合計,2021-07-12,2回目,5259713,273230.0
全国,医療,合計,2021-07-12,合計,11447510,483159.0
全国,医療,合計,2021-07-19,1回目,6368336,180539.0
全国,医療,合計,2021-07-19,2回目,5480101,220388.0
全国,医療,合計,2021-07-19,合計,11848437,400927.0
全国,医療,合計,2021-07-26,1回目,6457054,88718.0
全国,医療,合計,2021-07-26,2回目,5623988,143887.0
全国,医療,合計,2021-07-26,合計,12081042,232605.0
全国,医療,合計,2021-07-30,1回目,6532164,75110.0
全国,医療,合計,2021-07-30,2回目,5761951,137963.0
全国,医療,合計,2021-07-30,合計,12294115,213073.0